# UNIFIED_GRID=[0.5, 1, 2, 5, 10, 20, 50, 100, 200, 500, 1000, 1500] applied to ALL 6 formulations
# EXTENSION over scvi_final_manifest.tsv: NEW_ADV=[0.5, 1, 2, 10, 100, 200, 500, 1000, 1500] NEW_CF=[0.5, 1, 2, 5, 10, 20, 100, 1000]
# 8 datasets x 2 decoders x 5 seeds
model	cond	adv	lam	di	seed	dataset	dec	tag
LinearSCVI	0	discriminator	0.5	1	0	pancreas	lin	pancreas_XZ_lin_uncond_discriminator_lam0.5_s0
LinearSCVI	0	discriminator	1	1	0	pancreas	lin	pancreas_XZ_lin_uncond_discriminator_lam1_s0
LinearSCVI	0	discriminator	2	1	0	pancreas	lin	pancreas_XZ_lin_uncond_discriminator_lam2_s0
LinearSCVI	0	discriminator	10	1	0	pancreas	lin	pancreas_XZ_lin_uncond_discriminator_lam10_s0
LinearSCVI	0	discriminator	100	1	0	pancreas	lin	pancreas_XZ_lin_uncond_discriminator_lam100_s0
LinearSCVI	0	discriminator	200	1	0	pancreas	lin	pancreas_XZ_lin_uncond_discriminator_lam200_s0
LinearSCVI	0	discriminator	500	1	0	pancreas	lin	pancreas_XZ_lin_uncond_discriminator_lam500_s0
LinearSCVI	0	discriminator	1000	1	0	pancreas	lin	pancreas_XZ_lin_uncond_discriminator_lam1000_s0
LinearSCVI	0	discriminator	1500	1	0	pancreas	lin	pancreas_XZ_lin_uncond_discriminator_lam1500_s0
LinearSCVI	0	reference	0.5	10	0	pancreas	lin	pancreas_XZ_lin_uncond_reference_lam0.5_s0
LinearSCVI	0	reference	1	10	0	pancreas	lin	pancreas_XZ_lin_uncond_reference_lam1_s0
LinearSCVI	0	reference	2	10	0	pancreas	lin	pancreas_XZ_lin_uncond_reference_lam2_s0
LinearSCVI	0	reference	10	10	0	pancreas	lin	pancreas_XZ_lin_uncond_reference_lam10_s0
LinearSCVI	0	reference	100	10	0	pancreas	lin	pancreas_XZ_lin_uncond_reference_lam100_s0
LinearSCVI	0	reference	200	10	0	pancreas	lin	pancreas_XZ_lin_uncond_reference_lam200_s0
LinearSCVI	0	reference	500	10	0	pancreas	lin	pancreas_XZ_lin_uncond_reference_lam500_s0
LinearSCVI	0	reference	1000	10	0	pancreas	lin	pancreas_XZ_lin_uncond_reference_lam1000_s0
LinearSCVI	0	reference	1500	10	0	pancreas	lin	pancreas_XZ_lin_uncond_reference_lam1500_s0
LinearSCVI	0	pooled	0.5	10	0	pancreas	lin	pancreas_XZ_lin_uncond_pooled_lam0.5_s0
LinearSCVI	0	pooled	1	10	0	pancreas	lin	pancreas_XZ_lin_uncond_pooled_lam1_s0
LinearSCVI	0	pooled	2	10	0	pancreas	lin	pancreas_XZ_lin_uncond_pooled_lam2_s0
LinearSCVI	0	pooled	10	10	0	pancreas	lin	pancreas_XZ_lin_uncond_pooled_lam10_s0
LinearSCVI	0	pooled	100	10	0	pancreas	lin	pancreas_XZ_lin_uncond_pooled_lam100_s0
LinearSCVI	0	pooled	200	10	0	pancreas	lin	pancreas_XZ_lin_uncond_pooled_lam200_s0
LinearSCVI	0	pooled	500	10	0	pancreas	lin	pancreas_XZ_lin_uncond_pooled_lam500_s0
LinearSCVI	0	pooled	1000	10	0	pancreas	lin	pancreas_XZ_lin_uncond_pooled_lam1000_s0
LinearSCVI	0	pooled	1500	10	0	pancreas	lin	pancreas_XZ_lin_uncond_pooled_lam1500_s0
LinearSCVI	0	barycenter	0.5	10	0	pancreas	lin	pancreas_XZ_lin_uncond_barycenter_lam0.5_s0
LinearSCVI	0	barycenter	1	10	0	pancreas	lin	pancreas_XZ_lin_uncond_barycenter_lam1_s0
LinearSCVI	0	barycenter	2	10	0	pancreas	lin	pancreas_XZ_lin_uncond_barycenter_lam2_s0
LinearSCVI	0	barycenter	10	10	0	pancreas	lin	pancreas_XZ_lin_uncond_barycenter_lam10_s0
LinearSCVI	0	barycenter	100	10	0	pancreas	lin	pancreas_XZ_lin_uncond_barycenter_lam100_s0
LinearSCVI	0	barycenter	200	10	0	pancreas	lin	pancreas_XZ_lin_uncond_barycenter_lam200_s0
LinearSCVI	0	barycenter	500	10	0	pancreas	lin	pancreas_XZ_lin_uncond_barycenter_lam500_s0
LinearSCVI	0	barycenter	1000	10	0	pancreas	lin	pancreas_XZ_lin_uncond_barycenter_lam1000_s0
LinearSCVI	0	barycenter	1500	10	0	pancreas	lin	pancreas_XZ_lin_uncond_barycenter_lam1500_s0
LinearSCVI	0	discriminator	0.5	1	1	pancreas	lin	pancreas_XZ_lin_uncond_discriminator_lam0.5_s1
LinearSCVI	0	discriminator	1	1	1	pancreas	lin	pancreas_XZ_lin_uncond_discriminator_lam1_s1
LinearSCVI	0	discriminator	2	1	1	pancreas	lin	pancreas_XZ_lin_uncond_discriminator_lam2_s1
LinearSCVI	0	discriminator	10	1	1	pancreas	lin	pancreas_XZ_lin_uncond_discriminator_lam10_s1
LinearSCVI	0	discriminator	100	1	1	pancreas	lin	pancreas_XZ_lin_uncond_discriminator_lam100_s1
LinearSCVI	0	discriminator	200	1	1	pancreas	lin	pancreas_XZ_lin_uncond_discriminator_lam200_s1
LinearSCVI	0	discriminator	500	1	1	pancreas	lin	pancreas_XZ_lin_uncond_discriminator_lam500_s1
LinearSCVI	0	discriminator	1000	1	1	pancreas	lin	pancreas_XZ_lin_uncond_discriminator_lam1000_s1
LinearSCVI	0	discriminator	1500	1	1	pancreas	lin	pancreas_XZ_lin_uncond_discriminator_lam1500_s1
LinearSCVI	0	reference	0.5	10	1	pancreas	lin	pancreas_XZ_lin_uncond_reference_lam0.5_s1
LinearSCVI	0	reference	1	10	1	pancreas	lin	pancreas_XZ_lin_uncond_reference_lam1_s1
LinearSCVI	0	reference	2	10	1	pancreas	lin	pancreas_XZ_lin_uncond_reference_lam2_s1
LinearSCVI	0	reference	10	10	1	pancreas	lin	pancreas_XZ_lin_uncond_reference_lam10_s1
LinearSCVI	0	reference	100	10	1	pancreas	lin	pancreas_XZ_lin_uncond_reference_lam100_s1
LinearSCVI	0	reference	200	10	1	pancreas	lin	pancreas_XZ_lin_uncond_reference_lam200_s1
LinearSCVI	0	reference	500	10	1	pancreas	lin	pancreas_XZ_lin_uncond_reference_lam500_s1
LinearSCVI	0	reference	1000	10	1	pancreas	lin	pancreas_XZ_lin_uncond_reference_lam1000_s1
LinearSCVI	0	reference	1500	10	1	pancreas	lin	pancreas_XZ_lin_uncond_reference_lam1500_s1
LinearSCVI	0	pooled	0.5	10	1	pancreas	lin	pancreas_XZ_lin_uncond_pooled_lam0.5_s1
LinearSCVI	0	pooled	1	10	1	pancreas	lin	pancreas_XZ_lin_uncond_pooled_lam1_s1
LinearSCVI	0	pooled	2	10	1	pancreas	lin	pancreas_XZ_lin_uncond_pooled_lam2_s1
LinearSCVI	0	pooled	10	10	1	pancreas	lin	pancreas_XZ_lin_uncond_pooled_lam10_s1
LinearSCVI	0	pooled	100	10	1	pancreas	lin	pancreas_XZ_lin_uncond_pooled_lam100_s1
LinearSCVI	0	pooled	200	10	1	pancreas	lin	pancreas_XZ_lin_uncond_pooled_lam200_s1
LinearSCVI	0	pooled	500	10	1	pancreas	lin	pancreas_XZ_lin_uncond_pooled_lam500_s1
LinearSCVI	0	pooled	1000	10	1	pancreas	lin	pancreas_XZ_lin_uncond_pooled_lam1000_s1
LinearSCVI	0	pooled	1500	10	1	pancreas	lin	pancreas_XZ_lin_uncond_pooled_lam1500_s1
LinearSCVI	0	barycenter	0.5	10	1	pancreas	lin	pancreas_XZ_lin_uncond_barycenter_lam0.5_s1
LinearSCVI	0	barycenter	1	10	1	pancreas	lin	pancreas_XZ_lin_uncond_barycenter_lam1_s1
LinearSCVI	0	barycenter	2	10	1	pancreas	lin	pancreas_XZ_lin_uncond_barycenter_lam2_s1
LinearSCVI	0	barycenter	10	10	1	pancreas	lin	pancreas_XZ_lin_uncond_barycenter_lam10_s1
LinearSCVI	0	barycenter	100	10	1	pancreas	lin	pancreas_XZ_lin_uncond_barycenter_lam100_s1
LinearSCVI	0	barycenter	200	10	1	pancreas	lin	pancreas_XZ_lin_uncond_barycenter_lam200_s1
LinearSCVI	0	barycenter	500	10	1	pancreas	lin	pancreas_XZ_lin_uncond_barycenter_lam500_s1
LinearSCVI	0	barycenter	1000	10	1	pancreas	lin	pancreas_XZ_lin_uncond_barycenter_lam1000_s1
LinearSCVI	0	barycenter	1500	10	1	pancreas	lin	pancreas_XZ_lin_uncond_barycenter_lam1500_s1
LinearSCVI	0	discriminator	0.5	1	2	pancreas	lin	pancreas_XZ_lin_uncond_discriminator_lam0.5_s2
LinearSCVI	0	discriminator	1	1	2	pancreas	lin	pancreas_XZ_lin_uncond_discriminator_lam1_s2
LinearSCVI	0	discriminator	2	1	2	pancreas	lin	pancreas_XZ_lin_uncond_discriminator_lam2_s2
LinearSCVI	0	discriminator	10	1	2	pancreas	lin	pancreas_XZ_lin_uncond_discriminator_lam10_s2
LinearSCVI	0	discriminator	100	1	2	pancreas	lin	pancreas_XZ_lin_uncond_discriminator_lam100_s2
LinearSCVI	0	discriminator	200	1	2	pancreas	lin	pancreas_XZ_lin_uncond_discriminator_lam200_s2
LinearSCVI	0	discriminator	500	1	2	pancreas	lin	pancreas_XZ_lin_uncond_discriminator_lam500_s2
LinearSCVI	0	discriminator	1000	1	2	pancreas	lin	pancreas_XZ_lin_uncond_discriminator_lam1000_s2
LinearSCVI	0	discriminator	1500	1	2	pancreas	lin	pancreas_XZ_lin_uncond_discriminator_lam1500_s2
LinearSCVI	0	reference	0.5	10	2	pancreas	lin	pancreas_XZ_lin_uncond_reference_lam0.5_s2
LinearSCVI	0	reference	1	10	2	pancreas	lin	pancreas_XZ_lin_uncond_reference_lam1_s2
LinearSCVI	0	reference	2	10	2	pancreas	lin	pancreas_XZ_lin_uncond_reference_lam2_s2
LinearSCVI	0	reference	10	10	2	pancreas	lin	pancreas_XZ_lin_uncond_reference_lam10_s2
LinearSCVI	0	reference	100	10	2	pancreas	lin	pancreas_XZ_lin_uncond_reference_lam100_s2
LinearSCVI	0	reference	200	10	2	pancreas	lin	pancreas_XZ_lin_uncond_reference_lam200_s2
LinearSCVI	0	reference	500	10	2	pancreas	lin	pancreas_XZ_lin_uncond_reference_lam500_s2
LinearSCVI	0	reference	1000	10	2	pancreas	lin	pancreas_XZ_lin_uncond_reference_lam1000_s2
LinearSCVI	0	reference	1500	10	2	pancreas	lin	pancreas_XZ_lin_uncond_reference_lam1500_s2
LinearSCVI	0	pooled	0.5	10	2	pancreas	lin	pancreas_XZ_lin_uncond_pooled_lam0.5_s2
LinearSCVI	0	pooled	1	10	2	pancreas	lin	pancreas_XZ_lin_uncond_pooled_lam1_s2
LinearSCVI	0	pooled	2	10	2	pancreas	lin	pancreas_XZ_lin_uncond_pooled_lam2_s2
LinearSCVI	0	pooled	10	10	2	pancreas	lin	pancreas_XZ_lin_uncond_pooled_lam10_s2
LinearSCVI	0	pooled	100	10	2	pancreas	lin	pancreas_XZ_lin_uncond_pooled_lam100_s2
LinearSCVI	0	pooled	200	10	2	pancreas	lin	pancreas_XZ_lin_uncond_pooled_lam200_s2
LinearSCVI	0	pooled	500	10	2	pancreas	lin	pancreas_XZ_lin_uncond_pooled_lam500_s2
LinearSCVI	0	pooled	1000	10	2	pancreas	lin	pancreas_XZ_lin_uncond_pooled_lam1000_s2
LinearSCVI	0	pooled	1500	10	2	pancreas	lin	pancreas_XZ_lin_uncond_pooled_lam1500_s2
LinearSCVI	0	barycenter	0.5	10	2	pancreas	lin	pancreas_XZ_lin_uncond_barycenter_lam0.5_s2
LinearSCVI	0	barycenter	1	10	2	pancreas	lin	pancreas_XZ_lin_uncond_barycenter_lam1_s2
LinearSCVI	0	barycenter	2	10	2	pancreas	lin	pancreas_XZ_lin_uncond_barycenter_lam2_s2
LinearSCVI	0	barycenter	10	10	2	pancreas	lin	pancreas_XZ_lin_uncond_barycenter_lam10_s2
LinearSCVI	0	barycenter	100	10	2	pancreas	lin	pancreas_XZ_lin_uncond_barycenter_lam100_s2
LinearSCVI	0	barycenter	200	10	2	pancreas	lin	pancreas_XZ_lin_uncond_barycenter_lam200_s2
LinearSCVI	0	barycenter	500	10	2	pancreas	lin	pancreas_XZ_lin_uncond_barycenter_lam500_s2
LinearSCVI	0	barycenter	1000	10	2	pancreas	lin	pancreas_XZ_lin_uncond_barycenter_lam1000_s2
LinearSCVI	0	barycenter	1500	10	2	pancreas	lin	pancreas_XZ_lin_uncond_barycenter_lam1500_s2
LinearSCVI	0	discriminator	0.5	1	3	pancreas	lin	pancreas_XZ_lin_uncond_discriminator_lam0.5_s3
LinearSCVI	0	discriminator	1	1	3	pancreas	lin	pancreas_XZ_lin_uncond_discriminator_lam1_s3
LinearSCVI	0	discriminator	2	1	3	pancreas	lin	pancreas_XZ_lin_uncond_discriminator_lam2_s3
LinearSCVI	0	discriminator	10	1	3	pancreas	lin	pancreas_XZ_lin_uncond_discriminator_lam10_s3
LinearSCVI	0	discriminator	100	1	3	pancreas	lin	pancreas_XZ_lin_uncond_discriminator_lam100_s3
LinearSCVI	0	discriminator	200	1	3	pancreas	lin	pancreas_XZ_lin_uncond_discriminator_lam200_s3
LinearSCVI	0	discriminator	500	1	3	pancreas	lin	pancreas_XZ_lin_uncond_discriminator_lam500_s3
LinearSCVI	0	discriminator	1000	1	3	pancreas	lin	pancreas_XZ_lin_uncond_discriminator_lam1000_s3
LinearSCVI	0	discriminator	1500	1	3	pancreas	lin	pancreas_XZ_lin_uncond_discriminator_lam1500_s3
LinearSCVI	0	reference	0.5	10	3	pancreas	lin	pancreas_XZ_lin_uncond_reference_lam0.5_s3
LinearSCVI	0	reference	1	10	3	pancreas	lin	pancreas_XZ_lin_uncond_reference_lam1_s3
LinearSCVI	0	reference	2	10	3	pancreas	lin	pancreas_XZ_lin_uncond_reference_lam2_s3
LinearSCVI	0	reference	10	10	3	pancreas	lin	pancreas_XZ_lin_uncond_reference_lam10_s3
LinearSCVI	0	reference	100	10	3	pancreas	lin	pancreas_XZ_lin_uncond_reference_lam100_s3
LinearSCVI	0	reference	200	10	3	pancreas	lin	pancreas_XZ_lin_uncond_reference_lam200_s3
LinearSCVI	0	reference	500	10	3	pancreas	lin	pancreas_XZ_lin_uncond_reference_lam500_s3
LinearSCVI	0	reference	1000	10	3	pancreas	lin	pancreas_XZ_lin_uncond_reference_lam1000_s3
LinearSCVI	0	reference	1500	10	3	pancreas	lin	pancreas_XZ_lin_uncond_reference_lam1500_s3
LinearSCVI	0	pooled	0.5	10	3	pancreas	lin	pancreas_XZ_lin_uncond_pooled_lam0.5_s3
LinearSCVI	0	pooled	1	10	3	pancreas	lin	pancreas_XZ_lin_uncond_pooled_lam1_s3
LinearSCVI	0	pooled	2	10	3	pancreas	lin	pancreas_XZ_lin_uncond_pooled_lam2_s3
LinearSCVI	0	pooled	10	10	3	pancreas	lin	pancreas_XZ_lin_uncond_pooled_lam10_s3
LinearSCVI	0	pooled	100	10	3	pancreas	lin	pancreas_XZ_lin_uncond_pooled_lam100_s3
LinearSCVI	0	pooled	200	10	3	pancreas	lin	pancreas_XZ_lin_uncond_pooled_lam200_s3
LinearSCVI	0	pooled	500	10	3	pancreas	lin	pancreas_XZ_lin_uncond_pooled_lam500_s3
LinearSCVI	0	pooled	1000	10	3	pancreas	lin	pancreas_XZ_lin_uncond_pooled_lam1000_s3
LinearSCVI	0	pooled	1500	10	3	pancreas	lin	pancreas_XZ_lin_uncond_pooled_lam1500_s3
LinearSCVI	0	barycenter	0.5	10	3	pancreas	lin	pancreas_XZ_lin_uncond_barycenter_lam0.5_s3
LinearSCVI	0	barycenter	1	10	3	pancreas	lin	pancreas_XZ_lin_uncond_barycenter_lam1_s3
LinearSCVI	0	barycenter	2	10	3	pancreas	lin	pancreas_XZ_lin_uncond_barycenter_lam2_s3
LinearSCVI	0	barycenter	10	10	3	pancreas	lin	pancreas_XZ_lin_uncond_barycenter_lam10_s3
LinearSCVI	0	barycenter	100	10	3	pancreas	lin	pancreas_XZ_lin_uncond_barycenter_lam100_s3
LinearSCVI	0	barycenter	200	10	3	pancreas	lin	pancreas_XZ_lin_uncond_barycenter_lam200_s3
LinearSCVI	0	barycenter	500	10	3	pancreas	lin	pancreas_XZ_lin_uncond_barycenter_lam500_s3
LinearSCVI	0	barycenter	1000	10	3	pancreas	lin	pancreas_XZ_lin_uncond_barycenter_lam1000_s3
LinearSCVI	0	barycenter	1500	10	3	pancreas	lin	pancreas_XZ_lin_uncond_barycenter_lam1500_s3
LinearSCVI	0	discriminator	0.5	1	4	pancreas	lin	pancreas_XZ_lin_uncond_discriminator_lam0.5_s4
LinearSCVI	0	discriminator	1	1	4	pancreas	lin	pancreas_XZ_lin_uncond_discriminator_lam1_s4
LinearSCVI	0	discriminator	2	1	4	pancreas	lin	pancreas_XZ_lin_uncond_discriminator_lam2_s4
LinearSCVI	0	discriminator	10	1	4	pancreas	lin	pancreas_XZ_lin_uncond_discriminator_lam10_s4
LinearSCVI	0	discriminator	100	1	4	pancreas	lin	pancreas_XZ_lin_uncond_discriminator_lam100_s4
LinearSCVI	0	discriminator	200	1	4	pancreas	lin	pancreas_XZ_lin_uncond_discriminator_lam200_s4
LinearSCVI	0	discriminator	500	1	4	pancreas	lin	pancreas_XZ_lin_uncond_discriminator_lam500_s4
LinearSCVI	0	discriminator	1000	1	4	pancreas	lin	pancreas_XZ_lin_uncond_discriminator_lam1000_s4
LinearSCVI	0	discriminator	1500	1	4	pancreas	lin	pancreas_XZ_lin_uncond_discriminator_lam1500_s4
LinearSCVI	0	reference	0.5	10	4	pancreas	lin	pancreas_XZ_lin_uncond_reference_lam0.5_s4
LinearSCVI	0	reference	1	10	4	pancreas	lin	pancreas_XZ_lin_uncond_reference_lam1_s4
LinearSCVI	0	reference	2	10	4	pancreas	lin	pancreas_XZ_lin_uncond_reference_lam2_s4
LinearSCVI	0	reference	10	10	4	pancreas	lin	pancreas_XZ_lin_uncond_reference_lam10_s4
LinearSCVI	0	reference	100	10	4	pancreas	lin	pancreas_XZ_lin_uncond_reference_lam100_s4
LinearSCVI	0	reference	200	10	4	pancreas	lin	pancreas_XZ_lin_uncond_reference_lam200_s4
LinearSCVI	0	reference	500	10	4	pancreas	lin	pancreas_XZ_lin_uncond_reference_lam500_s4
LinearSCVI	0	reference	1000	10	4	pancreas	lin	pancreas_XZ_lin_uncond_reference_lam1000_s4
LinearSCVI	0	reference	1500	10	4	pancreas	lin	pancreas_XZ_lin_uncond_reference_lam1500_s4
LinearSCVI	0	pooled	0.5	10	4	pancreas	lin	pancreas_XZ_lin_uncond_pooled_lam0.5_s4
LinearSCVI	0	pooled	1	10	4	pancreas	lin	pancreas_XZ_lin_uncond_pooled_lam1_s4
LinearSCVI	0	pooled	2	10	4	pancreas	lin	pancreas_XZ_lin_uncond_pooled_lam2_s4
LinearSCVI	0	pooled	10	10	4	pancreas	lin	pancreas_XZ_lin_uncond_pooled_lam10_s4
LinearSCVI	0	pooled	100	10	4	pancreas	lin	pancreas_XZ_lin_uncond_pooled_lam100_s4
LinearSCVI	0	pooled	200	10	4	pancreas	lin	pancreas_XZ_lin_uncond_pooled_lam200_s4
LinearSCVI	0	pooled	500	10	4	pancreas	lin	pancreas_XZ_lin_uncond_pooled_lam500_s4
LinearSCVI	0	pooled	1000	10	4	pancreas	lin	pancreas_XZ_lin_uncond_pooled_lam1000_s4
LinearSCVI	0	pooled	1500	10	4	pancreas	lin	pancreas_XZ_lin_uncond_pooled_lam1500_s4
LinearSCVI	0	barycenter	0.5	10	4	pancreas	lin	pancreas_XZ_lin_uncond_barycenter_lam0.5_s4
LinearSCVI	0	barycenter	1	10	4	pancreas	lin	pancreas_XZ_lin_uncond_barycenter_lam1_s4
LinearSCVI	0	barycenter	2	10	4	pancreas	lin	pancreas_XZ_lin_uncond_barycenter_lam2_s4
LinearSCVI	0	barycenter	10	10	4	pancreas	lin	pancreas_XZ_lin_uncond_barycenter_lam10_s4
LinearSCVI	0	barycenter	100	10	4	pancreas	lin	pancreas_XZ_lin_uncond_barycenter_lam100_s4
LinearSCVI	0	barycenter	200	10	4	pancreas	lin	pancreas_XZ_lin_uncond_barycenter_lam200_s4
LinearSCVI	0	barycenter	500	10	4	pancreas	lin	pancreas_XZ_lin_uncond_barycenter_lam500_s4
LinearSCVI	0	barycenter	1000	10	4	pancreas	lin	pancreas_XZ_lin_uncond_barycenter_lam1000_s4
LinearSCVI	0	barycenter	1500	10	4	pancreas	lin	pancreas_XZ_lin_uncond_barycenter_lam1500_s4
SCVI	0	discriminator	0.5	1	0	pancreas	nl	pancreas_XZ_nl_uncond_discriminator_lam0.5_s0
SCVI	0	discriminator	1	1	0	pancreas	nl	pancreas_XZ_nl_uncond_discriminator_lam1_s0
SCVI	0	discriminator	2	1	0	pancreas	nl	pancreas_XZ_nl_uncond_discriminator_lam2_s0
SCVI	0	discriminator	10	1	0	pancreas	nl	pancreas_XZ_nl_uncond_discriminator_lam10_s0
SCVI	0	discriminator	100	1	0	pancreas	nl	pancreas_XZ_nl_uncond_discriminator_lam100_s0
SCVI	0	discriminator	200	1	0	pancreas	nl	pancreas_XZ_nl_uncond_discriminator_lam200_s0
SCVI	0	discriminator	500	1	0	pancreas	nl	pancreas_XZ_nl_uncond_discriminator_lam500_s0
SCVI	0	discriminator	1000	1	0	pancreas	nl	pancreas_XZ_nl_uncond_discriminator_lam1000_s0
SCVI	0	discriminator	1500	1	0	pancreas	nl	pancreas_XZ_nl_uncond_discriminator_lam1500_s0
SCVI	0	reference	0.5	10	0	pancreas	nl	pancreas_XZ_nl_uncond_reference_lam0.5_s0
SCVI	0	reference	1	10	0	pancreas	nl	pancreas_XZ_nl_uncond_reference_lam1_s0
SCVI	0	reference	2	10	0	pancreas	nl	pancreas_XZ_nl_uncond_reference_lam2_s0
SCVI	0	reference	10	10	0	pancreas	nl	pancreas_XZ_nl_uncond_reference_lam10_s0
SCVI	0	reference	100	10	0	pancreas	nl	pancreas_XZ_nl_uncond_reference_lam100_s0
SCVI	0	reference	200	10	0	pancreas	nl	pancreas_XZ_nl_uncond_reference_lam200_s0
SCVI	0	reference	500	10	0	pancreas	nl	pancreas_XZ_nl_uncond_reference_lam500_s0
SCVI	0	reference	1000	10	0	pancreas	nl	pancreas_XZ_nl_uncond_reference_lam1000_s0
SCVI	0	reference	1500	10	0	pancreas	nl	pancreas_XZ_nl_uncond_reference_lam1500_s0
SCVI	0	pooled	0.5	10	0	pancreas	nl	pancreas_XZ_nl_uncond_pooled_lam0.5_s0
SCVI	0	pooled	1	10	0	pancreas	nl	pancreas_XZ_nl_uncond_pooled_lam1_s0
SCVI	0	pooled	2	10	0	pancreas	nl	pancreas_XZ_nl_uncond_pooled_lam2_s0
SCVI	0	pooled	10	10	0	pancreas	nl	pancreas_XZ_nl_uncond_pooled_lam10_s0
SCVI	0	pooled	100	10	0	pancreas	nl	pancreas_XZ_nl_uncond_pooled_lam100_s0
SCVI	0	pooled	200	10	0	pancreas	nl	pancreas_XZ_nl_uncond_pooled_lam200_s0
SCVI	0	pooled	500	10	0	pancreas	nl	pancreas_XZ_nl_uncond_pooled_lam500_s0
SCVI	0	pooled	1000	10	0	pancreas	nl	pancreas_XZ_nl_uncond_pooled_lam1000_s0
SCVI	0	pooled	1500	10	0	pancreas	nl	pancreas_XZ_nl_uncond_pooled_lam1500_s0
SCVI	0	barycenter	0.5	10	0	pancreas	nl	pancreas_XZ_nl_uncond_barycenter_lam0.5_s0
SCVI	0	barycenter	1	10	0	pancreas	nl	pancreas_XZ_nl_uncond_barycenter_lam1_s0
SCVI	0	barycenter	2	10	0	pancreas	nl	pancreas_XZ_nl_uncond_barycenter_lam2_s0
SCVI	0	barycenter	10	10	0	pancreas	nl	pancreas_XZ_nl_uncond_barycenter_lam10_s0
SCVI	0	barycenter	100	10	0	pancreas	nl	pancreas_XZ_nl_uncond_barycenter_lam100_s0
SCVI	0	barycenter	200	10	0	pancreas	nl	pancreas_XZ_nl_uncond_barycenter_lam200_s0
SCVI	0	barycenter	500	10	0	pancreas	nl	pancreas_XZ_nl_uncond_barycenter_lam500_s0
SCVI	0	barycenter	1000	10	0	pancreas	nl	pancreas_XZ_nl_uncond_barycenter_lam1000_s0
SCVI	0	barycenter	1500	10	0	pancreas	nl	pancreas_XZ_nl_uncond_barycenter_lam1500_s0
SCVI	0	discriminator	0.5	1	1	pancreas	nl	pancreas_XZ_nl_uncond_discriminator_lam0.5_s1
SCVI	0	discriminator	1	1	1	pancreas	nl	pancreas_XZ_nl_uncond_discriminator_lam1_s1
SCVI	0	discriminator	2	1	1	pancreas	nl	pancreas_XZ_nl_uncond_discriminator_lam2_s1
SCVI	0	discriminator	10	1	1	pancreas	nl	pancreas_XZ_nl_uncond_discriminator_lam10_s1
SCVI	0	discriminator	100	1	1	pancreas	nl	pancreas_XZ_nl_uncond_discriminator_lam100_s1
SCVI	0	discriminator	200	1	1	pancreas	nl	pancreas_XZ_nl_uncond_discriminator_lam200_s1
SCVI	0	discriminator	500	1	1	pancreas	nl	pancreas_XZ_nl_uncond_discriminator_lam500_s1
SCVI	0	discriminator	1000	1	1	pancreas	nl	pancreas_XZ_nl_uncond_discriminator_lam1000_s1
SCVI	0	discriminator	1500	1	1	pancreas	nl	pancreas_XZ_nl_uncond_discriminator_lam1500_s1
SCVI	0	reference	0.5	10	1	pancreas	nl	pancreas_XZ_nl_uncond_reference_lam0.5_s1
SCVI	0	reference	1	10	1	pancreas	nl	pancreas_XZ_nl_uncond_reference_lam1_s1
SCVI	0	reference	2	10	1	pancreas	nl	pancreas_XZ_nl_uncond_reference_lam2_s1
SCVI	0	reference	10	10	1	pancreas	nl	pancreas_XZ_nl_uncond_reference_lam10_s1
SCVI	0	reference	100	10	1	pancreas	nl	pancreas_XZ_nl_uncond_reference_lam100_s1
SCVI	0	reference	200	10	1	pancreas	nl	pancreas_XZ_nl_uncond_reference_lam200_s1
SCVI	0	reference	500	10	1	pancreas	nl	pancreas_XZ_nl_uncond_reference_lam500_s1
SCVI	0	reference	1000	10	1	pancreas	nl	pancreas_XZ_nl_uncond_reference_lam1000_s1
SCVI	0	reference	1500	10	1	pancreas	nl	pancreas_XZ_nl_uncond_reference_lam1500_s1
SCVI	0	pooled	0.5	10	1	pancreas	nl	pancreas_XZ_nl_uncond_pooled_lam0.5_s1
SCVI	0	pooled	1	10	1	pancreas	nl	pancreas_XZ_nl_uncond_pooled_lam1_s1
SCVI	0	pooled	2	10	1	pancreas	nl	pancreas_XZ_nl_uncond_pooled_lam2_s1
SCVI	0	pooled	10	10	1	pancreas	nl	pancreas_XZ_nl_uncond_pooled_lam10_s1
SCVI	0	pooled	100	10	1	pancreas	nl	pancreas_XZ_nl_uncond_pooled_lam100_s1
SCVI	0	pooled	200	10	1	pancreas	nl	pancreas_XZ_nl_uncond_pooled_lam200_s1
SCVI	0	pooled	500	10	1	pancreas	nl	pancreas_XZ_nl_uncond_pooled_lam500_s1
SCVI	0	pooled	1000	10	1	pancreas	nl	pancreas_XZ_nl_uncond_pooled_lam1000_s1
SCVI	0	pooled	1500	10	1	pancreas	nl	pancreas_XZ_nl_uncond_pooled_lam1500_s1
SCVI	0	barycenter	0.5	10	1	pancreas	nl	pancreas_XZ_nl_uncond_barycenter_lam0.5_s1
SCVI	0	barycenter	1	10	1	pancreas	nl	pancreas_XZ_nl_uncond_barycenter_lam1_s1
SCVI	0	barycenter	2	10	1	pancreas	nl	pancreas_XZ_nl_uncond_barycenter_lam2_s1
SCVI	0	barycenter	10	10	1	pancreas	nl	pancreas_XZ_nl_uncond_barycenter_lam10_s1
SCVI	0	barycenter	100	10	1	pancreas	nl	pancreas_XZ_nl_uncond_barycenter_lam100_s1
SCVI	0	barycenter	200	10	1	pancreas	nl	pancreas_XZ_nl_uncond_barycenter_lam200_s1
SCVI	0	barycenter	500	10	1	pancreas	nl	pancreas_XZ_nl_uncond_barycenter_lam500_s1
SCVI	0	barycenter	1000	10	1	pancreas	nl	pancreas_XZ_nl_uncond_barycenter_lam1000_s1
SCVI	0	barycenter	1500	10	1	pancreas	nl	pancreas_XZ_nl_uncond_barycenter_lam1500_s1
SCVI	0	discriminator	0.5	1	2	pancreas	nl	pancreas_XZ_nl_uncond_discriminator_lam0.5_s2
SCVI	0	discriminator	1	1	2	pancreas	nl	pancreas_XZ_nl_uncond_discriminator_lam1_s2
SCVI	0	discriminator	2	1	2	pancreas	nl	pancreas_XZ_nl_uncond_discriminator_lam2_s2
SCVI	0	discriminator	10	1	2	pancreas	nl	pancreas_XZ_nl_uncond_discriminator_lam10_s2
SCVI	0	discriminator	100	1	2	pancreas	nl	pancreas_XZ_nl_uncond_discriminator_lam100_s2
SCVI	0	discriminator	200	1	2	pancreas	nl	pancreas_XZ_nl_uncond_discriminator_lam200_s2
SCVI	0	discriminator	500	1	2	pancreas	nl	pancreas_XZ_nl_uncond_discriminator_lam500_s2
SCVI	0	discriminator	1000	1	2	pancreas	nl	pancreas_XZ_nl_uncond_discriminator_lam1000_s2
SCVI	0	discriminator	1500	1	2	pancreas	nl	pancreas_XZ_nl_uncond_discriminator_lam1500_s2
SCVI	0	reference	0.5	10	2	pancreas	nl	pancreas_XZ_nl_uncond_reference_lam0.5_s2
SCVI	0	reference	1	10	2	pancreas	nl	pancreas_XZ_nl_uncond_reference_lam1_s2
SCVI	0	reference	2	10	2	pancreas	nl	pancreas_XZ_nl_uncond_reference_lam2_s2
SCVI	0	reference	10	10	2	pancreas	nl	pancreas_XZ_nl_uncond_reference_lam10_s2
SCVI	0	reference	100	10	2	pancreas	nl	pancreas_XZ_nl_uncond_reference_lam100_s2
SCVI	0	reference	200	10	2	pancreas	nl	pancreas_XZ_nl_uncond_reference_lam200_s2
SCVI	0	reference	500	10	2	pancreas	nl	pancreas_XZ_nl_uncond_reference_lam500_s2
SCVI	0	reference	1000	10	2	pancreas	nl	pancreas_XZ_nl_uncond_reference_lam1000_s2
SCVI	0	reference	1500	10	2	pancreas	nl	pancreas_XZ_nl_uncond_reference_lam1500_s2
SCVI	0	pooled	0.5	10	2	pancreas	nl	pancreas_XZ_nl_uncond_pooled_lam0.5_s2
SCVI	0	pooled	1	10	2	pancreas	nl	pancreas_XZ_nl_uncond_pooled_lam1_s2
SCVI	0	pooled	2	10	2	pancreas	nl	pancreas_XZ_nl_uncond_pooled_lam2_s2
SCVI	0	pooled	10	10	2	pancreas	nl	pancreas_XZ_nl_uncond_pooled_lam10_s2
SCVI	0	pooled	100	10	2	pancreas	nl	pancreas_XZ_nl_uncond_pooled_lam100_s2
SCVI	0	pooled	200	10	2	pancreas	nl	pancreas_XZ_nl_uncond_pooled_lam200_s2
SCVI	0	pooled	500	10	2	pancreas	nl	pancreas_XZ_nl_uncond_pooled_lam500_s2
SCVI	0	pooled	1000	10	2	pancreas	nl	pancreas_XZ_nl_uncond_pooled_lam1000_s2
SCVI	0	pooled	1500	10	2	pancreas	nl	pancreas_XZ_nl_uncond_pooled_lam1500_s2
SCVI	0	barycenter	0.5	10	2	pancreas	nl	pancreas_XZ_nl_uncond_barycenter_lam0.5_s2
SCVI	0	barycenter	1	10	2	pancreas	nl	pancreas_XZ_nl_uncond_barycenter_lam1_s2
SCVI	0	barycenter	2	10	2	pancreas	nl	pancreas_XZ_nl_uncond_barycenter_lam2_s2
SCVI	0	barycenter	10	10	2	pancreas	nl	pancreas_XZ_nl_uncond_barycenter_lam10_s2
SCVI	0	barycenter	100	10	2	pancreas	nl	pancreas_XZ_nl_uncond_barycenter_lam100_s2
SCVI	0	barycenter	200	10	2	pancreas	nl	pancreas_XZ_nl_uncond_barycenter_lam200_s2
SCVI	0	barycenter	500	10	2	pancreas	nl	pancreas_XZ_nl_uncond_barycenter_lam500_s2
SCVI	0	barycenter	1000	10	2	pancreas	nl	pancreas_XZ_nl_uncond_barycenter_lam1000_s2
SCVI	0	barycenter	1500	10	2	pancreas	nl	pancreas_XZ_nl_uncond_barycenter_lam1500_s2
SCVI	0	discriminator	0.5	1	3	pancreas	nl	pancreas_XZ_nl_uncond_discriminator_lam0.5_s3
SCVI	0	discriminator	1	1	3	pancreas	nl	pancreas_XZ_nl_uncond_discriminator_lam1_s3
SCVI	0	discriminator	2	1	3	pancreas	nl	pancreas_XZ_nl_uncond_discriminator_lam2_s3
SCVI	0	discriminator	10	1	3	pancreas	nl	pancreas_XZ_nl_uncond_discriminator_lam10_s3
SCVI	0	discriminator	100	1	3	pancreas	nl	pancreas_XZ_nl_uncond_discriminator_lam100_s3
SCVI	0	discriminator	200	1	3	pancreas	nl	pancreas_XZ_nl_uncond_discriminator_lam200_s3
SCVI	0	discriminator	500	1	3	pancreas	nl	pancreas_XZ_nl_uncond_discriminator_lam500_s3
SCVI	0	discriminator	1000	1	3	pancreas	nl	pancreas_XZ_nl_uncond_discriminator_lam1000_s3
SCVI	0	discriminator	1500	1	3	pancreas	nl	pancreas_XZ_nl_uncond_discriminator_lam1500_s3
SCVI	0	reference	0.5	10	3	pancreas	nl	pancreas_XZ_nl_uncond_reference_lam0.5_s3
SCVI	0	reference	1	10	3	pancreas	nl	pancreas_XZ_nl_uncond_reference_lam1_s3
SCVI	0	reference	2	10	3	pancreas	nl	pancreas_XZ_nl_uncond_reference_lam2_s3
SCVI	0	reference	10	10	3	pancreas	nl	pancreas_XZ_nl_uncond_reference_lam10_s3
SCVI	0	reference	100	10	3	pancreas	nl	pancreas_XZ_nl_uncond_reference_lam100_s3
SCVI	0	reference	200	10	3	pancreas	nl	pancreas_XZ_nl_uncond_reference_lam200_s3
SCVI	0	reference	500	10	3	pancreas	nl	pancreas_XZ_nl_uncond_reference_lam500_s3
SCVI	0	reference	1000	10	3	pancreas	nl	pancreas_XZ_nl_uncond_reference_lam1000_s3
SCVI	0	reference	1500	10	3	pancreas	nl	pancreas_XZ_nl_uncond_reference_lam1500_s3
SCVI	0	pooled	0.5	10	3	pancreas	nl	pancreas_XZ_nl_uncond_pooled_lam0.5_s3
SCVI	0	pooled	1	10	3	pancreas	nl	pancreas_XZ_nl_uncond_pooled_lam1_s3
SCVI	0	pooled	2	10	3	pancreas	nl	pancreas_XZ_nl_uncond_pooled_lam2_s3
SCVI	0	pooled	10	10	3	pancreas	nl	pancreas_XZ_nl_uncond_pooled_lam10_s3
SCVI	0	pooled	100	10	3	pancreas	nl	pancreas_XZ_nl_uncond_pooled_lam100_s3
SCVI	0	pooled	200	10	3	pancreas	nl	pancreas_XZ_nl_uncond_pooled_lam200_s3
SCVI	0	pooled	500	10	3	pancreas	nl	pancreas_XZ_nl_uncond_pooled_lam500_s3
SCVI	0	pooled	1000	10	3	pancreas	nl	pancreas_XZ_nl_uncond_pooled_lam1000_s3
SCVI	0	pooled	1500	10	3	pancreas	nl	pancreas_XZ_nl_uncond_pooled_lam1500_s3
SCVI	0	barycenter	0.5	10	3	pancreas	nl	pancreas_XZ_nl_uncond_barycenter_lam0.5_s3
SCVI	0	barycenter	1	10	3	pancreas	nl	pancreas_XZ_nl_uncond_barycenter_lam1_s3
SCVI	0	barycenter	2	10	3	pancreas	nl	pancreas_XZ_nl_uncond_barycenter_lam2_s3
SCVI	0	barycenter	10	10	3	pancreas	nl	pancreas_XZ_nl_uncond_barycenter_lam10_s3
SCVI	0	barycenter	100	10	3	pancreas	nl	pancreas_XZ_nl_uncond_barycenter_lam100_s3
SCVI	0	barycenter	200	10	3	pancreas	nl	pancreas_XZ_nl_uncond_barycenter_lam200_s3
SCVI	0	barycenter	500	10	3	pancreas	nl	pancreas_XZ_nl_uncond_barycenter_lam500_s3
SCVI	0	barycenter	1000	10	3	pancreas	nl	pancreas_XZ_nl_uncond_barycenter_lam1000_s3
SCVI	0	barycenter	1500	10	3	pancreas	nl	pancreas_XZ_nl_uncond_barycenter_lam1500_s3
SCVI	0	discriminator	0.5	1	4	pancreas	nl	pancreas_XZ_nl_uncond_discriminator_lam0.5_s4
SCVI	0	discriminator	1	1	4	pancreas	nl	pancreas_XZ_nl_uncond_discriminator_lam1_s4
SCVI	0	discriminator	2	1	4	pancreas	nl	pancreas_XZ_nl_uncond_discriminator_lam2_s4
SCVI	0	discriminator	10	1	4	pancreas	nl	pancreas_XZ_nl_uncond_discriminator_lam10_s4
SCVI	0	discriminator	100	1	4	pancreas	nl	pancreas_XZ_nl_uncond_discriminator_lam100_s4
SCVI	0	discriminator	200	1	4	pancreas	nl	pancreas_XZ_nl_uncond_discriminator_lam200_s4
SCVI	0	discriminator	500	1	4	pancreas	nl	pancreas_XZ_nl_uncond_discriminator_lam500_s4
SCVI	0	discriminator	1000	1	4	pancreas	nl	pancreas_XZ_nl_uncond_discriminator_lam1000_s4
SCVI	0	discriminator	1500	1	4	pancreas	nl	pancreas_XZ_nl_uncond_discriminator_lam1500_s4
SCVI	0	reference	0.5	10	4	pancreas	nl	pancreas_XZ_nl_uncond_reference_lam0.5_s4
SCVI	0	reference	1	10	4	pancreas	nl	pancreas_XZ_nl_uncond_reference_lam1_s4
SCVI	0	reference	2	10	4	pancreas	nl	pancreas_XZ_nl_uncond_reference_lam2_s4
SCVI	0	reference	10	10	4	pancreas	nl	pancreas_XZ_nl_uncond_reference_lam10_s4
SCVI	0	reference	100	10	4	pancreas	nl	pancreas_XZ_nl_uncond_reference_lam100_s4
SCVI	0	reference	200	10	4	pancreas	nl	pancreas_XZ_nl_uncond_reference_lam200_s4
SCVI	0	reference	500	10	4	pancreas	nl	pancreas_XZ_nl_uncond_reference_lam500_s4
SCVI	0	reference	1000	10	4	pancreas	nl	pancreas_XZ_nl_uncond_reference_lam1000_s4
SCVI	0	reference	1500	10	4	pancreas	nl	pancreas_XZ_nl_uncond_reference_lam1500_s4
SCVI	0	pooled	0.5	10	4	pancreas	nl	pancreas_XZ_nl_uncond_pooled_lam0.5_s4
SCVI	0	pooled	1	10	4	pancreas	nl	pancreas_XZ_nl_uncond_pooled_lam1_s4
SCVI	0	pooled	2	10	4	pancreas	nl	pancreas_XZ_nl_uncond_pooled_lam2_s4
SCVI	0	pooled	10	10	4	pancreas	nl	pancreas_XZ_nl_uncond_pooled_lam10_s4
SCVI	0	pooled	100	10	4	pancreas	nl	pancreas_XZ_nl_uncond_pooled_lam100_s4
SCVI	0	pooled	200	10	4	pancreas	nl	pancreas_XZ_nl_uncond_pooled_lam200_s4
SCVI	0	pooled	500	10	4	pancreas	nl	pancreas_XZ_nl_uncond_pooled_lam500_s4
SCVI	0	pooled	1000	10	4	pancreas	nl	pancreas_XZ_nl_uncond_pooled_lam1000_s4
SCVI	0	pooled	1500	10	4	pancreas	nl	pancreas_XZ_nl_uncond_pooled_lam1500_s4
SCVI	0	barycenter	0.5	10	4	pancreas	nl	pancreas_XZ_nl_uncond_barycenter_lam0.5_s4
SCVI	0	barycenter	1	10	4	pancreas	nl	pancreas_XZ_nl_uncond_barycenter_lam1_s4
SCVI	0	barycenter	2	10	4	pancreas	nl	pancreas_XZ_nl_uncond_barycenter_lam2_s4
SCVI	0	barycenter	10	10	4	pancreas	nl	pancreas_XZ_nl_uncond_barycenter_lam10_s4
SCVI	0	barycenter	100	10	4	pancreas	nl	pancreas_XZ_nl_uncond_barycenter_lam100_s4
SCVI	0	barycenter	200	10	4	pancreas	nl	pancreas_XZ_nl_uncond_barycenter_lam200_s4
SCVI	0	barycenter	500	10	4	pancreas	nl	pancreas_XZ_nl_uncond_barycenter_lam500_s4
SCVI	0	barycenter	1000	10	4	pancreas	nl	pancreas_XZ_nl_uncond_barycenter_lam1000_s4
SCVI	0	barycenter	1500	10	4	pancreas	nl	pancreas_XZ_nl_uncond_barycenter_lam1500_s4
LinearSCVI	0	discriminator	0.5	1	0	immune	lin	immune_XZ_lin_uncond_discriminator_lam0.5_s0
LinearSCVI	0	discriminator	1	1	0	immune	lin	immune_XZ_lin_uncond_discriminator_lam1_s0
LinearSCVI	0	discriminator	2	1	0	immune	lin	immune_XZ_lin_uncond_discriminator_lam2_s0
LinearSCVI	0	discriminator	10	1	0	immune	lin	immune_XZ_lin_uncond_discriminator_lam10_s0
LinearSCVI	0	discriminator	100	1	0	immune	lin	immune_XZ_lin_uncond_discriminator_lam100_s0
LinearSCVI	0	discriminator	200	1	0	immune	lin	immune_XZ_lin_uncond_discriminator_lam200_s0
LinearSCVI	0	discriminator	500	1	0	immune	lin	immune_XZ_lin_uncond_discriminator_lam500_s0
LinearSCVI	0	discriminator	1000	1	0	immune	lin	immune_XZ_lin_uncond_discriminator_lam1000_s0
LinearSCVI	0	discriminator	1500	1	0	immune	lin	immune_XZ_lin_uncond_discriminator_lam1500_s0
LinearSCVI	0	reference	0.5	10	0	immune	lin	immune_XZ_lin_uncond_reference_lam0.5_s0
LinearSCVI	0	reference	1	10	0	immune	lin	immune_XZ_lin_uncond_reference_lam1_s0
LinearSCVI	0	reference	2	10	0	immune	lin	immune_XZ_lin_uncond_reference_lam2_s0
LinearSCVI	0	reference	10	10	0	immune	lin	immune_XZ_lin_uncond_reference_lam10_s0
LinearSCVI	0	reference	100	10	0	immune	lin	immune_XZ_lin_uncond_reference_lam100_s0
LinearSCVI	0	reference	200	10	0	immune	lin	immune_XZ_lin_uncond_reference_lam200_s0
LinearSCVI	0	reference	500	10	0	immune	lin	immune_XZ_lin_uncond_reference_lam500_s0
LinearSCVI	0	reference	1000	10	0	immune	lin	immune_XZ_lin_uncond_reference_lam1000_s0
LinearSCVI	0	reference	1500	10	0	immune	lin	immune_XZ_lin_uncond_reference_lam1500_s0
LinearSCVI	0	pooled	0.5	10	0	immune	lin	immune_XZ_lin_uncond_pooled_lam0.5_s0
LinearSCVI	0	pooled	1	10	0	immune	lin	immune_XZ_lin_uncond_pooled_lam1_s0
LinearSCVI	0	pooled	2	10	0	immune	lin	immune_XZ_lin_uncond_pooled_lam2_s0
LinearSCVI	0	pooled	10	10	0	immune	lin	immune_XZ_lin_uncond_pooled_lam10_s0
LinearSCVI	0	pooled	100	10	0	immune	lin	immune_XZ_lin_uncond_pooled_lam100_s0
LinearSCVI	0	pooled	200	10	0	immune	lin	immune_XZ_lin_uncond_pooled_lam200_s0
LinearSCVI	0	pooled	500	10	0	immune	lin	immune_XZ_lin_uncond_pooled_lam500_s0
LinearSCVI	0	pooled	1000	10	0	immune	lin	immune_XZ_lin_uncond_pooled_lam1000_s0
LinearSCVI	0	pooled	1500	10	0	immune	lin	immune_XZ_lin_uncond_pooled_lam1500_s0
LinearSCVI	0	barycenter	0.5	10	0	immune	lin	immune_XZ_lin_uncond_barycenter_lam0.5_s0
LinearSCVI	0	barycenter	1	10	0	immune	lin	immune_XZ_lin_uncond_barycenter_lam1_s0
LinearSCVI	0	barycenter	2	10	0	immune	lin	immune_XZ_lin_uncond_barycenter_lam2_s0
LinearSCVI	0	barycenter	10	10	0	immune	lin	immune_XZ_lin_uncond_barycenter_lam10_s0
LinearSCVI	0	barycenter	100	10	0	immune	lin	immune_XZ_lin_uncond_barycenter_lam100_s0
LinearSCVI	0	barycenter	200	10	0	immune	lin	immune_XZ_lin_uncond_barycenter_lam200_s0
LinearSCVI	0	barycenter	500	10	0	immune	lin	immune_XZ_lin_uncond_barycenter_lam500_s0
LinearSCVI	0	barycenter	1000	10	0	immune	lin	immune_XZ_lin_uncond_barycenter_lam1000_s0
LinearSCVI	0	barycenter	1500	10	0	immune	lin	immune_XZ_lin_uncond_barycenter_lam1500_s0
LinearSCVI	0	discriminator	0.5	1	1	immune	lin	immune_XZ_lin_uncond_discriminator_lam0.5_s1
LinearSCVI	0	discriminator	1	1	1	immune	lin	immune_XZ_lin_uncond_discriminator_lam1_s1
LinearSCVI	0	discriminator	2	1	1	immune	lin	immune_XZ_lin_uncond_discriminator_lam2_s1
LinearSCVI	0	discriminator	10	1	1	immune	lin	immune_XZ_lin_uncond_discriminator_lam10_s1
LinearSCVI	0	discriminator	100	1	1	immune	lin	immune_XZ_lin_uncond_discriminator_lam100_s1
LinearSCVI	0	discriminator	200	1	1	immune	lin	immune_XZ_lin_uncond_discriminator_lam200_s1
LinearSCVI	0	discriminator	500	1	1	immune	lin	immune_XZ_lin_uncond_discriminator_lam500_s1
LinearSCVI	0	discriminator	1000	1	1	immune	lin	immune_XZ_lin_uncond_discriminator_lam1000_s1
LinearSCVI	0	discriminator	1500	1	1	immune	lin	immune_XZ_lin_uncond_discriminator_lam1500_s1
LinearSCVI	0	reference	0.5	10	1	immune	lin	immune_XZ_lin_uncond_reference_lam0.5_s1
LinearSCVI	0	reference	1	10	1	immune	lin	immune_XZ_lin_uncond_reference_lam1_s1
LinearSCVI	0	reference	2	10	1	immune	lin	immune_XZ_lin_uncond_reference_lam2_s1
LinearSCVI	0	reference	10	10	1	immune	lin	immune_XZ_lin_uncond_reference_lam10_s1
LinearSCVI	0	reference	100	10	1	immune	lin	immune_XZ_lin_uncond_reference_lam100_s1
LinearSCVI	0	reference	200	10	1	immune	lin	immune_XZ_lin_uncond_reference_lam200_s1
LinearSCVI	0	reference	500	10	1	immune	lin	immune_XZ_lin_uncond_reference_lam500_s1
LinearSCVI	0	reference	1000	10	1	immune	lin	immune_XZ_lin_uncond_reference_lam1000_s1
LinearSCVI	0	reference	1500	10	1	immune	lin	immune_XZ_lin_uncond_reference_lam1500_s1
LinearSCVI	0	pooled	0.5	10	1	immune	lin	immune_XZ_lin_uncond_pooled_lam0.5_s1
LinearSCVI	0	pooled	1	10	1	immune	lin	immune_XZ_lin_uncond_pooled_lam1_s1
LinearSCVI	0	pooled	2	10	1	immune	lin	immune_XZ_lin_uncond_pooled_lam2_s1
LinearSCVI	0	pooled	10	10	1	immune	lin	immune_XZ_lin_uncond_pooled_lam10_s1
LinearSCVI	0	pooled	100	10	1	immune	lin	immune_XZ_lin_uncond_pooled_lam100_s1
LinearSCVI	0	pooled	200	10	1	immune	lin	immune_XZ_lin_uncond_pooled_lam200_s1
LinearSCVI	0	pooled	500	10	1	immune	lin	immune_XZ_lin_uncond_pooled_lam500_s1
LinearSCVI	0	pooled	1000	10	1	immune	lin	immune_XZ_lin_uncond_pooled_lam1000_s1
LinearSCVI	0	pooled	1500	10	1	immune	lin	immune_XZ_lin_uncond_pooled_lam1500_s1
LinearSCVI	0	barycenter	0.5	10	1	immune	lin	immune_XZ_lin_uncond_barycenter_lam0.5_s1
LinearSCVI	0	barycenter	1	10	1	immune	lin	immune_XZ_lin_uncond_barycenter_lam1_s1
LinearSCVI	0	barycenter	2	10	1	immune	lin	immune_XZ_lin_uncond_barycenter_lam2_s1
LinearSCVI	0	barycenter	10	10	1	immune	lin	immune_XZ_lin_uncond_barycenter_lam10_s1
LinearSCVI	0	barycenter	100	10	1	immune	lin	immune_XZ_lin_uncond_barycenter_lam100_s1
LinearSCVI	0	barycenter	200	10	1	immune	lin	immune_XZ_lin_uncond_barycenter_lam200_s1
LinearSCVI	0	barycenter	500	10	1	immune	lin	immune_XZ_lin_uncond_barycenter_lam500_s1
LinearSCVI	0	barycenter	1000	10	1	immune	lin	immune_XZ_lin_uncond_barycenter_lam1000_s1
LinearSCVI	0	barycenter	1500	10	1	immune	lin	immune_XZ_lin_uncond_barycenter_lam1500_s1
LinearSCVI	0	discriminator	0.5	1	2	immune	lin	immune_XZ_lin_uncond_discriminator_lam0.5_s2
LinearSCVI	0	discriminator	1	1	2	immune	lin	immune_XZ_lin_uncond_discriminator_lam1_s2
LinearSCVI	0	discriminator	2	1	2	immune	lin	immune_XZ_lin_uncond_discriminator_lam2_s2
LinearSCVI	0	discriminator	10	1	2	immune	lin	immune_XZ_lin_uncond_discriminator_lam10_s2
LinearSCVI	0	discriminator	100	1	2	immune	lin	immune_XZ_lin_uncond_discriminator_lam100_s2
LinearSCVI	0	discriminator	200	1	2	immune	lin	immune_XZ_lin_uncond_discriminator_lam200_s2
LinearSCVI	0	discriminator	500	1	2	immune	lin	immune_XZ_lin_uncond_discriminator_lam500_s2
LinearSCVI	0	discriminator	1000	1	2	immune	lin	immune_XZ_lin_uncond_discriminator_lam1000_s2
LinearSCVI	0	discriminator	1500	1	2	immune	lin	immune_XZ_lin_uncond_discriminator_lam1500_s2
LinearSCVI	0	reference	0.5	10	2	immune	lin	immune_XZ_lin_uncond_reference_lam0.5_s2
LinearSCVI	0	reference	1	10	2	immune	lin	immune_XZ_lin_uncond_reference_lam1_s2
LinearSCVI	0	reference	2	10	2	immune	lin	immune_XZ_lin_uncond_reference_lam2_s2
LinearSCVI	0	reference	10	10	2	immune	lin	immune_XZ_lin_uncond_reference_lam10_s2
LinearSCVI	0	reference	100	10	2	immune	lin	immune_XZ_lin_uncond_reference_lam100_s2
LinearSCVI	0	reference	200	10	2	immune	lin	immune_XZ_lin_uncond_reference_lam200_s2
LinearSCVI	0	reference	500	10	2	immune	lin	immune_XZ_lin_uncond_reference_lam500_s2
LinearSCVI	0	reference	1000	10	2	immune	lin	immune_XZ_lin_uncond_reference_lam1000_s2
LinearSCVI	0	reference	1500	10	2	immune	lin	immune_XZ_lin_uncond_reference_lam1500_s2
LinearSCVI	0	pooled	0.5	10	2	immune	lin	immune_XZ_lin_uncond_pooled_lam0.5_s2
LinearSCVI	0	pooled	1	10	2	immune	lin	immune_XZ_lin_uncond_pooled_lam1_s2
LinearSCVI	0	pooled	2	10	2	immune	lin	immune_XZ_lin_uncond_pooled_lam2_s2
LinearSCVI	0	pooled	10	10	2	immune	lin	immune_XZ_lin_uncond_pooled_lam10_s2
LinearSCVI	0	pooled	100	10	2	immune	lin	immune_XZ_lin_uncond_pooled_lam100_s2
LinearSCVI	0	pooled	200	10	2	immune	lin	immune_XZ_lin_uncond_pooled_lam200_s2
LinearSCVI	0	pooled	500	10	2	immune	lin	immune_XZ_lin_uncond_pooled_lam500_s2
LinearSCVI	0	pooled	1000	10	2	immune	lin	immune_XZ_lin_uncond_pooled_lam1000_s2
LinearSCVI	0	pooled	1500	10	2	immune	lin	immune_XZ_lin_uncond_pooled_lam1500_s2
LinearSCVI	0	barycenter	0.5	10	2	immune	lin	immune_XZ_lin_uncond_barycenter_lam0.5_s2
LinearSCVI	0	barycenter	1	10	2	immune	lin	immune_XZ_lin_uncond_barycenter_lam1_s2
LinearSCVI	0	barycenter	2	10	2	immune	lin	immune_XZ_lin_uncond_barycenter_lam2_s2
LinearSCVI	0	barycenter	10	10	2	immune	lin	immune_XZ_lin_uncond_barycenter_lam10_s2
LinearSCVI	0	barycenter	100	10	2	immune	lin	immune_XZ_lin_uncond_barycenter_lam100_s2
LinearSCVI	0	barycenter	200	10	2	immune	lin	immune_XZ_lin_uncond_barycenter_lam200_s2
LinearSCVI	0	barycenter	500	10	2	immune	lin	immune_XZ_lin_uncond_barycenter_lam500_s2
LinearSCVI	0	barycenter	1000	10	2	immune	lin	immune_XZ_lin_uncond_barycenter_lam1000_s2
LinearSCVI	0	barycenter	1500	10	2	immune	lin	immune_XZ_lin_uncond_barycenter_lam1500_s2
LinearSCVI	0	discriminator	0.5	1	3	immune	lin	immune_XZ_lin_uncond_discriminator_lam0.5_s3
LinearSCVI	0	discriminator	1	1	3	immune	lin	immune_XZ_lin_uncond_discriminator_lam1_s3
LinearSCVI	0	discriminator	2	1	3	immune	lin	immune_XZ_lin_uncond_discriminator_lam2_s3
LinearSCVI	0	discriminator	10	1	3	immune	lin	immune_XZ_lin_uncond_discriminator_lam10_s3
LinearSCVI	0	discriminator	100	1	3	immune	lin	immune_XZ_lin_uncond_discriminator_lam100_s3
LinearSCVI	0	discriminator	200	1	3	immune	lin	immune_XZ_lin_uncond_discriminator_lam200_s3
LinearSCVI	0	discriminator	500	1	3	immune	lin	immune_XZ_lin_uncond_discriminator_lam500_s3
LinearSCVI	0	discriminator	1000	1	3	immune	lin	immune_XZ_lin_uncond_discriminator_lam1000_s3
LinearSCVI	0	discriminator	1500	1	3	immune	lin	immune_XZ_lin_uncond_discriminator_lam1500_s3
LinearSCVI	0	reference	0.5	10	3	immune	lin	immune_XZ_lin_uncond_reference_lam0.5_s3
LinearSCVI	0	reference	1	10	3	immune	lin	immune_XZ_lin_uncond_reference_lam1_s3
LinearSCVI	0	reference	2	10	3	immune	lin	immune_XZ_lin_uncond_reference_lam2_s3
LinearSCVI	0	reference	10	10	3	immune	lin	immune_XZ_lin_uncond_reference_lam10_s3
LinearSCVI	0	reference	100	10	3	immune	lin	immune_XZ_lin_uncond_reference_lam100_s3
LinearSCVI	0	reference	200	10	3	immune	lin	immune_XZ_lin_uncond_reference_lam200_s3
LinearSCVI	0	reference	500	10	3	immune	lin	immune_XZ_lin_uncond_reference_lam500_s3
LinearSCVI	0	reference	1000	10	3	immune	lin	immune_XZ_lin_uncond_reference_lam1000_s3
LinearSCVI	0	reference	1500	10	3	immune	lin	immune_XZ_lin_uncond_reference_lam1500_s3
LinearSCVI	0	pooled	0.5	10	3	immune	lin	immune_XZ_lin_uncond_pooled_lam0.5_s3
LinearSCVI	0	pooled	1	10	3	immune	lin	immune_XZ_lin_uncond_pooled_lam1_s3
LinearSCVI	0	pooled	2	10	3	immune	lin	immune_XZ_lin_uncond_pooled_lam2_s3
LinearSCVI	0	pooled	10	10	3	immune	lin	immune_XZ_lin_uncond_pooled_lam10_s3
LinearSCVI	0	pooled	100	10	3	immune	lin	immune_XZ_lin_uncond_pooled_lam100_s3
LinearSCVI	0	pooled	200	10	3	immune	lin	immune_XZ_lin_uncond_pooled_lam200_s3
LinearSCVI	0	pooled	500	10	3	immune	lin	immune_XZ_lin_uncond_pooled_lam500_s3
LinearSCVI	0	pooled	1000	10	3	immune	lin	immune_XZ_lin_uncond_pooled_lam1000_s3
LinearSCVI	0	pooled	1500	10	3	immune	lin	immune_XZ_lin_uncond_pooled_lam1500_s3
LinearSCVI	0	barycenter	0.5	10	3	immune	lin	immune_XZ_lin_uncond_barycenter_lam0.5_s3
LinearSCVI	0	barycenter	1	10	3	immune	lin	immune_XZ_lin_uncond_barycenter_lam1_s3
LinearSCVI	0	barycenter	2	10	3	immune	lin	immune_XZ_lin_uncond_barycenter_lam2_s3
LinearSCVI	0	barycenter	10	10	3	immune	lin	immune_XZ_lin_uncond_barycenter_lam10_s3
LinearSCVI	0	barycenter	100	10	3	immune	lin	immune_XZ_lin_uncond_barycenter_lam100_s3
LinearSCVI	0	barycenter	200	10	3	immune	lin	immune_XZ_lin_uncond_barycenter_lam200_s3
LinearSCVI	0	barycenter	500	10	3	immune	lin	immune_XZ_lin_uncond_barycenter_lam500_s3
LinearSCVI	0	barycenter	1000	10	3	immune	lin	immune_XZ_lin_uncond_barycenter_lam1000_s3
LinearSCVI	0	barycenter	1500	10	3	immune	lin	immune_XZ_lin_uncond_barycenter_lam1500_s3
LinearSCVI	0	discriminator	0.5	1	4	immune	lin	immune_XZ_lin_uncond_discriminator_lam0.5_s4
LinearSCVI	0	discriminator	1	1	4	immune	lin	immune_XZ_lin_uncond_discriminator_lam1_s4
LinearSCVI	0	discriminator	2	1	4	immune	lin	immune_XZ_lin_uncond_discriminator_lam2_s4
LinearSCVI	0	discriminator	10	1	4	immune	lin	immune_XZ_lin_uncond_discriminator_lam10_s4
LinearSCVI	0	discriminator	100	1	4	immune	lin	immune_XZ_lin_uncond_discriminator_lam100_s4
LinearSCVI	0	discriminator	200	1	4	immune	lin	immune_XZ_lin_uncond_discriminator_lam200_s4
LinearSCVI	0	discriminator	500	1	4	immune	lin	immune_XZ_lin_uncond_discriminator_lam500_s4
LinearSCVI	0	discriminator	1000	1	4	immune	lin	immune_XZ_lin_uncond_discriminator_lam1000_s4
LinearSCVI	0	discriminator	1500	1	4	immune	lin	immune_XZ_lin_uncond_discriminator_lam1500_s4
LinearSCVI	0	reference	0.5	10	4	immune	lin	immune_XZ_lin_uncond_reference_lam0.5_s4
LinearSCVI	0	reference	1	10	4	immune	lin	immune_XZ_lin_uncond_reference_lam1_s4
LinearSCVI	0	reference	2	10	4	immune	lin	immune_XZ_lin_uncond_reference_lam2_s4
LinearSCVI	0	reference	10	10	4	immune	lin	immune_XZ_lin_uncond_reference_lam10_s4
LinearSCVI	0	reference	100	10	4	immune	lin	immune_XZ_lin_uncond_reference_lam100_s4
LinearSCVI	0	reference	200	10	4	immune	lin	immune_XZ_lin_uncond_reference_lam200_s4
LinearSCVI	0	reference	500	10	4	immune	lin	immune_XZ_lin_uncond_reference_lam500_s4
LinearSCVI	0	reference	1000	10	4	immune	lin	immune_XZ_lin_uncond_reference_lam1000_s4
LinearSCVI	0	reference	1500	10	4	immune	lin	immune_XZ_lin_uncond_reference_lam1500_s4
LinearSCVI	0	pooled	0.5	10	4	immune	lin	immune_XZ_lin_uncond_pooled_lam0.5_s4
LinearSCVI	0	pooled	1	10	4	immune	lin	immune_XZ_lin_uncond_pooled_lam1_s4
LinearSCVI	0	pooled	2	10	4	immune	lin	immune_XZ_lin_uncond_pooled_lam2_s4
LinearSCVI	0	pooled	10	10	4	immune	lin	immune_XZ_lin_uncond_pooled_lam10_s4
LinearSCVI	0	pooled	100	10	4	immune	lin	immune_XZ_lin_uncond_pooled_lam100_s4
LinearSCVI	0	pooled	200	10	4	immune	lin	immune_XZ_lin_uncond_pooled_lam200_s4
LinearSCVI	0	pooled	500	10	4	immune	lin	immune_XZ_lin_uncond_pooled_lam500_s4
LinearSCVI	0	pooled	1000	10	4	immune	lin	immune_XZ_lin_uncond_pooled_lam1000_s4
LinearSCVI	0	pooled	1500	10	4	immune	lin	immune_XZ_lin_uncond_pooled_lam1500_s4
LinearSCVI	0	barycenter	0.5	10	4	immune	lin	immune_XZ_lin_uncond_barycenter_lam0.5_s4
LinearSCVI	0	barycenter	1	10	4	immune	lin	immune_XZ_lin_uncond_barycenter_lam1_s4
LinearSCVI	0	barycenter	2	10	4	immune	lin	immune_XZ_lin_uncond_barycenter_lam2_s4
LinearSCVI	0	barycenter	10	10	4	immune	lin	immune_XZ_lin_uncond_barycenter_lam10_s4
LinearSCVI	0	barycenter	100	10	4	immune	lin	immune_XZ_lin_uncond_barycenter_lam100_s4
LinearSCVI	0	barycenter	200	10	4	immune	lin	immune_XZ_lin_uncond_barycenter_lam200_s4
LinearSCVI	0	barycenter	500	10	4	immune	lin	immune_XZ_lin_uncond_barycenter_lam500_s4
LinearSCVI	0	barycenter	1000	10	4	immune	lin	immune_XZ_lin_uncond_barycenter_lam1000_s4
LinearSCVI	0	barycenter	1500	10	4	immune	lin	immune_XZ_lin_uncond_barycenter_lam1500_s4
SCVI	0	discriminator	0.5	1	0	immune	nl	immune_XZ_nl_uncond_discriminator_lam0.5_s0
SCVI	0	discriminator	1	1	0	immune	nl	immune_XZ_nl_uncond_discriminator_lam1_s0
SCVI	0	discriminator	2	1	0	immune	nl	immune_XZ_nl_uncond_discriminator_lam2_s0
SCVI	0	discriminator	10	1	0	immune	nl	immune_XZ_nl_uncond_discriminator_lam10_s0
SCVI	0	discriminator	100	1	0	immune	nl	immune_XZ_nl_uncond_discriminator_lam100_s0
SCVI	0	discriminator	200	1	0	immune	nl	immune_XZ_nl_uncond_discriminator_lam200_s0
SCVI	0	discriminator	500	1	0	immune	nl	immune_XZ_nl_uncond_discriminator_lam500_s0
SCVI	0	discriminator	1000	1	0	immune	nl	immune_XZ_nl_uncond_discriminator_lam1000_s0
SCVI	0	discriminator	1500	1	0	immune	nl	immune_XZ_nl_uncond_discriminator_lam1500_s0
SCVI	0	reference	0.5	10	0	immune	nl	immune_XZ_nl_uncond_reference_lam0.5_s0
SCVI	0	reference	1	10	0	immune	nl	immune_XZ_nl_uncond_reference_lam1_s0
SCVI	0	reference	2	10	0	immune	nl	immune_XZ_nl_uncond_reference_lam2_s0
SCVI	0	reference	10	10	0	immune	nl	immune_XZ_nl_uncond_reference_lam10_s0
SCVI	0	reference	100	10	0	immune	nl	immune_XZ_nl_uncond_reference_lam100_s0
SCVI	0	reference	200	10	0	immune	nl	immune_XZ_nl_uncond_reference_lam200_s0
SCVI	0	reference	500	10	0	immune	nl	immune_XZ_nl_uncond_reference_lam500_s0
SCVI	0	reference	1000	10	0	immune	nl	immune_XZ_nl_uncond_reference_lam1000_s0
SCVI	0	reference	1500	10	0	immune	nl	immune_XZ_nl_uncond_reference_lam1500_s0
SCVI	0	pooled	0.5	10	0	immune	nl	immune_XZ_nl_uncond_pooled_lam0.5_s0
SCVI	0	pooled	1	10	0	immune	nl	immune_XZ_nl_uncond_pooled_lam1_s0
SCVI	0	pooled	2	10	0	immune	nl	immune_XZ_nl_uncond_pooled_lam2_s0
SCVI	0	pooled	10	10	0	immune	nl	immune_XZ_nl_uncond_pooled_lam10_s0
SCVI	0	pooled	100	10	0	immune	nl	immune_XZ_nl_uncond_pooled_lam100_s0
SCVI	0	pooled	200	10	0	immune	nl	immune_XZ_nl_uncond_pooled_lam200_s0
SCVI	0	pooled	500	10	0	immune	nl	immune_XZ_nl_uncond_pooled_lam500_s0
SCVI	0	pooled	1000	10	0	immune	nl	immune_XZ_nl_uncond_pooled_lam1000_s0
SCVI	0	pooled	1500	10	0	immune	nl	immune_XZ_nl_uncond_pooled_lam1500_s0
SCVI	0	barycenter	0.5	10	0	immune	nl	immune_XZ_nl_uncond_barycenter_lam0.5_s0
SCVI	0	barycenter	1	10	0	immune	nl	immune_XZ_nl_uncond_barycenter_lam1_s0
SCVI	0	barycenter	2	10	0	immune	nl	immune_XZ_nl_uncond_barycenter_lam2_s0
SCVI	0	barycenter	10	10	0	immune	nl	immune_XZ_nl_uncond_barycenter_lam10_s0
SCVI	0	barycenter	100	10	0	immune	nl	immune_XZ_nl_uncond_barycenter_lam100_s0
SCVI	0	barycenter	200	10	0	immune	nl	immune_XZ_nl_uncond_barycenter_lam200_s0
SCVI	0	barycenter	500	10	0	immune	nl	immune_XZ_nl_uncond_barycenter_lam500_s0
SCVI	0	barycenter	1000	10	0	immune	nl	immune_XZ_nl_uncond_barycenter_lam1000_s0
SCVI	0	barycenter	1500	10	0	immune	nl	immune_XZ_nl_uncond_barycenter_lam1500_s0
SCVI	0	discriminator	0.5	1	1	immune	nl	immune_XZ_nl_uncond_discriminator_lam0.5_s1
SCVI	0	discriminator	1	1	1	immune	nl	immune_XZ_nl_uncond_discriminator_lam1_s1
SCVI	0	discriminator	2	1	1	immune	nl	immune_XZ_nl_uncond_discriminator_lam2_s1
SCVI	0	discriminator	10	1	1	immune	nl	immune_XZ_nl_uncond_discriminator_lam10_s1
SCVI	0	discriminator	100	1	1	immune	nl	immune_XZ_nl_uncond_discriminator_lam100_s1
SCVI	0	discriminator	200	1	1	immune	nl	immune_XZ_nl_uncond_discriminator_lam200_s1
SCVI	0	discriminator	500	1	1	immune	nl	immune_XZ_nl_uncond_discriminator_lam500_s1
SCVI	0	discriminator	1000	1	1	immune	nl	immune_XZ_nl_uncond_discriminator_lam1000_s1
SCVI	0	discriminator	1500	1	1	immune	nl	immune_XZ_nl_uncond_discriminator_lam1500_s1
SCVI	0	reference	0.5	10	1	immune	nl	immune_XZ_nl_uncond_reference_lam0.5_s1
SCVI	0	reference	1	10	1	immune	nl	immune_XZ_nl_uncond_reference_lam1_s1
SCVI	0	reference	2	10	1	immune	nl	immune_XZ_nl_uncond_reference_lam2_s1
SCVI	0	reference	10	10	1	immune	nl	immune_XZ_nl_uncond_reference_lam10_s1
SCVI	0	reference	100	10	1	immune	nl	immune_XZ_nl_uncond_reference_lam100_s1
SCVI	0	reference	200	10	1	immune	nl	immune_XZ_nl_uncond_reference_lam200_s1
SCVI	0	reference	500	10	1	immune	nl	immune_XZ_nl_uncond_reference_lam500_s1
SCVI	0	reference	1000	10	1	immune	nl	immune_XZ_nl_uncond_reference_lam1000_s1
SCVI	0	reference	1500	10	1	immune	nl	immune_XZ_nl_uncond_reference_lam1500_s1
SCVI	0	pooled	0.5	10	1	immune	nl	immune_XZ_nl_uncond_pooled_lam0.5_s1
SCVI	0	pooled	1	10	1	immune	nl	immune_XZ_nl_uncond_pooled_lam1_s1
SCVI	0	pooled	2	10	1	immune	nl	immune_XZ_nl_uncond_pooled_lam2_s1
SCVI	0	pooled	10	10	1	immune	nl	immune_XZ_nl_uncond_pooled_lam10_s1
SCVI	0	pooled	100	10	1	immune	nl	immune_XZ_nl_uncond_pooled_lam100_s1
SCVI	0	pooled	200	10	1	immune	nl	immune_XZ_nl_uncond_pooled_lam200_s1
SCVI	0	pooled	500	10	1	immune	nl	immune_XZ_nl_uncond_pooled_lam500_s1
SCVI	0	pooled	1000	10	1	immune	nl	immune_XZ_nl_uncond_pooled_lam1000_s1
SCVI	0	pooled	1500	10	1	immune	nl	immune_XZ_nl_uncond_pooled_lam1500_s1
SCVI	0	barycenter	0.5	10	1	immune	nl	immune_XZ_nl_uncond_barycenter_lam0.5_s1
SCVI	0	barycenter	1	10	1	immune	nl	immune_XZ_nl_uncond_barycenter_lam1_s1
SCVI	0	barycenter	2	10	1	immune	nl	immune_XZ_nl_uncond_barycenter_lam2_s1
SCVI	0	barycenter	10	10	1	immune	nl	immune_XZ_nl_uncond_barycenter_lam10_s1
SCVI	0	barycenter	100	10	1	immune	nl	immune_XZ_nl_uncond_barycenter_lam100_s1
SCVI	0	barycenter	200	10	1	immune	nl	immune_XZ_nl_uncond_barycenter_lam200_s1
SCVI	0	barycenter	500	10	1	immune	nl	immune_XZ_nl_uncond_barycenter_lam500_s1
SCVI	0	barycenter	1000	10	1	immune	nl	immune_XZ_nl_uncond_barycenter_lam1000_s1
SCVI	0	barycenter	1500	10	1	immune	nl	immune_XZ_nl_uncond_barycenter_lam1500_s1
SCVI	0	discriminator	0.5	1	2	immune	nl	immune_XZ_nl_uncond_discriminator_lam0.5_s2
SCVI	0	discriminator	1	1	2	immune	nl	immune_XZ_nl_uncond_discriminator_lam1_s2
SCVI	0	discriminator	2	1	2	immune	nl	immune_XZ_nl_uncond_discriminator_lam2_s2
SCVI	0	discriminator	10	1	2	immune	nl	immune_XZ_nl_uncond_discriminator_lam10_s2
SCVI	0	discriminator	100	1	2	immune	nl	immune_XZ_nl_uncond_discriminator_lam100_s2
SCVI	0	discriminator	200	1	2	immune	nl	immune_XZ_nl_uncond_discriminator_lam200_s2
SCVI	0	discriminator	500	1	2	immune	nl	immune_XZ_nl_uncond_discriminator_lam500_s2
SCVI	0	discriminator	1000	1	2	immune	nl	immune_XZ_nl_uncond_discriminator_lam1000_s2
SCVI	0	discriminator	1500	1	2	immune	nl	immune_XZ_nl_uncond_discriminator_lam1500_s2
SCVI	0	reference	0.5	10	2	immune	nl	immune_XZ_nl_uncond_reference_lam0.5_s2
SCVI	0	reference	1	10	2	immune	nl	immune_XZ_nl_uncond_reference_lam1_s2
SCVI	0	reference	2	10	2	immune	nl	immune_XZ_nl_uncond_reference_lam2_s2
SCVI	0	reference	10	10	2	immune	nl	immune_XZ_nl_uncond_reference_lam10_s2
SCVI	0	reference	100	10	2	immune	nl	immune_XZ_nl_uncond_reference_lam100_s2
SCVI	0	reference	200	10	2	immune	nl	immune_XZ_nl_uncond_reference_lam200_s2
SCVI	0	reference	500	10	2	immune	nl	immune_XZ_nl_uncond_reference_lam500_s2
SCVI	0	reference	1000	10	2	immune	nl	immune_XZ_nl_uncond_reference_lam1000_s2
SCVI	0	reference	1500	10	2	immune	nl	immune_XZ_nl_uncond_reference_lam1500_s2
SCVI	0	pooled	0.5	10	2	immune	nl	immune_XZ_nl_uncond_pooled_lam0.5_s2
SCVI	0	pooled	1	10	2	immune	nl	immune_XZ_nl_uncond_pooled_lam1_s2
SCVI	0	pooled	2	10	2	immune	nl	immune_XZ_nl_uncond_pooled_lam2_s2
SCVI	0	pooled	10	10	2	immune	nl	immune_XZ_nl_uncond_pooled_lam10_s2
SCVI	0	pooled	100	10	2	immune	nl	immune_XZ_nl_uncond_pooled_lam100_s2
SCVI	0	pooled	200	10	2	immune	nl	immune_XZ_nl_uncond_pooled_lam200_s2
SCVI	0	pooled	500	10	2	immune	nl	immune_XZ_nl_uncond_pooled_lam500_s2
SCVI	0	pooled	1000	10	2	immune	nl	immune_XZ_nl_uncond_pooled_lam1000_s2
SCVI	0	pooled	1500	10	2	immune	nl	immune_XZ_nl_uncond_pooled_lam1500_s2
SCVI	0	barycenter	0.5	10	2	immune	nl	immune_XZ_nl_uncond_barycenter_lam0.5_s2
SCVI	0	barycenter	1	10	2	immune	nl	immune_XZ_nl_uncond_barycenter_lam1_s2
SCVI	0	barycenter	2	10	2	immune	nl	immune_XZ_nl_uncond_barycenter_lam2_s2
SCVI	0	barycenter	10	10	2	immune	nl	immune_XZ_nl_uncond_barycenter_lam10_s2
SCVI	0	barycenter	100	10	2	immune	nl	immune_XZ_nl_uncond_barycenter_lam100_s2
SCVI	0	barycenter	200	10	2	immune	nl	immune_XZ_nl_uncond_barycenter_lam200_s2
SCVI	0	barycenter	500	10	2	immune	nl	immune_XZ_nl_uncond_barycenter_lam500_s2
SCVI	0	barycenter	1000	10	2	immune	nl	immune_XZ_nl_uncond_barycenter_lam1000_s2
SCVI	0	barycenter	1500	10	2	immune	nl	immune_XZ_nl_uncond_barycenter_lam1500_s2
SCVI	0	discriminator	0.5	1	3	immune	nl	immune_XZ_nl_uncond_discriminator_lam0.5_s3
SCVI	0	discriminator	1	1	3	immune	nl	immune_XZ_nl_uncond_discriminator_lam1_s3
SCVI	0	discriminator	2	1	3	immune	nl	immune_XZ_nl_uncond_discriminator_lam2_s3
SCVI	0	discriminator	10	1	3	immune	nl	immune_XZ_nl_uncond_discriminator_lam10_s3
SCVI	0	discriminator	100	1	3	immune	nl	immune_XZ_nl_uncond_discriminator_lam100_s3
SCVI	0	discriminator	200	1	3	immune	nl	immune_XZ_nl_uncond_discriminator_lam200_s3
SCVI	0	discriminator	500	1	3	immune	nl	immune_XZ_nl_uncond_discriminator_lam500_s3
SCVI	0	discriminator	1000	1	3	immune	nl	immune_XZ_nl_uncond_discriminator_lam1000_s3
SCVI	0	discriminator	1500	1	3	immune	nl	immune_XZ_nl_uncond_discriminator_lam1500_s3
SCVI	0	reference	0.5	10	3	immune	nl	immune_XZ_nl_uncond_reference_lam0.5_s3
SCVI	0	reference	1	10	3	immune	nl	immune_XZ_nl_uncond_reference_lam1_s3
SCVI	0	reference	2	10	3	immune	nl	immune_XZ_nl_uncond_reference_lam2_s3
SCVI	0	reference	10	10	3	immune	nl	immune_XZ_nl_uncond_reference_lam10_s3
SCVI	0	reference	100	10	3	immune	nl	immune_XZ_nl_uncond_reference_lam100_s3
SCVI	0	reference	200	10	3	immune	nl	immune_XZ_nl_uncond_reference_lam200_s3
SCVI	0	reference	500	10	3	immune	nl	immune_XZ_nl_uncond_reference_lam500_s3
SCVI	0	reference	1000	10	3	immune	nl	immune_XZ_nl_uncond_reference_lam1000_s3
SCVI	0	reference	1500	10	3	immune	nl	immune_XZ_nl_uncond_reference_lam1500_s3
SCVI	0	pooled	0.5	10	3	immune	nl	immune_XZ_nl_uncond_pooled_lam0.5_s3
SCVI	0	pooled	1	10	3	immune	nl	immune_XZ_nl_uncond_pooled_lam1_s3
SCVI	0	pooled	2	10	3	immune	nl	immune_XZ_nl_uncond_pooled_lam2_s3
SCVI	0	pooled	10	10	3	immune	nl	immune_XZ_nl_uncond_pooled_lam10_s3
SCVI	0	pooled	100	10	3	immune	nl	immune_XZ_nl_uncond_pooled_lam100_s3
SCVI	0	pooled	200	10	3	immune	nl	immune_XZ_nl_uncond_pooled_lam200_s3
SCVI	0	pooled	500	10	3	immune	nl	immune_XZ_nl_uncond_pooled_lam500_s3
SCVI	0	pooled	1000	10	3	immune	nl	immune_XZ_nl_uncond_pooled_lam1000_s3
SCVI	0	pooled	1500	10	3	immune	nl	immune_XZ_nl_uncond_pooled_lam1500_s3
SCVI	0	barycenter	0.5	10	3	immune	nl	immune_XZ_nl_uncond_barycenter_lam0.5_s3
SCVI	0	barycenter	1	10	3	immune	nl	immune_XZ_nl_uncond_barycenter_lam1_s3
SCVI	0	barycenter	2	10	3	immune	nl	immune_XZ_nl_uncond_barycenter_lam2_s3
SCVI	0	barycenter	10	10	3	immune	nl	immune_XZ_nl_uncond_barycenter_lam10_s3
SCVI	0	barycenter	100	10	3	immune	nl	immune_XZ_nl_uncond_barycenter_lam100_s3
SCVI	0	barycenter	200	10	3	immune	nl	immune_XZ_nl_uncond_barycenter_lam200_s3
SCVI	0	barycenter	500	10	3	immune	nl	immune_XZ_nl_uncond_barycenter_lam500_s3
SCVI	0	barycenter	1000	10	3	immune	nl	immune_XZ_nl_uncond_barycenter_lam1000_s3
SCVI	0	barycenter	1500	10	3	immune	nl	immune_XZ_nl_uncond_barycenter_lam1500_s3
SCVI	0	discriminator	0.5	1	4	immune	nl	immune_XZ_nl_uncond_discriminator_lam0.5_s4
SCVI	0	discriminator	1	1	4	immune	nl	immune_XZ_nl_uncond_discriminator_lam1_s4
SCVI	0	discriminator	2	1	4	immune	nl	immune_XZ_nl_uncond_discriminator_lam2_s4
SCVI	0	discriminator	10	1	4	immune	nl	immune_XZ_nl_uncond_discriminator_lam10_s4
SCVI	0	discriminator	100	1	4	immune	nl	immune_XZ_nl_uncond_discriminator_lam100_s4
SCVI	0	discriminator	200	1	4	immune	nl	immune_XZ_nl_uncond_discriminator_lam200_s4
SCVI	0	discriminator	500	1	4	immune	nl	immune_XZ_nl_uncond_discriminator_lam500_s4
SCVI	0	discriminator	1000	1	4	immune	nl	immune_XZ_nl_uncond_discriminator_lam1000_s4
SCVI	0	discriminator	1500	1	4	immune	nl	immune_XZ_nl_uncond_discriminator_lam1500_s4
SCVI	0	reference	0.5	10	4	immune	nl	immune_XZ_nl_uncond_reference_lam0.5_s4
SCVI	0	reference	1	10	4	immune	nl	immune_XZ_nl_uncond_reference_lam1_s4
SCVI	0	reference	2	10	4	immune	nl	immune_XZ_nl_uncond_reference_lam2_s4
SCVI	0	reference	10	10	4	immune	nl	immune_XZ_nl_uncond_reference_lam10_s4
SCVI	0	reference	100	10	4	immune	nl	immune_XZ_nl_uncond_reference_lam100_s4
SCVI	0	reference	200	10	4	immune	nl	immune_XZ_nl_uncond_reference_lam200_s4
SCVI	0	reference	500	10	4	immune	nl	immune_XZ_nl_uncond_reference_lam500_s4
SCVI	0	reference	1000	10	4	immune	nl	immune_XZ_nl_uncond_reference_lam1000_s4
SCVI	0	reference	1500	10	4	immune	nl	immune_XZ_nl_uncond_reference_lam1500_s4
SCVI	0	pooled	0.5	10	4	immune	nl	immune_XZ_nl_uncond_pooled_lam0.5_s4
SCVI	0	pooled	1	10	4	immune	nl	immune_XZ_nl_uncond_pooled_lam1_s4
SCVI	0	pooled	2	10	4	immune	nl	immune_XZ_nl_uncond_pooled_lam2_s4
SCVI	0	pooled	10	10	4	immune	nl	immune_XZ_nl_uncond_pooled_lam10_s4
SCVI	0	pooled	100	10	4	immune	nl	immune_XZ_nl_uncond_pooled_lam100_s4
SCVI	0	pooled	200	10	4	immune	nl	immune_XZ_nl_uncond_pooled_lam200_s4
SCVI	0	pooled	500	10	4	immune	nl	immune_XZ_nl_uncond_pooled_lam500_s4
SCVI	0	pooled	1000	10	4	immune	nl	immune_XZ_nl_uncond_pooled_lam1000_s4
SCVI	0	pooled	1500	10	4	immune	nl	immune_XZ_nl_uncond_pooled_lam1500_s4
SCVI	0	barycenter	0.5	10	4	immune	nl	immune_XZ_nl_uncond_barycenter_lam0.5_s4
SCVI	0	barycenter	1	10	4	immune	nl	immune_XZ_nl_uncond_barycenter_lam1_s4
SCVI	0	barycenter	2	10	4	immune	nl	immune_XZ_nl_uncond_barycenter_lam2_s4
SCVI	0	barycenter	10	10	4	immune	nl	immune_XZ_nl_uncond_barycenter_lam10_s4
SCVI	0	barycenter	100	10	4	immune	nl	immune_XZ_nl_uncond_barycenter_lam100_s4
SCVI	0	barycenter	200	10	4	immune	nl	immune_XZ_nl_uncond_barycenter_lam200_s4
SCVI	0	barycenter	500	10	4	immune	nl	immune_XZ_nl_uncond_barycenter_lam500_s4
SCVI	0	barycenter	1000	10	4	immune	nl	immune_XZ_nl_uncond_barycenter_lam1000_s4
SCVI	0	barycenter	1500	10	4	immune	nl	immune_XZ_nl_uncond_barycenter_lam1500_s4
LinearSCVI	0	discriminator	0.5	1	0	lung	lin	lung_XZ_lin_uncond_discriminator_lam0.5_s0
LinearSCVI	0	discriminator	1	1	0	lung	lin	lung_XZ_lin_uncond_discriminator_lam1_s0
LinearSCVI	0	discriminator	2	1	0	lung	lin	lung_XZ_lin_uncond_discriminator_lam2_s0
LinearSCVI	0	discriminator	10	1	0	lung	lin	lung_XZ_lin_uncond_discriminator_lam10_s0
LinearSCVI	0	discriminator	100	1	0	lung	lin	lung_XZ_lin_uncond_discriminator_lam100_s0
LinearSCVI	0	discriminator	200	1	0	lung	lin	lung_XZ_lin_uncond_discriminator_lam200_s0
LinearSCVI	0	discriminator	500	1	0	lung	lin	lung_XZ_lin_uncond_discriminator_lam500_s0
LinearSCVI	0	discriminator	1000	1	0	lung	lin	lung_XZ_lin_uncond_discriminator_lam1000_s0
LinearSCVI	0	discriminator	1500	1	0	lung	lin	lung_XZ_lin_uncond_discriminator_lam1500_s0
LinearSCVI	0	reference	0.5	10	0	lung	lin	lung_XZ_lin_uncond_reference_lam0.5_s0
LinearSCVI	0	reference	1	10	0	lung	lin	lung_XZ_lin_uncond_reference_lam1_s0
LinearSCVI	0	reference	2	10	0	lung	lin	lung_XZ_lin_uncond_reference_lam2_s0
LinearSCVI	0	reference	10	10	0	lung	lin	lung_XZ_lin_uncond_reference_lam10_s0
LinearSCVI	0	reference	100	10	0	lung	lin	lung_XZ_lin_uncond_reference_lam100_s0
LinearSCVI	0	reference	200	10	0	lung	lin	lung_XZ_lin_uncond_reference_lam200_s0
LinearSCVI	0	reference	500	10	0	lung	lin	lung_XZ_lin_uncond_reference_lam500_s0
LinearSCVI	0	reference	1000	10	0	lung	lin	lung_XZ_lin_uncond_reference_lam1000_s0
LinearSCVI	0	reference	1500	10	0	lung	lin	lung_XZ_lin_uncond_reference_lam1500_s0
LinearSCVI	0	pooled	0.5	10	0	lung	lin	lung_XZ_lin_uncond_pooled_lam0.5_s0
LinearSCVI	0	pooled	1	10	0	lung	lin	lung_XZ_lin_uncond_pooled_lam1_s0
LinearSCVI	0	pooled	2	10	0	lung	lin	lung_XZ_lin_uncond_pooled_lam2_s0
LinearSCVI	0	pooled	10	10	0	lung	lin	lung_XZ_lin_uncond_pooled_lam10_s0
LinearSCVI	0	pooled	100	10	0	lung	lin	lung_XZ_lin_uncond_pooled_lam100_s0
LinearSCVI	0	pooled	200	10	0	lung	lin	lung_XZ_lin_uncond_pooled_lam200_s0
LinearSCVI	0	pooled	500	10	0	lung	lin	lung_XZ_lin_uncond_pooled_lam500_s0
LinearSCVI	0	pooled	1000	10	0	lung	lin	lung_XZ_lin_uncond_pooled_lam1000_s0
LinearSCVI	0	pooled	1500	10	0	lung	lin	lung_XZ_lin_uncond_pooled_lam1500_s0
LinearSCVI	0	barycenter	0.5	10	0	lung	lin	lung_XZ_lin_uncond_barycenter_lam0.5_s0
LinearSCVI	0	barycenter	1	10	0	lung	lin	lung_XZ_lin_uncond_barycenter_lam1_s0
LinearSCVI	0	barycenter	2	10	0	lung	lin	lung_XZ_lin_uncond_barycenter_lam2_s0
LinearSCVI	0	barycenter	10	10	0	lung	lin	lung_XZ_lin_uncond_barycenter_lam10_s0
LinearSCVI	0	barycenter	100	10	0	lung	lin	lung_XZ_lin_uncond_barycenter_lam100_s0
LinearSCVI	0	barycenter	200	10	0	lung	lin	lung_XZ_lin_uncond_barycenter_lam200_s0
LinearSCVI	0	barycenter	500	10	0	lung	lin	lung_XZ_lin_uncond_barycenter_lam500_s0
LinearSCVI	0	barycenter	1000	10	0	lung	lin	lung_XZ_lin_uncond_barycenter_lam1000_s0
LinearSCVI	0	barycenter	1500	10	0	lung	lin	lung_XZ_lin_uncond_barycenter_lam1500_s0
LinearSCVI	0	discriminator	0.5	1	1	lung	lin	lung_XZ_lin_uncond_discriminator_lam0.5_s1
LinearSCVI	0	discriminator	1	1	1	lung	lin	lung_XZ_lin_uncond_discriminator_lam1_s1
LinearSCVI	0	discriminator	2	1	1	lung	lin	lung_XZ_lin_uncond_discriminator_lam2_s1
LinearSCVI	0	discriminator	10	1	1	lung	lin	lung_XZ_lin_uncond_discriminator_lam10_s1
LinearSCVI	0	discriminator	100	1	1	lung	lin	lung_XZ_lin_uncond_discriminator_lam100_s1
LinearSCVI	0	discriminator	200	1	1	lung	lin	lung_XZ_lin_uncond_discriminator_lam200_s1
LinearSCVI	0	discriminator	500	1	1	lung	lin	lung_XZ_lin_uncond_discriminator_lam500_s1
LinearSCVI	0	discriminator	1000	1	1	lung	lin	lung_XZ_lin_uncond_discriminator_lam1000_s1
LinearSCVI	0	discriminator	1500	1	1	lung	lin	lung_XZ_lin_uncond_discriminator_lam1500_s1
LinearSCVI	0	reference	0.5	10	1	lung	lin	lung_XZ_lin_uncond_reference_lam0.5_s1
LinearSCVI	0	reference	1	10	1	lung	lin	lung_XZ_lin_uncond_reference_lam1_s1
LinearSCVI	0	reference	2	10	1	lung	lin	lung_XZ_lin_uncond_reference_lam2_s1
LinearSCVI	0	reference	10	10	1	lung	lin	lung_XZ_lin_uncond_reference_lam10_s1
LinearSCVI	0	reference	100	10	1	lung	lin	lung_XZ_lin_uncond_reference_lam100_s1
LinearSCVI	0	reference	200	10	1	lung	lin	lung_XZ_lin_uncond_reference_lam200_s1
LinearSCVI	0	reference	500	10	1	lung	lin	lung_XZ_lin_uncond_reference_lam500_s1
LinearSCVI	0	reference	1000	10	1	lung	lin	lung_XZ_lin_uncond_reference_lam1000_s1
LinearSCVI	0	reference	1500	10	1	lung	lin	lung_XZ_lin_uncond_reference_lam1500_s1
LinearSCVI	0	pooled	0.5	10	1	lung	lin	lung_XZ_lin_uncond_pooled_lam0.5_s1
LinearSCVI	0	pooled	1	10	1	lung	lin	lung_XZ_lin_uncond_pooled_lam1_s1
LinearSCVI	0	pooled	2	10	1	lung	lin	lung_XZ_lin_uncond_pooled_lam2_s1
LinearSCVI	0	pooled	10	10	1	lung	lin	lung_XZ_lin_uncond_pooled_lam10_s1
LinearSCVI	0	pooled	100	10	1	lung	lin	lung_XZ_lin_uncond_pooled_lam100_s1
LinearSCVI	0	pooled	200	10	1	lung	lin	lung_XZ_lin_uncond_pooled_lam200_s1
LinearSCVI	0	pooled	500	10	1	lung	lin	lung_XZ_lin_uncond_pooled_lam500_s1
LinearSCVI	0	pooled	1000	10	1	lung	lin	lung_XZ_lin_uncond_pooled_lam1000_s1
LinearSCVI	0	pooled	1500	10	1	lung	lin	lung_XZ_lin_uncond_pooled_lam1500_s1
LinearSCVI	0	barycenter	0.5	10	1	lung	lin	lung_XZ_lin_uncond_barycenter_lam0.5_s1
LinearSCVI	0	barycenter	1	10	1	lung	lin	lung_XZ_lin_uncond_barycenter_lam1_s1
LinearSCVI	0	barycenter	2	10	1	lung	lin	lung_XZ_lin_uncond_barycenter_lam2_s1
LinearSCVI	0	barycenter	10	10	1	lung	lin	lung_XZ_lin_uncond_barycenter_lam10_s1
LinearSCVI	0	barycenter	100	10	1	lung	lin	lung_XZ_lin_uncond_barycenter_lam100_s1
LinearSCVI	0	barycenter	200	10	1	lung	lin	lung_XZ_lin_uncond_barycenter_lam200_s1
LinearSCVI	0	barycenter	500	10	1	lung	lin	lung_XZ_lin_uncond_barycenter_lam500_s1
LinearSCVI	0	barycenter	1000	10	1	lung	lin	lung_XZ_lin_uncond_barycenter_lam1000_s1
LinearSCVI	0	barycenter	1500	10	1	lung	lin	lung_XZ_lin_uncond_barycenter_lam1500_s1
LinearSCVI	0	discriminator	0.5	1	2	lung	lin	lung_XZ_lin_uncond_discriminator_lam0.5_s2
LinearSCVI	0	discriminator	1	1	2	lung	lin	lung_XZ_lin_uncond_discriminator_lam1_s2
LinearSCVI	0	discriminator	2	1	2	lung	lin	lung_XZ_lin_uncond_discriminator_lam2_s2
LinearSCVI	0	discriminator	10	1	2	lung	lin	lung_XZ_lin_uncond_discriminator_lam10_s2
LinearSCVI	0	discriminator	100	1	2	lung	lin	lung_XZ_lin_uncond_discriminator_lam100_s2
LinearSCVI	0	discriminator	200	1	2	lung	lin	lung_XZ_lin_uncond_discriminator_lam200_s2
LinearSCVI	0	discriminator	500	1	2	lung	lin	lung_XZ_lin_uncond_discriminator_lam500_s2
LinearSCVI	0	discriminator	1000	1	2	lung	lin	lung_XZ_lin_uncond_discriminator_lam1000_s2
LinearSCVI	0	discriminator	1500	1	2	lung	lin	lung_XZ_lin_uncond_discriminator_lam1500_s2
LinearSCVI	0	reference	0.5	10	2	lung	lin	lung_XZ_lin_uncond_reference_lam0.5_s2
LinearSCVI	0	reference	1	10	2	lung	lin	lung_XZ_lin_uncond_reference_lam1_s2
LinearSCVI	0	reference	2	10	2	lung	lin	lung_XZ_lin_uncond_reference_lam2_s2
LinearSCVI	0	reference	10	10	2	lung	lin	lung_XZ_lin_uncond_reference_lam10_s2
LinearSCVI	0	reference	100	10	2	lung	lin	lung_XZ_lin_uncond_reference_lam100_s2
LinearSCVI	0	reference	200	10	2	lung	lin	lung_XZ_lin_uncond_reference_lam200_s2
LinearSCVI	0	reference	500	10	2	lung	lin	lung_XZ_lin_uncond_reference_lam500_s2
LinearSCVI	0	reference	1000	10	2	lung	lin	lung_XZ_lin_uncond_reference_lam1000_s2
LinearSCVI	0	reference	1500	10	2	lung	lin	lung_XZ_lin_uncond_reference_lam1500_s2
LinearSCVI	0	pooled	0.5	10	2	lung	lin	lung_XZ_lin_uncond_pooled_lam0.5_s2
LinearSCVI	0	pooled	1	10	2	lung	lin	lung_XZ_lin_uncond_pooled_lam1_s2
LinearSCVI	0	pooled	2	10	2	lung	lin	lung_XZ_lin_uncond_pooled_lam2_s2
LinearSCVI	0	pooled	10	10	2	lung	lin	lung_XZ_lin_uncond_pooled_lam10_s2
LinearSCVI	0	pooled	100	10	2	lung	lin	lung_XZ_lin_uncond_pooled_lam100_s2
LinearSCVI	0	pooled	200	10	2	lung	lin	lung_XZ_lin_uncond_pooled_lam200_s2
LinearSCVI	0	pooled	500	10	2	lung	lin	lung_XZ_lin_uncond_pooled_lam500_s2
LinearSCVI	0	pooled	1000	10	2	lung	lin	lung_XZ_lin_uncond_pooled_lam1000_s2
LinearSCVI	0	pooled	1500	10	2	lung	lin	lung_XZ_lin_uncond_pooled_lam1500_s2
LinearSCVI	0	barycenter	0.5	10	2	lung	lin	lung_XZ_lin_uncond_barycenter_lam0.5_s2
LinearSCVI	0	barycenter	1	10	2	lung	lin	lung_XZ_lin_uncond_barycenter_lam1_s2
LinearSCVI	0	barycenter	2	10	2	lung	lin	lung_XZ_lin_uncond_barycenter_lam2_s2
LinearSCVI	0	barycenter	10	10	2	lung	lin	lung_XZ_lin_uncond_barycenter_lam10_s2
LinearSCVI	0	barycenter	100	10	2	lung	lin	lung_XZ_lin_uncond_barycenter_lam100_s2
LinearSCVI	0	barycenter	200	10	2	lung	lin	lung_XZ_lin_uncond_barycenter_lam200_s2
LinearSCVI	0	barycenter	500	10	2	lung	lin	lung_XZ_lin_uncond_barycenter_lam500_s2
LinearSCVI	0	barycenter	1000	10	2	lung	lin	lung_XZ_lin_uncond_barycenter_lam1000_s2
LinearSCVI	0	barycenter	1500	10	2	lung	lin	lung_XZ_lin_uncond_barycenter_lam1500_s2
LinearSCVI	0	discriminator	0.5	1	3	lung	lin	lung_XZ_lin_uncond_discriminator_lam0.5_s3
LinearSCVI	0	discriminator	1	1	3	lung	lin	lung_XZ_lin_uncond_discriminator_lam1_s3
LinearSCVI	0	discriminator	2	1	3	lung	lin	lung_XZ_lin_uncond_discriminator_lam2_s3
LinearSCVI	0	discriminator	10	1	3	lung	lin	lung_XZ_lin_uncond_discriminator_lam10_s3
LinearSCVI	0	discriminator	100	1	3	lung	lin	lung_XZ_lin_uncond_discriminator_lam100_s3
LinearSCVI	0	discriminator	200	1	3	lung	lin	lung_XZ_lin_uncond_discriminator_lam200_s3
LinearSCVI	0	discriminator	500	1	3	lung	lin	lung_XZ_lin_uncond_discriminator_lam500_s3
LinearSCVI	0	discriminator	1000	1	3	lung	lin	lung_XZ_lin_uncond_discriminator_lam1000_s3
LinearSCVI	0	discriminator	1500	1	3	lung	lin	lung_XZ_lin_uncond_discriminator_lam1500_s3
LinearSCVI	0	reference	0.5	10	3	lung	lin	lung_XZ_lin_uncond_reference_lam0.5_s3
LinearSCVI	0	reference	1	10	3	lung	lin	lung_XZ_lin_uncond_reference_lam1_s3
LinearSCVI	0	reference	2	10	3	lung	lin	lung_XZ_lin_uncond_reference_lam2_s3
LinearSCVI	0	reference	10	10	3	lung	lin	lung_XZ_lin_uncond_reference_lam10_s3
LinearSCVI	0	reference	100	10	3	lung	lin	lung_XZ_lin_uncond_reference_lam100_s3
LinearSCVI	0	reference	200	10	3	lung	lin	lung_XZ_lin_uncond_reference_lam200_s3
LinearSCVI	0	reference	500	10	3	lung	lin	lung_XZ_lin_uncond_reference_lam500_s3
LinearSCVI	0	reference	1000	10	3	lung	lin	lung_XZ_lin_uncond_reference_lam1000_s3
LinearSCVI	0	reference	1500	10	3	lung	lin	lung_XZ_lin_uncond_reference_lam1500_s3
LinearSCVI	0	pooled	0.5	10	3	lung	lin	lung_XZ_lin_uncond_pooled_lam0.5_s3
LinearSCVI	0	pooled	1	10	3	lung	lin	lung_XZ_lin_uncond_pooled_lam1_s3
LinearSCVI	0	pooled	2	10	3	lung	lin	lung_XZ_lin_uncond_pooled_lam2_s3
LinearSCVI	0	pooled	10	10	3	lung	lin	lung_XZ_lin_uncond_pooled_lam10_s3
LinearSCVI	0	pooled	100	10	3	lung	lin	lung_XZ_lin_uncond_pooled_lam100_s3
LinearSCVI	0	pooled	200	10	3	lung	lin	lung_XZ_lin_uncond_pooled_lam200_s3
LinearSCVI	0	pooled	500	10	3	lung	lin	lung_XZ_lin_uncond_pooled_lam500_s3
LinearSCVI	0	pooled	1000	10	3	lung	lin	lung_XZ_lin_uncond_pooled_lam1000_s3
LinearSCVI	0	pooled	1500	10	3	lung	lin	lung_XZ_lin_uncond_pooled_lam1500_s3
LinearSCVI	0	barycenter	0.5	10	3	lung	lin	lung_XZ_lin_uncond_barycenter_lam0.5_s3
LinearSCVI	0	barycenter	1	10	3	lung	lin	lung_XZ_lin_uncond_barycenter_lam1_s3
LinearSCVI	0	barycenter	2	10	3	lung	lin	lung_XZ_lin_uncond_barycenter_lam2_s3
LinearSCVI	0	barycenter	10	10	3	lung	lin	lung_XZ_lin_uncond_barycenter_lam10_s3
LinearSCVI	0	barycenter	100	10	3	lung	lin	lung_XZ_lin_uncond_barycenter_lam100_s3
LinearSCVI	0	barycenter	200	10	3	lung	lin	lung_XZ_lin_uncond_barycenter_lam200_s3
LinearSCVI	0	barycenter	500	10	3	lung	lin	lung_XZ_lin_uncond_barycenter_lam500_s3
LinearSCVI	0	barycenter	1000	10	3	lung	lin	lung_XZ_lin_uncond_barycenter_lam1000_s3
LinearSCVI	0	barycenter	1500	10	3	lung	lin	lung_XZ_lin_uncond_barycenter_lam1500_s3
LinearSCVI	0	discriminator	0.5	1	4	lung	lin	lung_XZ_lin_uncond_discriminator_lam0.5_s4
LinearSCVI	0	discriminator	1	1	4	lung	lin	lung_XZ_lin_uncond_discriminator_lam1_s4
LinearSCVI	0	discriminator	2	1	4	lung	lin	lung_XZ_lin_uncond_discriminator_lam2_s4
LinearSCVI	0	discriminator	10	1	4	lung	lin	lung_XZ_lin_uncond_discriminator_lam10_s4
LinearSCVI	0	discriminator	100	1	4	lung	lin	lung_XZ_lin_uncond_discriminator_lam100_s4
LinearSCVI	0	discriminator	200	1	4	lung	lin	lung_XZ_lin_uncond_discriminator_lam200_s4
LinearSCVI	0	discriminator	500	1	4	lung	lin	lung_XZ_lin_uncond_discriminator_lam500_s4
LinearSCVI	0	discriminator	1000	1	4	lung	lin	lung_XZ_lin_uncond_discriminator_lam1000_s4
LinearSCVI	0	discriminator	1500	1	4	lung	lin	lung_XZ_lin_uncond_discriminator_lam1500_s4
LinearSCVI	0	reference	0.5	10	4	lung	lin	lung_XZ_lin_uncond_reference_lam0.5_s4
LinearSCVI	0	reference	1	10	4	lung	lin	lung_XZ_lin_uncond_reference_lam1_s4
LinearSCVI	0	reference	2	10	4	lung	lin	lung_XZ_lin_uncond_reference_lam2_s4
LinearSCVI	0	reference	10	10	4	lung	lin	lung_XZ_lin_uncond_reference_lam10_s4
LinearSCVI	0	reference	100	10	4	lung	lin	lung_XZ_lin_uncond_reference_lam100_s4
LinearSCVI	0	reference	200	10	4	lung	lin	lung_XZ_lin_uncond_reference_lam200_s4
LinearSCVI	0	reference	500	10	4	lung	lin	lung_XZ_lin_uncond_reference_lam500_s4
LinearSCVI	0	reference	1000	10	4	lung	lin	lung_XZ_lin_uncond_reference_lam1000_s4
LinearSCVI	0	reference	1500	10	4	lung	lin	lung_XZ_lin_uncond_reference_lam1500_s4
LinearSCVI	0	pooled	0.5	10	4	lung	lin	lung_XZ_lin_uncond_pooled_lam0.5_s4
LinearSCVI	0	pooled	1	10	4	lung	lin	lung_XZ_lin_uncond_pooled_lam1_s4
LinearSCVI	0	pooled	2	10	4	lung	lin	lung_XZ_lin_uncond_pooled_lam2_s4
LinearSCVI	0	pooled	10	10	4	lung	lin	lung_XZ_lin_uncond_pooled_lam10_s4
LinearSCVI	0	pooled	100	10	4	lung	lin	lung_XZ_lin_uncond_pooled_lam100_s4
LinearSCVI	0	pooled	200	10	4	lung	lin	lung_XZ_lin_uncond_pooled_lam200_s4
LinearSCVI	0	pooled	500	10	4	lung	lin	lung_XZ_lin_uncond_pooled_lam500_s4
LinearSCVI	0	pooled	1000	10	4	lung	lin	lung_XZ_lin_uncond_pooled_lam1000_s4
LinearSCVI	0	pooled	1500	10	4	lung	lin	lung_XZ_lin_uncond_pooled_lam1500_s4
LinearSCVI	0	barycenter	0.5	10	4	lung	lin	lung_XZ_lin_uncond_barycenter_lam0.5_s4
LinearSCVI	0	barycenter	1	10	4	lung	lin	lung_XZ_lin_uncond_barycenter_lam1_s4
LinearSCVI	0	barycenter	2	10	4	lung	lin	lung_XZ_lin_uncond_barycenter_lam2_s4
LinearSCVI	0	barycenter	10	10	4	lung	lin	lung_XZ_lin_uncond_barycenter_lam10_s4
LinearSCVI	0	barycenter	100	10	4	lung	lin	lung_XZ_lin_uncond_barycenter_lam100_s4
LinearSCVI	0	barycenter	200	10	4	lung	lin	lung_XZ_lin_uncond_barycenter_lam200_s4
LinearSCVI	0	barycenter	500	10	4	lung	lin	lung_XZ_lin_uncond_barycenter_lam500_s4
LinearSCVI	0	barycenter	1000	10	4	lung	lin	lung_XZ_lin_uncond_barycenter_lam1000_s4
LinearSCVI	0	barycenter	1500	10	4	lung	lin	lung_XZ_lin_uncond_barycenter_lam1500_s4
SCVI	0	discriminator	0.5	1	0	lung	nl	lung_XZ_nl_uncond_discriminator_lam0.5_s0
SCVI	0	discriminator	1	1	0	lung	nl	lung_XZ_nl_uncond_discriminator_lam1_s0
SCVI	0	discriminator	2	1	0	lung	nl	lung_XZ_nl_uncond_discriminator_lam2_s0
SCVI	0	discriminator	10	1	0	lung	nl	lung_XZ_nl_uncond_discriminator_lam10_s0
SCVI	0	discriminator	100	1	0	lung	nl	lung_XZ_nl_uncond_discriminator_lam100_s0
SCVI	0	discriminator	200	1	0	lung	nl	lung_XZ_nl_uncond_discriminator_lam200_s0
SCVI	0	discriminator	500	1	0	lung	nl	lung_XZ_nl_uncond_discriminator_lam500_s0
SCVI	0	discriminator	1000	1	0	lung	nl	lung_XZ_nl_uncond_discriminator_lam1000_s0
SCVI	0	discriminator	1500	1	0	lung	nl	lung_XZ_nl_uncond_discriminator_lam1500_s0
SCVI	0	reference	0.5	10	0	lung	nl	lung_XZ_nl_uncond_reference_lam0.5_s0
SCVI	0	reference	1	10	0	lung	nl	lung_XZ_nl_uncond_reference_lam1_s0
SCVI	0	reference	2	10	0	lung	nl	lung_XZ_nl_uncond_reference_lam2_s0
SCVI	0	reference	10	10	0	lung	nl	lung_XZ_nl_uncond_reference_lam10_s0
SCVI	0	reference	100	10	0	lung	nl	lung_XZ_nl_uncond_reference_lam100_s0
SCVI	0	reference	200	10	0	lung	nl	lung_XZ_nl_uncond_reference_lam200_s0
SCVI	0	reference	500	10	0	lung	nl	lung_XZ_nl_uncond_reference_lam500_s0
SCVI	0	reference	1000	10	0	lung	nl	lung_XZ_nl_uncond_reference_lam1000_s0
SCVI	0	reference	1500	10	0	lung	nl	lung_XZ_nl_uncond_reference_lam1500_s0
SCVI	0	pooled	0.5	10	0	lung	nl	lung_XZ_nl_uncond_pooled_lam0.5_s0
SCVI	0	pooled	1	10	0	lung	nl	lung_XZ_nl_uncond_pooled_lam1_s0
SCVI	0	pooled	2	10	0	lung	nl	lung_XZ_nl_uncond_pooled_lam2_s0
SCVI	0	pooled	10	10	0	lung	nl	lung_XZ_nl_uncond_pooled_lam10_s0
SCVI	0	pooled	100	10	0	lung	nl	lung_XZ_nl_uncond_pooled_lam100_s0
SCVI	0	pooled	200	10	0	lung	nl	lung_XZ_nl_uncond_pooled_lam200_s0
SCVI	0	pooled	500	10	0	lung	nl	lung_XZ_nl_uncond_pooled_lam500_s0
SCVI	0	pooled	1000	10	0	lung	nl	lung_XZ_nl_uncond_pooled_lam1000_s0
SCVI	0	pooled	1500	10	0	lung	nl	lung_XZ_nl_uncond_pooled_lam1500_s0
SCVI	0	barycenter	0.5	10	0	lung	nl	lung_XZ_nl_uncond_barycenter_lam0.5_s0
SCVI	0	barycenter	1	10	0	lung	nl	lung_XZ_nl_uncond_barycenter_lam1_s0
SCVI	0	barycenter	2	10	0	lung	nl	lung_XZ_nl_uncond_barycenter_lam2_s0
SCVI	0	barycenter	10	10	0	lung	nl	lung_XZ_nl_uncond_barycenter_lam10_s0
SCVI	0	barycenter	100	10	0	lung	nl	lung_XZ_nl_uncond_barycenter_lam100_s0
SCVI	0	barycenter	200	10	0	lung	nl	lung_XZ_nl_uncond_barycenter_lam200_s0
SCVI	0	barycenter	500	10	0	lung	nl	lung_XZ_nl_uncond_barycenter_lam500_s0
SCVI	0	barycenter	1000	10	0	lung	nl	lung_XZ_nl_uncond_barycenter_lam1000_s0
SCVI	0	barycenter	1500	10	0	lung	nl	lung_XZ_nl_uncond_barycenter_lam1500_s0
SCVI	0	discriminator	0.5	1	1	lung	nl	lung_XZ_nl_uncond_discriminator_lam0.5_s1
SCVI	0	discriminator	1	1	1	lung	nl	lung_XZ_nl_uncond_discriminator_lam1_s1
SCVI	0	discriminator	2	1	1	lung	nl	lung_XZ_nl_uncond_discriminator_lam2_s1
SCVI	0	discriminator	10	1	1	lung	nl	lung_XZ_nl_uncond_discriminator_lam10_s1
SCVI	0	discriminator	100	1	1	lung	nl	lung_XZ_nl_uncond_discriminator_lam100_s1
SCVI	0	discriminator	200	1	1	lung	nl	lung_XZ_nl_uncond_discriminator_lam200_s1
SCVI	0	discriminator	500	1	1	lung	nl	lung_XZ_nl_uncond_discriminator_lam500_s1
SCVI	0	discriminator	1000	1	1	lung	nl	lung_XZ_nl_uncond_discriminator_lam1000_s1
SCVI	0	discriminator	1500	1	1	lung	nl	lung_XZ_nl_uncond_discriminator_lam1500_s1
SCVI	0	reference	0.5	10	1	lung	nl	lung_XZ_nl_uncond_reference_lam0.5_s1
SCVI	0	reference	1	10	1	lung	nl	lung_XZ_nl_uncond_reference_lam1_s1
SCVI	0	reference	2	10	1	lung	nl	lung_XZ_nl_uncond_reference_lam2_s1
SCVI	0	reference	10	10	1	lung	nl	lung_XZ_nl_uncond_reference_lam10_s1
SCVI	0	reference	100	10	1	lung	nl	lung_XZ_nl_uncond_reference_lam100_s1
SCVI	0	reference	200	10	1	lung	nl	lung_XZ_nl_uncond_reference_lam200_s1
SCVI	0	reference	500	10	1	lung	nl	lung_XZ_nl_uncond_reference_lam500_s1
SCVI	0	reference	1000	10	1	lung	nl	lung_XZ_nl_uncond_reference_lam1000_s1
SCVI	0	reference	1500	10	1	lung	nl	lung_XZ_nl_uncond_reference_lam1500_s1
SCVI	0	pooled	0.5	10	1	lung	nl	lung_XZ_nl_uncond_pooled_lam0.5_s1
SCVI	0	pooled	1	10	1	lung	nl	lung_XZ_nl_uncond_pooled_lam1_s1
SCVI	0	pooled	2	10	1	lung	nl	lung_XZ_nl_uncond_pooled_lam2_s1
SCVI	0	pooled	10	10	1	lung	nl	lung_XZ_nl_uncond_pooled_lam10_s1
SCVI	0	pooled	100	10	1	lung	nl	lung_XZ_nl_uncond_pooled_lam100_s1
SCVI	0	pooled	200	10	1	lung	nl	lung_XZ_nl_uncond_pooled_lam200_s1
SCVI	0	pooled	500	10	1	lung	nl	lung_XZ_nl_uncond_pooled_lam500_s1
SCVI	0	pooled	1000	10	1	lung	nl	lung_XZ_nl_uncond_pooled_lam1000_s1
SCVI	0	pooled	1500	10	1	lung	nl	lung_XZ_nl_uncond_pooled_lam1500_s1
SCVI	0	barycenter	0.5	10	1	lung	nl	lung_XZ_nl_uncond_barycenter_lam0.5_s1
SCVI	0	barycenter	1	10	1	lung	nl	lung_XZ_nl_uncond_barycenter_lam1_s1
SCVI	0	barycenter	2	10	1	lung	nl	lung_XZ_nl_uncond_barycenter_lam2_s1
SCVI	0	barycenter	10	10	1	lung	nl	lung_XZ_nl_uncond_barycenter_lam10_s1
SCVI	0	barycenter	100	10	1	lung	nl	lung_XZ_nl_uncond_barycenter_lam100_s1
SCVI	0	barycenter	200	10	1	lung	nl	lung_XZ_nl_uncond_barycenter_lam200_s1
SCVI	0	barycenter	500	10	1	lung	nl	lung_XZ_nl_uncond_barycenter_lam500_s1
SCVI	0	barycenter	1000	10	1	lung	nl	lung_XZ_nl_uncond_barycenter_lam1000_s1
SCVI	0	barycenter	1500	10	1	lung	nl	lung_XZ_nl_uncond_barycenter_lam1500_s1
SCVI	0	discriminator	0.5	1	2	lung	nl	lung_XZ_nl_uncond_discriminator_lam0.5_s2
SCVI	0	discriminator	1	1	2	lung	nl	lung_XZ_nl_uncond_discriminator_lam1_s2
SCVI	0	discriminator	2	1	2	lung	nl	lung_XZ_nl_uncond_discriminator_lam2_s2
SCVI	0	discriminator	10	1	2	lung	nl	lung_XZ_nl_uncond_discriminator_lam10_s2
SCVI	0	discriminator	100	1	2	lung	nl	lung_XZ_nl_uncond_discriminator_lam100_s2
SCVI	0	discriminator	200	1	2	lung	nl	lung_XZ_nl_uncond_discriminator_lam200_s2
SCVI	0	discriminator	500	1	2	lung	nl	lung_XZ_nl_uncond_discriminator_lam500_s2
SCVI	0	discriminator	1000	1	2	lung	nl	lung_XZ_nl_uncond_discriminator_lam1000_s2
SCVI	0	discriminator	1500	1	2	lung	nl	lung_XZ_nl_uncond_discriminator_lam1500_s2
SCVI	0	reference	0.5	10	2	lung	nl	lung_XZ_nl_uncond_reference_lam0.5_s2
SCVI	0	reference	1	10	2	lung	nl	lung_XZ_nl_uncond_reference_lam1_s2
SCVI	0	reference	2	10	2	lung	nl	lung_XZ_nl_uncond_reference_lam2_s2
SCVI	0	reference	10	10	2	lung	nl	lung_XZ_nl_uncond_reference_lam10_s2
SCVI	0	reference	100	10	2	lung	nl	lung_XZ_nl_uncond_reference_lam100_s2
SCVI	0	reference	200	10	2	lung	nl	lung_XZ_nl_uncond_reference_lam200_s2
SCVI	0	reference	500	10	2	lung	nl	lung_XZ_nl_uncond_reference_lam500_s2
SCVI	0	reference	1000	10	2	lung	nl	lung_XZ_nl_uncond_reference_lam1000_s2
SCVI	0	reference	1500	10	2	lung	nl	lung_XZ_nl_uncond_reference_lam1500_s2
SCVI	0	pooled	0.5	10	2	lung	nl	lung_XZ_nl_uncond_pooled_lam0.5_s2
SCVI	0	pooled	1	10	2	lung	nl	lung_XZ_nl_uncond_pooled_lam1_s2
SCVI	0	pooled	2	10	2	lung	nl	lung_XZ_nl_uncond_pooled_lam2_s2
SCVI	0	pooled	10	10	2	lung	nl	lung_XZ_nl_uncond_pooled_lam10_s2
SCVI	0	pooled	100	10	2	lung	nl	lung_XZ_nl_uncond_pooled_lam100_s2
SCVI	0	pooled	200	10	2	lung	nl	lung_XZ_nl_uncond_pooled_lam200_s2
SCVI	0	pooled	500	10	2	lung	nl	lung_XZ_nl_uncond_pooled_lam500_s2
SCVI	0	pooled	1000	10	2	lung	nl	lung_XZ_nl_uncond_pooled_lam1000_s2
SCVI	0	pooled	1500	10	2	lung	nl	lung_XZ_nl_uncond_pooled_lam1500_s2
SCVI	0	barycenter	0.5	10	2	lung	nl	lung_XZ_nl_uncond_barycenter_lam0.5_s2
SCVI	0	barycenter	1	10	2	lung	nl	lung_XZ_nl_uncond_barycenter_lam1_s2
SCVI	0	barycenter	2	10	2	lung	nl	lung_XZ_nl_uncond_barycenter_lam2_s2
SCVI	0	barycenter	10	10	2	lung	nl	lung_XZ_nl_uncond_barycenter_lam10_s2
SCVI	0	barycenter	100	10	2	lung	nl	lung_XZ_nl_uncond_barycenter_lam100_s2
SCVI	0	barycenter	200	10	2	lung	nl	lung_XZ_nl_uncond_barycenter_lam200_s2
SCVI	0	barycenter	500	10	2	lung	nl	lung_XZ_nl_uncond_barycenter_lam500_s2
SCVI	0	barycenter	1000	10	2	lung	nl	lung_XZ_nl_uncond_barycenter_lam1000_s2
SCVI	0	barycenter	1500	10	2	lung	nl	lung_XZ_nl_uncond_barycenter_lam1500_s2
SCVI	0	discriminator	0.5	1	3	lung	nl	lung_XZ_nl_uncond_discriminator_lam0.5_s3
SCVI	0	discriminator	1	1	3	lung	nl	lung_XZ_nl_uncond_discriminator_lam1_s3
SCVI	0	discriminator	2	1	3	lung	nl	lung_XZ_nl_uncond_discriminator_lam2_s3
SCVI	0	discriminator	10	1	3	lung	nl	lung_XZ_nl_uncond_discriminator_lam10_s3
SCVI	0	discriminator	100	1	3	lung	nl	lung_XZ_nl_uncond_discriminator_lam100_s3
SCVI	0	discriminator	200	1	3	lung	nl	lung_XZ_nl_uncond_discriminator_lam200_s3
SCVI	0	discriminator	500	1	3	lung	nl	lung_XZ_nl_uncond_discriminator_lam500_s3
SCVI	0	discriminator	1000	1	3	lung	nl	lung_XZ_nl_uncond_discriminator_lam1000_s3
SCVI	0	discriminator	1500	1	3	lung	nl	lung_XZ_nl_uncond_discriminator_lam1500_s3
SCVI	0	reference	0.5	10	3	lung	nl	lung_XZ_nl_uncond_reference_lam0.5_s3
SCVI	0	reference	1	10	3	lung	nl	lung_XZ_nl_uncond_reference_lam1_s3
SCVI	0	reference	2	10	3	lung	nl	lung_XZ_nl_uncond_reference_lam2_s3
SCVI	0	reference	10	10	3	lung	nl	lung_XZ_nl_uncond_reference_lam10_s3
SCVI	0	reference	100	10	3	lung	nl	lung_XZ_nl_uncond_reference_lam100_s3
SCVI	0	reference	200	10	3	lung	nl	lung_XZ_nl_uncond_reference_lam200_s3
SCVI	0	reference	500	10	3	lung	nl	lung_XZ_nl_uncond_reference_lam500_s3
SCVI	0	reference	1000	10	3	lung	nl	lung_XZ_nl_uncond_reference_lam1000_s3
SCVI	0	reference	1500	10	3	lung	nl	lung_XZ_nl_uncond_reference_lam1500_s3
SCVI	0	pooled	0.5	10	3	lung	nl	lung_XZ_nl_uncond_pooled_lam0.5_s3
SCVI	0	pooled	1	10	3	lung	nl	lung_XZ_nl_uncond_pooled_lam1_s3
SCVI	0	pooled	2	10	3	lung	nl	lung_XZ_nl_uncond_pooled_lam2_s3
SCVI	0	pooled	10	10	3	lung	nl	lung_XZ_nl_uncond_pooled_lam10_s3
SCVI	0	pooled	100	10	3	lung	nl	lung_XZ_nl_uncond_pooled_lam100_s3
SCVI	0	pooled	200	10	3	lung	nl	lung_XZ_nl_uncond_pooled_lam200_s3
SCVI	0	pooled	500	10	3	lung	nl	lung_XZ_nl_uncond_pooled_lam500_s3
SCVI	0	pooled	1000	10	3	lung	nl	lung_XZ_nl_uncond_pooled_lam1000_s3
SCVI	0	pooled	1500	10	3	lung	nl	lung_XZ_nl_uncond_pooled_lam1500_s3
SCVI	0	barycenter	0.5	10	3	lung	nl	lung_XZ_nl_uncond_barycenter_lam0.5_s3
SCVI	0	barycenter	1	10	3	lung	nl	lung_XZ_nl_uncond_barycenter_lam1_s3
SCVI	0	barycenter	2	10	3	lung	nl	lung_XZ_nl_uncond_barycenter_lam2_s3
SCVI	0	barycenter	10	10	3	lung	nl	lung_XZ_nl_uncond_barycenter_lam10_s3
SCVI	0	barycenter	100	10	3	lung	nl	lung_XZ_nl_uncond_barycenter_lam100_s3
SCVI	0	barycenter	200	10	3	lung	nl	lung_XZ_nl_uncond_barycenter_lam200_s3
SCVI	0	barycenter	500	10	3	lung	nl	lung_XZ_nl_uncond_barycenter_lam500_s3
SCVI	0	barycenter	1000	10	3	lung	nl	lung_XZ_nl_uncond_barycenter_lam1000_s3
SCVI	0	barycenter	1500	10	3	lung	nl	lung_XZ_nl_uncond_barycenter_lam1500_s3
SCVI	0	discriminator	0.5	1	4	lung	nl	lung_XZ_nl_uncond_discriminator_lam0.5_s4
SCVI	0	discriminator	1	1	4	lung	nl	lung_XZ_nl_uncond_discriminator_lam1_s4
SCVI	0	discriminator	2	1	4	lung	nl	lung_XZ_nl_uncond_discriminator_lam2_s4
SCVI	0	discriminator	10	1	4	lung	nl	lung_XZ_nl_uncond_discriminator_lam10_s4
SCVI	0	discriminator	100	1	4	lung	nl	lung_XZ_nl_uncond_discriminator_lam100_s4
SCVI	0	discriminator	200	1	4	lung	nl	lung_XZ_nl_uncond_discriminator_lam200_s4
SCVI	0	discriminator	500	1	4	lung	nl	lung_XZ_nl_uncond_discriminator_lam500_s4
SCVI	0	discriminator	1000	1	4	lung	nl	lung_XZ_nl_uncond_discriminator_lam1000_s4
SCVI	0	discriminator	1500	1	4	lung	nl	lung_XZ_nl_uncond_discriminator_lam1500_s4
SCVI	0	reference	0.5	10	4	lung	nl	lung_XZ_nl_uncond_reference_lam0.5_s4
SCVI	0	reference	1	10	4	lung	nl	lung_XZ_nl_uncond_reference_lam1_s4
SCVI	0	reference	2	10	4	lung	nl	lung_XZ_nl_uncond_reference_lam2_s4
SCVI	0	reference	10	10	4	lung	nl	lung_XZ_nl_uncond_reference_lam10_s4
SCVI	0	reference	100	10	4	lung	nl	lung_XZ_nl_uncond_reference_lam100_s4
SCVI	0	reference	200	10	4	lung	nl	lung_XZ_nl_uncond_reference_lam200_s4
SCVI	0	reference	500	10	4	lung	nl	lung_XZ_nl_uncond_reference_lam500_s4
SCVI	0	reference	1000	10	4	lung	nl	lung_XZ_nl_uncond_reference_lam1000_s4
SCVI	0	reference	1500	10	4	lung	nl	lung_XZ_nl_uncond_reference_lam1500_s4
SCVI	0	pooled	0.5	10	4	lung	nl	lung_XZ_nl_uncond_pooled_lam0.5_s4
SCVI	0	pooled	1	10	4	lung	nl	lung_XZ_nl_uncond_pooled_lam1_s4
SCVI	0	pooled	2	10	4	lung	nl	lung_XZ_nl_uncond_pooled_lam2_s4
SCVI	0	pooled	10	10	4	lung	nl	lung_XZ_nl_uncond_pooled_lam10_s4
SCVI	0	pooled	100	10	4	lung	nl	lung_XZ_nl_uncond_pooled_lam100_s4
SCVI	0	pooled	200	10	4	lung	nl	lung_XZ_nl_uncond_pooled_lam200_s4
SCVI	0	pooled	500	10	4	lung	nl	lung_XZ_nl_uncond_pooled_lam500_s4
SCVI	0	pooled	1000	10	4	lung	nl	lung_XZ_nl_uncond_pooled_lam1000_s4
SCVI	0	pooled	1500	10	4	lung	nl	lung_XZ_nl_uncond_pooled_lam1500_s4
SCVI	0	barycenter	0.5	10	4	lung	nl	lung_XZ_nl_uncond_barycenter_lam0.5_s4
SCVI	0	barycenter	1	10	4	lung	nl	lung_XZ_nl_uncond_barycenter_lam1_s4
SCVI	0	barycenter	2	10	4	lung	nl	lung_XZ_nl_uncond_barycenter_lam2_s4
SCVI	0	barycenter	10	10	4	lung	nl	lung_XZ_nl_uncond_barycenter_lam10_s4
SCVI	0	barycenter	100	10	4	lung	nl	lung_XZ_nl_uncond_barycenter_lam100_s4
SCVI	0	barycenter	200	10	4	lung	nl	lung_XZ_nl_uncond_barycenter_lam200_s4
SCVI	0	barycenter	500	10	4	lung	nl	lung_XZ_nl_uncond_barycenter_lam500_s4
SCVI	0	barycenter	1000	10	4	lung	nl	lung_XZ_nl_uncond_barycenter_lam1000_s4
SCVI	0	barycenter	1500	10	4	lung	nl	lung_XZ_nl_uncond_barycenter_lam1500_s4
LinearSCVI	0	discriminator	0.5	1	0	sim1	lin	sim1_XZ_lin_uncond_discriminator_lam0.5_s0
LinearSCVI	0	discriminator	1	1	0	sim1	lin	sim1_XZ_lin_uncond_discriminator_lam1_s0
LinearSCVI	0	discriminator	2	1	0	sim1	lin	sim1_XZ_lin_uncond_discriminator_lam2_s0
LinearSCVI	0	discriminator	10	1	0	sim1	lin	sim1_XZ_lin_uncond_discriminator_lam10_s0
LinearSCVI	0	discriminator	100	1	0	sim1	lin	sim1_XZ_lin_uncond_discriminator_lam100_s0
LinearSCVI	0	discriminator	200	1	0	sim1	lin	sim1_XZ_lin_uncond_discriminator_lam200_s0
LinearSCVI	0	discriminator	500	1	0	sim1	lin	sim1_XZ_lin_uncond_discriminator_lam500_s0
LinearSCVI	0	discriminator	1000	1	0	sim1	lin	sim1_XZ_lin_uncond_discriminator_lam1000_s0
LinearSCVI	0	discriminator	1500	1	0	sim1	lin	sim1_XZ_lin_uncond_discriminator_lam1500_s0
LinearSCVI	0	reference	0.5	10	0	sim1	lin	sim1_XZ_lin_uncond_reference_lam0.5_s0
LinearSCVI	0	reference	1	10	0	sim1	lin	sim1_XZ_lin_uncond_reference_lam1_s0
LinearSCVI	0	reference	2	10	0	sim1	lin	sim1_XZ_lin_uncond_reference_lam2_s0
LinearSCVI	0	reference	10	10	0	sim1	lin	sim1_XZ_lin_uncond_reference_lam10_s0
LinearSCVI	0	reference	100	10	0	sim1	lin	sim1_XZ_lin_uncond_reference_lam100_s0
LinearSCVI	0	reference	200	10	0	sim1	lin	sim1_XZ_lin_uncond_reference_lam200_s0
LinearSCVI	0	reference	500	10	0	sim1	lin	sim1_XZ_lin_uncond_reference_lam500_s0
LinearSCVI	0	reference	1000	10	0	sim1	lin	sim1_XZ_lin_uncond_reference_lam1000_s0
LinearSCVI	0	reference	1500	10	0	sim1	lin	sim1_XZ_lin_uncond_reference_lam1500_s0
LinearSCVI	0	pooled	0.5	10	0	sim1	lin	sim1_XZ_lin_uncond_pooled_lam0.5_s0
LinearSCVI	0	pooled	1	10	0	sim1	lin	sim1_XZ_lin_uncond_pooled_lam1_s0
LinearSCVI	0	pooled	2	10	0	sim1	lin	sim1_XZ_lin_uncond_pooled_lam2_s0
LinearSCVI	0	pooled	10	10	0	sim1	lin	sim1_XZ_lin_uncond_pooled_lam10_s0
LinearSCVI	0	pooled	100	10	0	sim1	lin	sim1_XZ_lin_uncond_pooled_lam100_s0
LinearSCVI	0	pooled	200	10	0	sim1	lin	sim1_XZ_lin_uncond_pooled_lam200_s0
LinearSCVI	0	pooled	500	10	0	sim1	lin	sim1_XZ_lin_uncond_pooled_lam500_s0
LinearSCVI	0	pooled	1000	10	0	sim1	lin	sim1_XZ_lin_uncond_pooled_lam1000_s0
LinearSCVI	0	pooled	1500	10	0	sim1	lin	sim1_XZ_lin_uncond_pooled_lam1500_s0
LinearSCVI	0	barycenter	0.5	10	0	sim1	lin	sim1_XZ_lin_uncond_barycenter_lam0.5_s0
LinearSCVI	0	barycenter	1	10	0	sim1	lin	sim1_XZ_lin_uncond_barycenter_lam1_s0
LinearSCVI	0	barycenter	2	10	0	sim1	lin	sim1_XZ_lin_uncond_barycenter_lam2_s0
LinearSCVI	0	barycenter	10	10	0	sim1	lin	sim1_XZ_lin_uncond_barycenter_lam10_s0
LinearSCVI	0	barycenter	100	10	0	sim1	lin	sim1_XZ_lin_uncond_barycenter_lam100_s0
LinearSCVI	0	barycenter	200	10	0	sim1	lin	sim1_XZ_lin_uncond_barycenter_lam200_s0
LinearSCVI	0	barycenter	500	10	0	sim1	lin	sim1_XZ_lin_uncond_barycenter_lam500_s0
LinearSCVI	0	barycenter	1000	10	0	sim1	lin	sim1_XZ_lin_uncond_barycenter_lam1000_s0
LinearSCVI	0	barycenter	1500	10	0	sim1	lin	sim1_XZ_lin_uncond_barycenter_lam1500_s0
LinearSCVI	0	discriminator	0.5	1	1	sim1	lin	sim1_XZ_lin_uncond_discriminator_lam0.5_s1
LinearSCVI	0	discriminator	1	1	1	sim1	lin	sim1_XZ_lin_uncond_discriminator_lam1_s1
LinearSCVI	0	discriminator	2	1	1	sim1	lin	sim1_XZ_lin_uncond_discriminator_lam2_s1
LinearSCVI	0	discriminator	10	1	1	sim1	lin	sim1_XZ_lin_uncond_discriminator_lam10_s1
LinearSCVI	0	discriminator	100	1	1	sim1	lin	sim1_XZ_lin_uncond_discriminator_lam100_s1
LinearSCVI	0	discriminator	200	1	1	sim1	lin	sim1_XZ_lin_uncond_discriminator_lam200_s1
LinearSCVI	0	discriminator	500	1	1	sim1	lin	sim1_XZ_lin_uncond_discriminator_lam500_s1
LinearSCVI	0	discriminator	1000	1	1	sim1	lin	sim1_XZ_lin_uncond_discriminator_lam1000_s1
LinearSCVI	0	discriminator	1500	1	1	sim1	lin	sim1_XZ_lin_uncond_discriminator_lam1500_s1
LinearSCVI	0	reference	0.5	10	1	sim1	lin	sim1_XZ_lin_uncond_reference_lam0.5_s1
LinearSCVI	0	reference	1	10	1	sim1	lin	sim1_XZ_lin_uncond_reference_lam1_s1
LinearSCVI	0	reference	2	10	1	sim1	lin	sim1_XZ_lin_uncond_reference_lam2_s1
LinearSCVI	0	reference	10	10	1	sim1	lin	sim1_XZ_lin_uncond_reference_lam10_s1
LinearSCVI	0	reference	100	10	1	sim1	lin	sim1_XZ_lin_uncond_reference_lam100_s1
LinearSCVI	0	reference	200	10	1	sim1	lin	sim1_XZ_lin_uncond_reference_lam200_s1
LinearSCVI	0	reference	500	10	1	sim1	lin	sim1_XZ_lin_uncond_reference_lam500_s1
LinearSCVI	0	reference	1000	10	1	sim1	lin	sim1_XZ_lin_uncond_reference_lam1000_s1
LinearSCVI	0	reference	1500	10	1	sim1	lin	sim1_XZ_lin_uncond_reference_lam1500_s1
LinearSCVI	0	pooled	0.5	10	1	sim1	lin	sim1_XZ_lin_uncond_pooled_lam0.5_s1
LinearSCVI	0	pooled	1	10	1	sim1	lin	sim1_XZ_lin_uncond_pooled_lam1_s1
LinearSCVI	0	pooled	2	10	1	sim1	lin	sim1_XZ_lin_uncond_pooled_lam2_s1
LinearSCVI	0	pooled	10	10	1	sim1	lin	sim1_XZ_lin_uncond_pooled_lam10_s1
LinearSCVI	0	pooled	100	10	1	sim1	lin	sim1_XZ_lin_uncond_pooled_lam100_s1
LinearSCVI	0	pooled	200	10	1	sim1	lin	sim1_XZ_lin_uncond_pooled_lam200_s1
LinearSCVI	0	pooled	500	10	1	sim1	lin	sim1_XZ_lin_uncond_pooled_lam500_s1
LinearSCVI	0	pooled	1000	10	1	sim1	lin	sim1_XZ_lin_uncond_pooled_lam1000_s1
LinearSCVI	0	pooled	1500	10	1	sim1	lin	sim1_XZ_lin_uncond_pooled_lam1500_s1
LinearSCVI	0	barycenter	0.5	10	1	sim1	lin	sim1_XZ_lin_uncond_barycenter_lam0.5_s1
LinearSCVI	0	barycenter	1	10	1	sim1	lin	sim1_XZ_lin_uncond_barycenter_lam1_s1
LinearSCVI	0	barycenter	2	10	1	sim1	lin	sim1_XZ_lin_uncond_barycenter_lam2_s1
LinearSCVI	0	barycenter	10	10	1	sim1	lin	sim1_XZ_lin_uncond_barycenter_lam10_s1
LinearSCVI	0	barycenter	100	10	1	sim1	lin	sim1_XZ_lin_uncond_barycenter_lam100_s1
LinearSCVI	0	barycenter	200	10	1	sim1	lin	sim1_XZ_lin_uncond_barycenter_lam200_s1
LinearSCVI	0	barycenter	500	10	1	sim1	lin	sim1_XZ_lin_uncond_barycenter_lam500_s1
LinearSCVI	0	barycenter	1000	10	1	sim1	lin	sim1_XZ_lin_uncond_barycenter_lam1000_s1
LinearSCVI	0	barycenter	1500	10	1	sim1	lin	sim1_XZ_lin_uncond_barycenter_lam1500_s1
LinearSCVI	0	discriminator	0.5	1	2	sim1	lin	sim1_XZ_lin_uncond_discriminator_lam0.5_s2
LinearSCVI	0	discriminator	1	1	2	sim1	lin	sim1_XZ_lin_uncond_discriminator_lam1_s2
LinearSCVI	0	discriminator	2	1	2	sim1	lin	sim1_XZ_lin_uncond_discriminator_lam2_s2
LinearSCVI	0	discriminator	10	1	2	sim1	lin	sim1_XZ_lin_uncond_discriminator_lam10_s2
LinearSCVI	0	discriminator	100	1	2	sim1	lin	sim1_XZ_lin_uncond_discriminator_lam100_s2
LinearSCVI	0	discriminator	200	1	2	sim1	lin	sim1_XZ_lin_uncond_discriminator_lam200_s2
LinearSCVI	0	discriminator	500	1	2	sim1	lin	sim1_XZ_lin_uncond_discriminator_lam500_s2
LinearSCVI	0	discriminator	1000	1	2	sim1	lin	sim1_XZ_lin_uncond_discriminator_lam1000_s2
LinearSCVI	0	discriminator	1500	1	2	sim1	lin	sim1_XZ_lin_uncond_discriminator_lam1500_s2
LinearSCVI	0	reference	0.5	10	2	sim1	lin	sim1_XZ_lin_uncond_reference_lam0.5_s2
LinearSCVI	0	reference	1	10	2	sim1	lin	sim1_XZ_lin_uncond_reference_lam1_s2
LinearSCVI	0	reference	2	10	2	sim1	lin	sim1_XZ_lin_uncond_reference_lam2_s2
LinearSCVI	0	reference	10	10	2	sim1	lin	sim1_XZ_lin_uncond_reference_lam10_s2
LinearSCVI	0	reference	100	10	2	sim1	lin	sim1_XZ_lin_uncond_reference_lam100_s2
LinearSCVI	0	reference	200	10	2	sim1	lin	sim1_XZ_lin_uncond_reference_lam200_s2
LinearSCVI	0	reference	500	10	2	sim1	lin	sim1_XZ_lin_uncond_reference_lam500_s2
LinearSCVI	0	reference	1000	10	2	sim1	lin	sim1_XZ_lin_uncond_reference_lam1000_s2
LinearSCVI	0	reference	1500	10	2	sim1	lin	sim1_XZ_lin_uncond_reference_lam1500_s2
LinearSCVI	0	pooled	0.5	10	2	sim1	lin	sim1_XZ_lin_uncond_pooled_lam0.5_s2
LinearSCVI	0	pooled	1	10	2	sim1	lin	sim1_XZ_lin_uncond_pooled_lam1_s2
LinearSCVI	0	pooled	2	10	2	sim1	lin	sim1_XZ_lin_uncond_pooled_lam2_s2
LinearSCVI	0	pooled	10	10	2	sim1	lin	sim1_XZ_lin_uncond_pooled_lam10_s2
LinearSCVI	0	pooled	100	10	2	sim1	lin	sim1_XZ_lin_uncond_pooled_lam100_s2
LinearSCVI	0	pooled	200	10	2	sim1	lin	sim1_XZ_lin_uncond_pooled_lam200_s2
LinearSCVI	0	pooled	500	10	2	sim1	lin	sim1_XZ_lin_uncond_pooled_lam500_s2
LinearSCVI	0	pooled	1000	10	2	sim1	lin	sim1_XZ_lin_uncond_pooled_lam1000_s2
LinearSCVI	0	pooled	1500	10	2	sim1	lin	sim1_XZ_lin_uncond_pooled_lam1500_s2
LinearSCVI	0	barycenter	0.5	10	2	sim1	lin	sim1_XZ_lin_uncond_barycenter_lam0.5_s2
LinearSCVI	0	barycenter	1	10	2	sim1	lin	sim1_XZ_lin_uncond_barycenter_lam1_s2
LinearSCVI	0	barycenter	2	10	2	sim1	lin	sim1_XZ_lin_uncond_barycenter_lam2_s2
LinearSCVI	0	barycenter	10	10	2	sim1	lin	sim1_XZ_lin_uncond_barycenter_lam10_s2
LinearSCVI	0	barycenter	100	10	2	sim1	lin	sim1_XZ_lin_uncond_barycenter_lam100_s2
LinearSCVI	0	barycenter	200	10	2	sim1	lin	sim1_XZ_lin_uncond_barycenter_lam200_s2
LinearSCVI	0	barycenter	500	10	2	sim1	lin	sim1_XZ_lin_uncond_barycenter_lam500_s2
LinearSCVI	0	barycenter	1000	10	2	sim1	lin	sim1_XZ_lin_uncond_barycenter_lam1000_s2
LinearSCVI	0	barycenter	1500	10	2	sim1	lin	sim1_XZ_lin_uncond_barycenter_lam1500_s2
LinearSCVI	0	discriminator	0.5	1	3	sim1	lin	sim1_XZ_lin_uncond_discriminator_lam0.5_s3
LinearSCVI	0	discriminator	1	1	3	sim1	lin	sim1_XZ_lin_uncond_discriminator_lam1_s3
LinearSCVI	0	discriminator	2	1	3	sim1	lin	sim1_XZ_lin_uncond_discriminator_lam2_s3
LinearSCVI	0	discriminator	10	1	3	sim1	lin	sim1_XZ_lin_uncond_discriminator_lam10_s3
LinearSCVI	0	discriminator	100	1	3	sim1	lin	sim1_XZ_lin_uncond_discriminator_lam100_s3
LinearSCVI	0	discriminator	200	1	3	sim1	lin	sim1_XZ_lin_uncond_discriminator_lam200_s3
LinearSCVI	0	discriminator	500	1	3	sim1	lin	sim1_XZ_lin_uncond_discriminator_lam500_s3
LinearSCVI	0	discriminator	1000	1	3	sim1	lin	sim1_XZ_lin_uncond_discriminator_lam1000_s3
LinearSCVI	0	discriminator	1500	1	3	sim1	lin	sim1_XZ_lin_uncond_discriminator_lam1500_s3
LinearSCVI	0	reference	0.5	10	3	sim1	lin	sim1_XZ_lin_uncond_reference_lam0.5_s3
LinearSCVI	0	reference	1	10	3	sim1	lin	sim1_XZ_lin_uncond_reference_lam1_s3
LinearSCVI	0	reference	2	10	3	sim1	lin	sim1_XZ_lin_uncond_reference_lam2_s3
LinearSCVI	0	reference	10	10	3	sim1	lin	sim1_XZ_lin_uncond_reference_lam10_s3
LinearSCVI	0	reference	100	10	3	sim1	lin	sim1_XZ_lin_uncond_reference_lam100_s3
LinearSCVI	0	reference	200	10	3	sim1	lin	sim1_XZ_lin_uncond_reference_lam200_s3
LinearSCVI	0	reference	500	10	3	sim1	lin	sim1_XZ_lin_uncond_reference_lam500_s3
LinearSCVI	0	reference	1000	10	3	sim1	lin	sim1_XZ_lin_uncond_reference_lam1000_s3
LinearSCVI	0	reference	1500	10	3	sim1	lin	sim1_XZ_lin_uncond_reference_lam1500_s3
LinearSCVI	0	pooled	0.5	10	3	sim1	lin	sim1_XZ_lin_uncond_pooled_lam0.5_s3
LinearSCVI	0	pooled	1	10	3	sim1	lin	sim1_XZ_lin_uncond_pooled_lam1_s3
LinearSCVI	0	pooled	2	10	3	sim1	lin	sim1_XZ_lin_uncond_pooled_lam2_s3
LinearSCVI	0	pooled	10	10	3	sim1	lin	sim1_XZ_lin_uncond_pooled_lam10_s3
LinearSCVI	0	pooled	100	10	3	sim1	lin	sim1_XZ_lin_uncond_pooled_lam100_s3
LinearSCVI	0	pooled	200	10	3	sim1	lin	sim1_XZ_lin_uncond_pooled_lam200_s3
LinearSCVI	0	pooled	500	10	3	sim1	lin	sim1_XZ_lin_uncond_pooled_lam500_s3
LinearSCVI	0	pooled	1000	10	3	sim1	lin	sim1_XZ_lin_uncond_pooled_lam1000_s3
LinearSCVI	0	pooled	1500	10	3	sim1	lin	sim1_XZ_lin_uncond_pooled_lam1500_s3
LinearSCVI	0	barycenter	0.5	10	3	sim1	lin	sim1_XZ_lin_uncond_barycenter_lam0.5_s3
LinearSCVI	0	barycenter	1	10	3	sim1	lin	sim1_XZ_lin_uncond_barycenter_lam1_s3
LinearSCVI	0	barycenter	2	10	3	sim1	lin	sim1_XZ_lin_uncond_barycenter_lam2_s3
LinearSCVI	0	barycenter	10	10	3	sim1	lin	sim1_XZ_lin_uncond_barycenter_lam10_s3
LinearSCVI	0	barycenter	100	10	3	sim1	lin	sim1_XZ_lin_uncond_barycenter_lam100_s3
LinearSCVI	0	barycenter	200	10	3	sim1	lin	sim1_XZ_lin_uncond_barycenter_lam200_s3
LinearSCVI	0	barycenter	500	10	3	sim1	lin	sim1_XZ_lin_uncond_barycenter_lam500_s3
LinearSCVI	0	barycenter	1000	10	3	sim1	lin	sim1_XZ_lin_uncond_barycenter_lam1000_s3
LinearSCVI	0	barycenter	1500	10	3	sim1	lin	sim1_XZ_lin_uncond_barycenter_lam1500_s3
LinearSCVI	0	discriminator	0.5	1	4	sim1	lin	sim1_XZ_lin_uncond_discriminator_lam0.5_s4
LinearSCVI	0	discriminator	1	1	4	sim1	lin	sim1_XZ_lin_uncond_discriminator_lam1_s4
LinearSCVI	0	discriminator	2	1	4	sim1	lin	sim1_XZ_lin_uncond_discriminator_lam2_s4
LinearSCVI	0	discriminator	10	1	4	sim1	lin	sim1_XZ_lin_uncond_discriminator_lam10_s4
LinearSCVI	0	discriminator	100	1	4	sim1	lin	sim1_XZ_lin_uncond_discriminator_lam100_s4
LinearSCVI	0	discriminator	200	1	4	sim1	lin	sim1_XZ_lin_uncond_discriminator_lam200_s4
LinearSCVI	0	discriminator	500	1	4	sim1	lin	sim1_XZ_lin_uncond_discriminator_lam500_s4
LinearSCVI	0	discriminator	1000	1	4	sim1	lin	sim1_XZ_lin_uncond_discriminator_lam1000_s4
LinearSCVI	0	discriminator	1500	1	4	sim1	lin	sim1_XZ_lin_uncond_discriminator_lam1500_s4
LinearSCVI	0	reference	0.5	10	4	sim1	lin	sim1_XZ_lin_uncond_reference_lam0.5_s4
LinearSCVI	0	reference	1	10	4	sim1	lin	sim1_XZ_lin_uncond_reference_lam1_s4
LinearSCVI	0	reference	2	10	4	sim1	lin	sim1_XZ_lin_uncond_reference_lam2_s4
LinearSCVI	0	reference	10	10	4	sim1	lin	sim1_XZ_lin_uncond_reference_lam10_s4
LinearSCVI	0	reference	100	10	4	sim1	lin	sim1_XZ_lin_uncond_reference_lam100_s4
LinearSCVI	0	reference	200	10	4	sim1	lin	sim1_XZ_lin_uncond_reference_lam200_s4
LinearSCVI	0	reference	500	10	4	sim1	lin	sim1_XZ_lin_uncond_reference_lam500_s4
LinearSCVI	0	reference	1000	10	4	sim1	lin	sim1_XZ_lin_uncond_reference_lam1000_s4
LinearSCVI	0	reference	1500	10	4	sim1	lin	sim1_XZ_lin_uncond_reference_lam1500_s4
LinearSCVI	0	pooled	0.5	10	4	sim1	lin	sim1_XZ_lin_uncond_pooled_lam0.5_s4
LinearSCVI	0	pooled	1	10	4	sim1	lin	sim1_XZ_lin_uncond_pooled_lam1_s4
LinearSCVI	0	pooled	2	10	4	sim1	lin	sim1_XZ_lin_uncond_pooled_lam2_s4
LinearSCVI	0	pooled	10	10	4	sim1	lin	sim1_XZ_lin_uncond_pooled_lam10_s4
LinearSCVI	0	pooled	100	10	4	sim1	lin	sim1_XZ_lin_uncond_pooled_lam100_s4
LinearSCVI	0	pooled	200	10	4	sim1	lin	sim1_XZ_lin_uncond_pooled_lam200_s4
LinearSCVI	0	pooled	500	10	4	sim1	lin	sim1_XZ_lin_uncond_pooled_lam500_s4
LinearSCVI	0	pooled	1000	10	4	sim1	lin	sim1_XZ_lin_uncond_pooled_lam1000_s4
LinearSCVI	0	pooled	1500	10	4	sim1	lin	sim1_XZ_lin_uncond_pooled_lam1500_s4
LinearSCVI	0	barycenter	0.5	10	4	sim1	lin	sim1_XZ_lin_uncond_barycenter_lam0.5_s4
LinearSCVI	0	barycenter	1	10	4	sim1	lin	sim1_XZ_lin_uncond_barycenter_lam1_s4
LinearSCVI	0	barycenter	2	10	4	sim1	lin	sim1_XZ_lin_uncond_barycenter_lam2_s4
LinearSCVI	0	barycenter	10	10	4	sim1	lin	sim1_XZ_lin_uncond_barycenter_lam10_s4
LinearSCVI	0	barycenter	100	10	4	sim1	lin	sim1_XZ_lin_uncond_barycenter_lam100_s4
LinearSCVI	0	barycenter	200	10	4	sim1	lin	sim1_XZ_lin_uncond_barycenter_lam200_s4
LinearSCVI	0	barycenter	500	10	4	sim1	lin	sim1_XZ_lin_uncond_barycenter_lam500_s4
LinearSCVI	0	barycenter	1000	10	4	sim1	lin	sim1_XZ_lin_uncond_barycenter_lam1000_s4
LinearSCVI	0	barycenter	1500	10	4	sim1	lin	sim1_XZ_lin_uncond_barycenter_lam1500_s4
SCVI	0	discriminator	0.5	1	0	sim1	nl	sim1_XZ_nl_uncond_discriminator_lam0.5_s0
SCVI	0	discriminator	1	1	0	sim1	nl	sim1_XZ_nl_uncond_discriminator_lam1_s0
SCVI	0	discriminator	2	1	0	sim1	nl	sim1_XZ_nl_uncond_discriminator_lam2_s0
SCVI	0	discriminator	10	1	0	sim1	nl	sim1_XZ_nl_uncond_discriminator_lam10_s0
SCVI	0	discriminator	100	1	0	sim1	nl	sim1_XZ_nl_uncond_discriminator_lam100_s0
SCVI	0	discriminator	200	1	0	sim1	nl	sim1_XZ_nl_uncond_discriminator_lam200_s0
SCVI	0	discriminator	500	1	0	sim1	nl	sim1_XZ_nl_uncond_discriminator_lam500_s0
SCVI	0	discriminator	1000	1	0	sim1	nl	sim1_XZ_nl_uncond_discriminator_lam1000_s0
SCVI	0	discriminator	1500	1	0	sim1	nl	sim1_XZ_nl_uncond_discriminator_lam1500_s0
SCVI	0	reference	0.5	10	0	sim1	nl	sim1_XZ_nl_uncond_reference_lam0.5_s0
SCVI	0	reference	1	10	0	sim1	nl	sim1_XZ_nl_uncond_reference_lam1_s0
SCVI	0	reference	2	10	0	sim1	nl	sim1_XZ_nl_uncond_reference_lam2_s0
SCVI	0	reference	10	10	0	sim1	nl	sim1_XZ_nl_uncond_reference_lam10_s0
SCVI	0	reference	100	10	0	sim1	nl	sim1_XZ_nl_uncond_reference_lam100_s0
SCVI	0	reference	200	10	0	sim1	nl	sim1_XZ_nl_uncond_reference_lam200_s0
SCVI	0	reference	500	10	0	sim1	nl	sim1_XZ_nl_uncond_reference_lam500_s0
SCVI	0	reference	1000	10	0	sim1	nl	sim1_XZ_nl_uncond_reference_lam1000_s0
SCVI	0	reference	1500	10	0	sim1	nl	sim1_XZ_nl_uncond_reference_lam1500_s0
SCVI	0	pooled	0.5	10	0	sim1	nl	sim1_XZ_nl_uncond_pooled_lam0.5_s0
SCVI	0	pooled	1	10	0	sim1	nl	sim1_XZ_nl_uncond_pooled_lam1_s0
SCVI	0	pooled	2	10	0	sim1	nl	sim1_XZ_nl_uncond_pooled_lam2_s0
SCVI	0	pooled	10	10	0	sim1	nl	sim1_XZ_nl_uncond_pooled_lam10_s0
SCVI	0	pooled	100	10	0	sim1	nl	sim1_XZ_nl_uncond_pooled_lam100_s0
SCVI	0	pooled	200	10	0	sim1	nl	sim1_XZ_nl_uncond_pooled_lam200_s0
SCVI	0	pooled	500	10	0	sim1	nl	sim1_XZ_nl_uncond_pooled_lam500_s0
SCVI	0	pooled	1000	10	0	sim1	nl	sim1_XZ_nl_uncond_pooled_lam1000_s0
SCVI	0	pooled	1500	10	0	sim1	nl	sim1_XZ_nl_uncond_pooled_lam1500_s0
SCVI	0	barycenter	0.5	10	0	sim1	nl	sim1_XZ_nl_uncond_barycenter_lam0.5_s0
SCVI	0	barycenter	1	10	0	sim1	nl	sim1_XZ_nl_uncond_barycenter_lam1_s0
SCVI	0	barycenter	2	10	0	sim1	nl	sim1_XZ_nl_uncond_barycenter_lam2_s0
SCVI	0	barycenter	10	10	0	sim1	nl	sim1_XZ_nl_uncond_barycenter_lam10_s0
SCVI	0	barycenter	100	10	0	sim1	nl	sim1_XZ_nl_uncond_barycenter_lam100_s0
SCVI	0	barycenter	200	10	0	sim1	nl	sim1_XZ_nl_uncond_barycenter_lam200_s0
SCVI	0	barycenter	500	10	0	sim1	nl	sim1_XZ_nl_uncond_barycenter_lam500_s0
SCVI	0	barycenter	1000	10	0	sim1	nl	sim1_XZ_nl_uncond_barycenter_lam1000_s0
SCVI	0	barycenter	1500	10	0	sim1	nl	sim1_XZ_nl_uncond_barycenter_lam1500_s0
SCVI	0	discriminator	0.5	1	1	sim1	nl	sim1_XZ_nl_uncond_discriminator_lam0.5_s1
SCVI	0	discriminator	1	1	1	sim1	nl	sim1_XZ_nl_uncond_discriminator_lam1_s1
SCVI	0	discriminator	2	1	1	sim1	nl	sim1_XZ_nl_uncond_discriminator_lam2_s1
SCVI	0	discriminator	10	1	1	sim1	nl	sim1_XZ_nl_uncond_discriminator_lam10_s1
SCVI	0	discriminator	100	1	1	sim1	nl	sim1_XZ_nl_uncond_discriminator_lam100_s1
SCVI	0	discriminator	200	1	1	sim1	nl	sim1_XZ_nl_uncond_discriminator_lam200_s1
SCVI	0	discriminator	500	1	1	sim1	nl	sim1_XZ_nl_uncond_discriminator_lam500_s1
SCVI	0	discriminator	1000	1	1	sim1	nl	sim1_XZ_nl_uncond_discriminator_lam1000_s1
SCVI	0	discriminator	1500	1	1	sim1	nl	sim1_XZ_nl_uncond_discriminator_lam1500_s1
SCVI	0	reference	0.5	10	1	sim1	nl	sim1_XZ_nl_uncond_reference_lam0.5_s1
SCVI	0	reference	1	10	1	sim1	nl	sim1_XZ_nl_uncond_reference_lam1_s1
SCVI	0	reference	2	10	1	sim1	nl	sim1_XZ_nl_uncond_reference_lam2_s1
SCVI	0	reference	10	10	1	sim1	nl	sim1_XZ_nl_uncond_reference_lam10_s1
SCVI	0	reference	100	10	1	sim1	nl	sim1_XZ_nl_uncond_reference_lam100_s1
SCVI	0	reference	200	10	1	sim1	nl	sim1_XZ_nl_uncond_reference_lam200_s1
SCVI	0	reference	500	10	1	sim1	nl	sim1_XZ_nl_uncond_reference_lam500_s1
SCVI	0	reference	1000	10	1	sim1	nl	sim1_XZ_nl_uncond_reference_lam1000_s1
SCVI	0	reference	1500	10	1	sim1	nl	sim1_XZ_nl_uncond_reference_lam1500_s1
SCVI	0	pooled	0.5	10	1	sim1	nl	sim1_XZ_nl_uncond_pooled_lam0.5_s1
SCVI	0	pooled	1	10	1	sim1	nl	sim1_XZ_nl_uncond_pooled_lam1_s1
SCVI	0	pooled	2	10	1	sim1	nl	sim1_XZ_nl_uncond_pooled_lam2_s1
SCVI	0	pooled	10	10	1	sim1	nl	sim1_XZ_nl_uncond_pooled_lam10_s1
SCVI	0	pooled	100	10	1	sim1	nl	sim1_XZ_nl_uncond_pooled_lam100_s1
SCVI	0	pooled	200	10	1	sim1	nl	sim1_XZ_nl_uncond_pooled_lam200_s1
SCVI	0	pooled	500	10	1	sim1	nl	sim1_XZ_nl_uncond_pooled_lam500_s1
SCVI	0	pooled	1000	10	1	sim1	nl	sim1_XZ_nl_uncond_pooled_lam1000_s1
SCVI	0	pooled	1500	10	1	sim1	nl	sim1_XZ_nl_uncond_pooled_lam1500_s1
SCVI	0	barycenter	0.5	10	1	sim1	nl	sim1_XZ_nl_uncond_barycenter_lam0.5_s1
SCVI	0	barycenter	1	10	1	sim1	nl	sim1_XZ_nl_uncond_barycenter_lam1_s1
SCVI	0	barycenter	2	10	1	sim1	nl	sim1_XZ_nl_uncond_barycenter_lam2_s1
SCVI	0	barycenter	10	10	1	sim1	nl	sim1_XZ_nl_uncond_barycenter_lam10_s1
SCVI	0	barycenter	100	10	1	sim1	nl	sim1_XZ_nl_uncond_barycenter_lam100_s1
SCVI	0	barycenter	200	10	1	sim1	nl	sim1_XZ_nl_uncond_barycenter_lam200_s1
SCVI	0	barycenter	500	10	1	sim1	nl	sim1_XZ_nl_uncond_barycenter_lam500_s1
SCVI	0	barycenter	1000	10	1	sim1	nl	sim1_XZ_nl_uncond_barycenter_lam1000_s1
SCVI	0	barycenter	1500	10	1	sim1	nl	sim1_XZ_nl_uncond_barycenter_lam1500_s1
SCVI	0	discriminator	0.5	1	2	sim1	nl	sim1_XZ_nl_uncond_discriminator_lam0.5_s2
SCVI	0	discriminator	1	1	2	sim1	nl	sim1_XZ_nl_uncond_discriminator_lam1_s2
SCVI	0	discriminator	2	1	2	sim1	nl	sim1_XZ_nl_uncond_discriminator_lam2_s2
SCVI	0	discriminator	10	1	2	sim1	nl	sim1_XZ_nl_uncond_discriminator_lam10_s2
SCVI	0	discriminator	100	1	2	sim1	nl	sim1_XZ_nl_uncond_discriminator_lam100_s2
SCVI	0	discriminator	200	1	2	sim1	nl	sim1_XZ_nl_uncond_discriminator_lam200_s2
SCVI	0	discriminator	500	1	2	sim1	nl	sim1_XZ_nl_uncond_discriminator_lam500_s2
SCVI	0	discriminator	1000	1	2	sim1	nl	sim1_XZ_nl_uncond_discriminator_lam1000_s2
SCVI	0	discriminator	1500	1	2	sim1	nl	sim1_XZ_nl_uncond_discriminator_lam1500_s2
SCVI	0	reference	0.5	10	2	sim1	nl	sim1_XZ_nl_uncond_reference_lam0.5_s2
SCVI	0	reference	1	10	2	sim1	nl	sim1_XZ_nl_uncond_reference_lam1_s2
SCVI	0	reference	2	10	2	sim1	nl	sim1_XZ_nl_uncond_reference_lam2_s2
SCVI	0	reference	10	10	2	sim1	nl	sim1_XZ_nl_uncond_reference_lam10_s2
SCVI	0	reference	100	10	2	sim1	nl	sim1_XZ_nl_uncond_reference_lam100_s2
SCVI	0	reference	200	10	2	sim1	nl	sim1_XZ_nl_uncond_reference_lam200_s2
SCVI	0	reference	500	10	2	sim1	nl	sim1_XZ_nl_uncond_reference_lam500_s2
SCVI	0	reference	1000	10	2	sim1	nl	sim1_XZ_nl_uncond_reference_lam1000_s2
SCVI	0	reference	1500	10	2	sim1	nl	sim1_XZ_nl_uncond_reference_lam1500_s2
SCVI	0	pooled	0.5	10	2	sim1	nl	sim1_XZ_nl_uncond_pooled_lam0.5_s2
SCVI	0	pooled	1	10	2	sim1	nl	sim1_XZ_nl_uncond_pooled_lam1_s2
SCVI	0	pooled	2	10	2	sim1	nl	sim1_XZ_nl_uncond_pooled_lam2_s2
SCVI	0	pooled	10	10	2	sim1	nl	sim1_XZ_nl_uncond_pooled_lam10_s2
SCVI	0	pooled	100	10	2	sim1	nl	sim1_XZ_nl_uncond_pooled_lam100_s2
SCVI	0	pooled	200	10	2	sim1	nl	sim1_XZ_nl_uncond_pooled_lam200_s2
SCVI	0	pooled	500	10	2	sim1	nl	sim1_XZ_nl_uncond_pooled_lam500_s2
SCVI	0	pooled	1000	10	2	sim1	nl	sim1_XZ_nl_uncond_pooled_lam1000_s2
SCVI	0	pooled	1500	10	2	sim1	nl	sim1_XZ_nl_uncond_pooled_lam1500_s2
SCVI	0	barycenter	0.5	10	2	sim1	nl	sim1_XZ_nl_uncond_barycenter_lam0.5_s2
SCVI	0	barycenter	1	10	2	sim1	nl	sim1_XZ_nl_uncond_barycenter_lam1_s2
SCVI	0	barycenter	2	10	2	sim1	nl	sim1_XZ_nl_uncond_barycenter_lam2_s2
SCVI	0	barycenter	10	10	2	sim1	nl	sim1_XZ_nl_uncond_barycenter_lam10_s2
SCVI	0	barycenter	100	10	2	sim1	nl	sim1_XZ_nl_uncond_barycenter_lam100_s2
SCVI	0	barycenter	200	10	2	sim1	nl	sim1_XZ_nl_uncond_barycenter_lam200_s2
SCVI	0	barycenter	500	10	2	sim1	nl	sim1_XZ_nl_uncond_barycenter_lam500_s2
SCVI	0	barycenter	1000	10	2	sim1	nl	sim1_XZ_nl_uncond_barycenter_lam1000_s2
SCVI	0	barycenter	1500	10	2	sim1	nl	sim1_XZ_nl_uncond_barycenter_lam1500_s2
SCVI	0	discriminator	0.5	1	3	sim1	nl	sim1_XZ_nl_uncond_discriminator_lam0.5_s3
SCVI	0	discriminator	1	1	3	sim1	nl	sim1_XZ_nl_uncond_discriminator_lam1_s3
SCVI	0	discriminator	2	1	3	sim1	nl	sim1_XZ_nl_uncond_discriminator_lam2_s3
SCVI	0	discriminator	10	1	3	sim1	nl	sim1_XZ_nl_uncond_discriminator_lam10_s3
SCVI	0	discriminator	100	1	3	sim1	nl	sim1_XZ_nl_uncond_discriminator_lam100_s3
SCVI	0	discriminator	200	1	3	sim1	nl	sim1_XZ_nl_uncond_discriminator_lam200_s3
SCVI	0	discriminator	500	1	3	sim1	nl	sim1_XZ_nl_uncond_discriminator_lam500_s3
SCVI	0	discriminator	1000	1	3	sim1	nl	sim1_XZ_nl_uncond_discriminator_lam1000_s3
SCVI	0	discriminator	1500	1	3	sim1	nl	sim1_XZ_nl_uncond_discriminator_lam1500_s3
SCVI	0	reference	0.5	10	3	sim1	nl	sim1_XZ_nl_uncond_reference_lam0.5_s3
SCVI	0	reference	1	10	3	sim1	nl	sim1_XZ_nl_uncond_reference_lam1_s3
SCVI	0	reference	2	10	3	sim1	nl	sim1_XZ_nl_uncond_reference_lam2_s3
SCVI	0	reference	10	10	3	sim1	nl	sim1_XZ_nl_uncond_reference_lam10_s3
SCVI	0	reference	100	10	3	sim1	nl	sim1_XZ_nl_uncond_reference_lam100_s3
SCVI	0	reference	200	10	3	sim1	nl	sim1_XZ_nl_uncond_reference_lam200_s3
SCVI	0	reference	500	10	3	sim1	nl	sim1_XZ_nl_uncond_reference_lam500_s3
SCVI	0	reference	1000	10	3	sim1	nl	sim1_XZ_nl_uncond_reference_lam1000_s3
SCVI	0	reference	1500	10	3	sim1	nl	sim1_XZ_nl_uncond_reference_lam1500_s3
SCVI	0	pooled	0.5	10	3	sim1	nl	sim1_XZ_nl_uncond_pooled_lam0.5_s3
SCVI	0	pooled	1	10	3	sim1	nl	sim1_XZ_nl_uncond_pooled_lam1_s3
SCVI	0	pooled	2	10	3	sim1	nl	sim1_XZ_nl_uncond_pooled_lam2_s3
SCVI	0	pooled	10	10	3	sim1	nl	sim1_XZ_nl_uncond_pooled_lam10_s3
SCVI	0	pooled	100	10	3	sim1	nl	sim1_XZ_nl_uncond_pooled_lam100_s3
SCVI	0	pooled	200	10	3	sim1	nl	sim1_XZ_nl_uncond_pooled_lam200_s3
SCVI	0	pooled	500	10	3	sim1	nl	sim1_XZ_nl_uncond_pooled_lam500_s3
SCVI	0	pooled	1000	10	3	sim1	nl	sim1_XZ_nl_uncond_pooled_lam1000_s3
SCVI	0	pooled	1500	10	3	sim1	nl	sim1_XZ_nl_uncond_pooled_lam1500_s3
SCVI	0	barycenter	0.5	10	3	sim1	nl	sim1_XZ_nl_uncond_barycenter_lam0.5_s3
SCVI	0	barycenter	1	10	3	sim1	nl	sim1_XZ_nl_uncond_barycenter_lam1_s3
SCVI	0	barycenter	2	10	3	sim1	nl	sim1_XZ_nl_uncond_barycenter_lam2_s3
SCVI	0	barycenter	10	10	3	sim1	nl	sim1_XZ_nl_uncond_barycenter_lam10_s3
SCVI	0	barycenter	100	10	3	sim1	nl	sim1_XZ_nl_uncond_barycenter_lam100_s3
SCVI	0	barycenter	200	10	3	sim1	nl	sim1_XZ_nl_uncond_barycenter_lam200_s3
SCVI	0	barycenter	500	10	3	sim1	nl	sim1_XZ_nl_uncond_barycenter_lam500_s3
SCVI	0	barycenter	1000	10	3	sim1	nl	sim1_XZ_nl_uncond_barycenter_lam1000_s3
SCVI	0	barycenter	1500	10	3	sim1	nl	sim1_XZ_nl_uncond_barycenter_lam1500_s3
SCVI	0	discriminator	0.5	1	4	sim1	nl	sim1_XZ_nl_uncond_discriminator_lam0.5_s4
SCVI	0	discriminator	1	1	4	sim1	nl	sim1_XZ_nl_uncond_discriminator_lam1_s4
SCVI	0	discriminator	2	1	4	sim1	nl	sim1_XZ_nl_uncond_discriminator_lam2_s4
SCVI	0	discriminator	10	1	4	sim1	nl	sim1_XZ_nl_uncond_discriminator_lam10_s4
SCVI	0	discriminator	100	1	4	sim1	nl	sim1_XZ_nl_uncond_discriminator_lam100_s4
SCVI	0	discriminator	200	1	4	sim1	nl	sim1_XZ_nl_uncond_discriminator_lam200_s4
SCVI	0	discriminator	500	1	4	sim1	nl	sim1_XZ_nl_uncond_discriminator_lam500_s4
SCVI	0	discriminator	1000	1	4	sim1	nl	sim1_XZ_nl_uncond_discriminator_lam1000_s4
SCVI	0	discriminator	1500	1	4	sim1	nl	sim1_XZ_nl_uncond_discriminator_lam1500_s4
SCVI	0	reference	0.5	10	4	sim1	nl	sim1_XZ_nl_uncond_reference_lam0.5_s4
SCVI	0	reference	1	10	4	sim1	nl	sim1_XZ_nl_uncond_reference_lam1_s4
SCVI	0	reference	2	10	4	sim1	nl	sim1_XZ_nl_uncond_reference_lam2_s4
SCVI	0	reference	10	10	4	sim1	nl	sim1_XZ_nl_uncond_reference_lam10_s4
SCVI	0	reference	100	10	4	sim1	nl	sim1_XZ_nl_uncond_reference_lam100_s4
SCVI	0	reference	200	10	4	sim1	nl	sim1_XZ_nl_uncond_reference_lam200_s4
SCVI	0	reference	500	10	4	sim1	nl	sim1_XZ_nl_uncond_reference_lam500_s4
SCVI	0	reference	1000	10	4	sim1	nl	sim1_XZ_nl_uncond_reference_lam1000_s4
SCVI	0	reference	1500	10	4	sim1	nl	sim1_XZ_nl_uncond_reference_lam1500_s4
SCVI	0	pooled	0.5	10	4	sim1	nl	sim1_XZ_nl_uncond_pooled_lam0.5_s4
SCVI	0	pooled	1	10	4	sim1	nl	sim1_XZ_nl_uncond_pooled_lam1_s4
SCVI	0	pooled	2	10	4	sim1	nl	sim1_XZ_nl_uncond_pooled_lam2_s4
SCVI	0	pooled	10	10	4	sim1	nl	sim1_XZ_nl_uncond_pooled_lam10_s4
SCVI	0	pooled	100	10	4	sim1	nl	sim1_XZ_nl_uncond_pooled_lam100_s4
SCVI	0	pooled	200	10	4	sim1	nl	sim1_XZ_nl_uncond_pooled_lam200_s4
SCVI	0	pooled	500	10	4	sim1	nl	sim1_XZ_nl_uncond_pooled_lam500_s4
SCVI	0	pooled	1000	10	4	sim1	nl	sim1_XZ_nl_uncond_pooled_lam1000_s4
SCVI	0	pooled	1500	10	4	sim1	nl	sim1_XZ_nl_uncond_pooled_lam1500_s4
SCVI	0	barycenter	0.5	10	4	sim1	nl	sim1_XZ_nl_uncond_barycenter_lam0.5_s4
SCVI	0	barycenter	1	10	4	sim1	nl	sim1_XZ_nl_uncond_barycenter_lam1_s4
SCVI	0	barycenter	2	10	4	sim1	nl	sim1_XZ_nl_uncond_barycenter_lam2_s4
SCVI	0	barycenter	10	10	4	sim1	nl	sim1_XZ_nl_uncond_barycenter_lam10_s4
SCVI	0	barycenter	100	10	4	sim1	nl	sim1_XZ_nl_uncond_barycenter_lam100_s4
SCVI	0	barycenter	200	10	4	sim1	nl	sim1_XZ_nl_uncond_barycenter_lam200_s4
SCVI	0	barycenter	500	10	4	sim1	nl	sim1_XZ_nl_uncond_barycenter_lam500_s4
SCVI	0	barycenter	1000	10	4	sim1	nl	sim1_XZ_nl_uncond_barycenter_lam1000_s4
SCVI	0	barycenter	1500	10	4	sim1	nl	sim1_XZ_nl_uncond_barycenter_lam1500_s4
LinearSCVI	0	discriminator	0.5	1	0	sim2	lin	sim2_XZ_lin_uncond_discriminator_lam0.5_s0
LinearSCVI	0	discriminator	1	1	0	sim2	lin	sim2_XZ_lin_uncond_discriminator_lam1_s0
LinearSCVI	0	discriminator	2	1	0	sim2	lin	sim2_XZ_lin_uncond_discriminator_lam2_s0
LinearSCVI	0	discriminator	10	1	0	sim2	lin	sim2_XZ_lin_uncond_discriminator_lam10_s0
LinearSCVI	0	discriminator	100	1	0	sim2	lin	sim2_XZ_lin_uncond_discriminator_lam100_s0
LinearSCVI	0	discriminator	200	1	0	sim2	lin	sim2_XZ_lin_uncond_discriminator_lam200_s0
LinearSCVI	0	discriminator	500	1	0	sim2	lin	sim2_XZ_lin_uncond_discriminator_lam500_s0
LinearSCVI	0	discriminator	1000	1	0	sim2	lin	sim2_XZ_lin_uncond_discriminator_lam1000_s0
LinearSCVI	0	discriminator	1500	1	0	sim2	lin	sim2_XZ_lin_uncond_discriminator_lam1500_s0
LinearSCVI	0	reference	0.5	10	0	sim2	lin	sim2_XZ_lin_uncond_reference_lam0.5_s0
LinearSCVI	0	reference	1	10	0	sim2	lin	sim2_XZ_lin_uncond_reference_lam1_s0
LinearSCVI	0	reference	2	10	0	sim2	lin	sim2_XZ_lin_uncond_reference_lam2_s0
LinearSCVI	0	reference	10	10	0	sim2	lin	sim2_XZ_lin_uncond_reference_lam10_s0
LinearSCVI	0	reference	100	10	0	sim2	lin	sim2_XZ_lin_uncond_reference_lam100_s0
LinearSCVI	0	reference	200	10	0	sim2	lin	sim2_XZ_lin_uncond_reference_lam200_s0
LinearSCVI	0	reference	500	10	0	sim2	lin	sim2_XZ_lin_uncond_reference_lam500_s0
LinearSCVI	0	reference	1000	10	0	sim2	lin	sim2_XZ_lin_uncond_reference_lam1000_s0
LinearSCVI	0	reference	1500	10	0	sim2	lin	sim2_XZ_lin_uncond_reference_lam1500_s0
LinearSCVI	0	pooled	0.5	10	0	sim2	lin	sim2_XZ_lin_uncond_pooled_lam0.5_s0
LinearSCVI	0	pooled	1	10	0	sim2	lin	sim2_XZ_lin_uncond_pooled_lam1_s0
LinearSCVI	0	pooled	2	10	0	sim2	lin	sim2_XZ_lin_uncond_pooled_lam2_s0
LinearSCVI	0	pooled	10	10	0	sim2	lin	sim2_XZ_lin_uncond_pooled_lam10_s0
LinearSCVI	0	pooled	100	10	0	sim2	lin	sim2_XZ_lin_uncond_pooled_lam100_s0
LinearSCVI	0	pooled	200	10	0	sim2	lin	sim2_XZ_lin_uncond_pooled_lam200_s0
LinearSCVI	0	pooled	500	10	0	sim2	lin	sim2_XZ_lin_uncond_pooled_lam500_s0
LinearSCVI	0	pooled	1000	10	0	sim2	lin	sim2_XZ_lin_uncond_pooled_lam1000_s0
LinearSCVI	0	pooled	1500	10	0	sim2	lin	sim2_XZ_lin_uncond_pooled_lam1500_s0
LinearSCVI	0	barycenter	0.5	10	0	sim2	lin	sim2_XZ_lin_uncond_barycenter_lam0.5_s0
LinearSCVI	0	barycenter	1	10	0	sim2	lin	sim2_XZ_lin_uncond_barycenter_lam1_s0
LinearSCVI	0	barycenter	2	10	0	sim2	lin	sim2_XZ_lin_uncond_barycenter_lam2_s0
LinearSCVI	0	barycenter	10	10	0	sim2	lin	sim2_XZ_lin_uncond_barycenter_lam10_s0
LinearSCVI	0	barycenter	100	10	0	sim2	lin	sim2_XZ_lin_uncond_barycenter_lam100_s0
LinearSCVI	0	barycenter	200	10	0	sim2	lin	sim2_XZ_lin_uncond_barycenter_lam200_s0
LinearSCVI	0	barycenter	500	10	0	sim2	lin	sim2_XZ_lin_uncond_barycenter_lam500_s0
LinearSCVI	0	barycenter	1000	10	0	sim2	lin	sim2_XZ_lin_uncond_barycenter_lam1000_s0
LinearSCVI	0	barycenter	1500	10	0	sim2	lin	sim2_XZ_lin_uncond_barycenter_lam1500_s0
LinearSCVI	0	discriminator	0.5	1	1	sim2	lin	sim2_XZ_lin_uncond_discriminator_lam0.5_s1
LinearSCVI	0	discriminator	1	1	1	sim2	lin	sim2_XZ_lin_uncond_discriminator_lam1_s1
LinearSCVI	0	discriminator	2	1	1	sim2	lin	sim2_XZ_lin_uncond_discriminator_lam2_s1
LinearSCVI	0	discriminator	10	1	1	sim2	lin	sim2_XZ_lin_uncond_discriminator_lam10_s1
LinearSCVI	0	discriminator	100	1	1	sim2	lin	sim2_XZ_lin_uncond_discriminator_lam100_s1
LinearSCVI	0	discriminator	200	1	1	sim2	lin	sim2_XZ_lin_uncond_discriminator_lam200_s1
LinearSCVI	0	discriminator	500	1	1	sim2	lin	sim2_XZ_lin_uncond_discriminator_lam500_s1
LinearSCVI	0	discriminator	1000	1	1	sim2	lin	sim2_XZ_lin_uncond_discriminator_lam1000_s1
LinearSCVI	0	discriminator	1500	1	1	sim2	lin	sim2_XZ_lin_uncond_discriminator_lam1500_s1
LinearSCVI	0	reference	0.5	10	1	sim2	lin	sim2_XZ_lin_uncond_reference_lam0.5_s1
LinearSCVI	0	reference	1	10	1	sim2	lin	sim2_XZ_lin_uncond_reference_lam1_s1
LinearSCVI	0	reference	2	10	1	sim2	lin	sim2_XZ_lin_uncond_reference_lam2_s1
LinearSCVI	0	reference	10	10	1	sim2	lin	sim2_XZ_lin_uncond_reference_lam10_s1
LinearSCVI	0	reference	100	10	1	sim2	lin	sim2_XZ_lin_uncond_reference_lam100_s1
LinearSCVI	0	reference	200	10	1	sim2	lin	sim2_XZ_lin_uncond_reference_lam200_s1
LinearSCVI	0	reference	500	10	1	sim2	lin	sim2_XZ_lin_uncond_reference_lam500_s1
LinearSCVI	0	reference	1000	10	1	sim2	lin	sim2_XZ_lin_uncond_reference_lam1000_s1
LinearSCVI	0	reference	1500	10	1	sim2	lin	sim2_XZ_lin_uncond_reference_lam1500_s1
LinearSCVI	0	pooled	0.5	10	1	sim2	lin	sim2_XZ_lin_uncond_pooled_lam0.5_s1
LinearSCVI	0	pooled	1	10	1	sim2	lin	sim2_XZ_lin_uncond_pooled_lam1_s1
LinearSCVI	0	pooled	2	10	1	sim2	lin	sim2_XZ_lin_uncond_pooled_lam2_s1
LinearSCVI	0	pooled	10	10	1	sim2	lin	sim2_XZ_lin_uncond_pooled_lam10_s1
LinearSCVI	0	pooled	100	10	1	sim2	lin	sim2_XZ_lin_uncond_pooled_lam100_s1
LinearSCVI	0	pooled	200	10	1	sim2	lin	sim2_XZ_lin_uncond_pooled_lam200_s1
LinearSCVI	0	pooled	500	10	1	sim2	lin	sim2_XZ_lin_uncond_pooled_lam500_s1
LinearSCVI	0	pooled	1000	10	1	sim2	lin	sim2_XZ_lin_uncond_pooled_lam1000_s1
LinearSCVI	0	pooled	1500	10	1	sim2	lin	sim2_XZ_lin_uncond_pooled_lam1500_s1
LinearSCVI	0	barycenter	0.5	10	1	sim2	lin	sim2_XZ_lin_uncond_barycenter_lam0.5_s1
LinearSCVI	0	barycenter	1	10	1	sim2	lin	sim2_XZ_lin_uncond_barycenter_lam1_s1
LinearSCVI	0	barycenter	2	10	1	sim2	lin	sim2_XZ_lin_uncond_barycenter_lam2_s1
LinearSCVI	0	barycenter	10	10	1	sim2	lin	sim2_XZ_lin_uncond_barycenter_lam10_s1
LinearSCVI	0	barycenter	100	10	1	sim2	lin	sim2_XZ_lin_uncond_barycenter_lam100_s1
LinearSCVI	0	barycenter	200	10	1	sim2	lin	sim2_XZ_lin_uncond_barycenter_lam200_s1
LinearSCVI	0	barycenter	500	10	1	sim2	lin	sim2_XZ_lin_uncond_barycenter_lam500_s1
LinearSCVI	0	barycenter	1000	10	1	sim2	lin	sim2_XZ_lin_uncond_barycenter_lam1000_s1
LinearSCVI	0	barycenter	1500	10	1	sim2	lin	sim2_XZ_lin_uncond_barycenter_lam1500_s1
LinearSCVI	0	discriminator	0.5	1	2	sim2	lin	sim2_XZ_lin_uncond_discriminator_lam0.5_s2
LinearSCVI	0	discriminator	1	1	2	sim2	lin	sim2_XZ_lin_uncond_discriminator_lam1_s2
LinearSCVI	0	discriminator	2	1	2	sim2	lin	sim2_XZ_lin_uncond_discriminator_lam2_s2
LinearSCVI	0	discriminator	10	1	2	sim2	lin	sim2_XZ_lin_uncond_discriminator_lam10_s2
LinearSCVI	0	discriminator	100	1	2	sim2	lin	sim2_XZ_lin_uncond_discriminator_lam100_s2
LinearSCVI	0	discriminator	200	1	2	sim2	lin	sim2_XZ_lin_uncond_discriminator_lam200_s2
LinearSCVI	0	discriminator	500	1	2	sim2	lin	sim2_XZ_lin_uncond_discriminator_lam500_s2
LinearSCVI	0	discriminator	1000	1	2	sim2	lin	sim2_XZ_lin_uncond_discriminator_lam1000_s2
LinearSCVI	0	discriminator	1500	1	2	sim2	lin	sim2_XZ_lin_uncond_discriminator_lam1500_s2
LinearSCVI	0	reference	0.5	10	2	sim2	lin	sim2_XZ_lin_uncond_reference_lam0.5_s2
LinearSCVI	0	reference	1	10	2	sim2	lin	sim2_XZ_lin_uncond_reference_lam1_s2
LinearSCVI	0	reference	2	10	2	sim2	lin	sim2_XZ_lin_uncond_reference_lam2_s2
LinearSCVI	0	reference	10	10	2	sim2	lin	sim2_XZ_lin_uncond_reference_lam10_s2
LinearSCVI	0	reference	100	10	2	sim2	lin	sim2_XZ_lin_uncond_reference_lam100_s2
LinearSCVI	0	reference	200	10	2	sim2	lin	sim2_XZ_lin_uncond_reference_lam200_s2
LinearSCVI	0	reference	500	10	2	sim2	lin	sim2_XZ_lin_uncond_reference_lam500_s2
LinearSCVI	0	reference	1000	10	2	sim2	lin	sim2_XZ_lin_uncond_reference_lam1000_s2
LinearSCVI	0	reference	1500	10	2	sim2	lin	sim2_XZ_lin_uncond_reference_lam1500_s2
LinearSCVI	0	pooled	0.5	10	2	sim2	lin	sim2_XZ_lin_uncond_pooled_lam0.5_s2
LinearSCVI	0	pooled	1	10	2	sim2	lin	sim2_XZ_lin_uncond_pooled_lam1_s2
LinearSCVI	0	pooled	2	10	2	sim2	lin	sim2_XZ_lin_uncond_pooled_lam2_s2
LinearSCVI	0	pooled	10	10	2	sim2	lin	sim2_XZ_lin_uncond_pooled_lam10_s2
LinearSCVI	0	pooled	100	10	2	sim2	lin	sim2_XZ_lin_uncond_pooled_lam100_s2
LinearSCVI	0	pooled	200	10	2	sim2	lin	sim2_XZ_lin_uncond_pooled_lam200_s2
LinearSCVI	0	pooled	500	10	2	sim2	lin	sim2_XZ_lin_uncond_pooled_lam500_s2
LinearSCVI	0	pooled	1000	10	2	sim2	lin	sim2_XZ_lin_uncond_pooled_lam1000_s2
LinearSCVI	0	pooled	1500	10	2	sim2	lin	sim2_XZ_lin_uncond_pooled_lam1500_s2
LinearSCVI	0	barycenter	0.5	10	2	sim2	lin	sim2_XZ_lin_uncond_barycenter_lam0.5_s2
LinearSCVI	0	barycenter	1	10	2	sim2	lin	sim2_XZ_lin_uncond_barycenter_lam1_s2
LinearSCVI	0	barycenter	2	10	2	sim2	lin	sim2_XZ_lin_uncond_barycenter_lam2_s2
LinearSCVI	0	barycenter	10	10	2	sim2	lin	sim2_XZ_lin_uncond_barycenter_lam10_s2
LinearSCVI	0	barycenter	100	10	2	sim2	lin	sim2_XZ_lin_uncond_barycenter_lam100_s2
LinearSCVI	0	barycenter	200	10	2	sim2	lin	sim2_XZ_lin_uncond_barycenter_lam200_s2
LinearSCVI	0	barycenter	500	10	2	sim2	lin	sim2_XZ_lin_uncond_barycenter_lam500_s2
LinearSCVI	0	barycenter	1000	10	2	sim2	lin	sim2_XZ_lin_uncond_barycenter_lam1000_s2
LinearSCVI	0	barycenter	1500	10	2	sim2	lin	sim2_XZ_lin_uncond_barycenter_lam1500_s2
LinearSCVI	0	discriminator	0.5	1	3	sim2	lin	sim2_XZ_lin_uncond_discriminator_lam0.5_s3
LinearSCVI	0	discriminator	1	1	3	sim2	lin	sim2_XZ_lin_uncond_discriminator_lam1_s3
LinearSCVI	0	discriminator	2	1	3	sim2	lin	sim2_XZ_lin_uncond_discriminator_lam2_s3
LinearSCVI	0	discriminator	10	1	3	sim2	lin	sim2_XZ_lin_uncond_discriminator_lam10_s3
LinearSCVI	0	discriminator	100	1	3	sim2	lin	sim2_XZ_lin_uncond_discriminator_lam100_s3
LinearSCVI	0	discriminator	200	1	3	sim2	lin	sim2_XZ_lin_uncond_discriminator_lam200_s3
LinearSCVI	0	discriminator	500	1	3	sim2	lin	sim2_XZ_lin_uncond_discriminator_lam500_s3
LinearSCVI	0	discriminator	1000	1	3	sim2	lin	sim2_XZ_lin_uncond_discriminator_lam1000_s3
LinearSCVI	0	discriminator	1500	1	3	sim2	lin	sim2_XZ_lin_uncond_discriminator_lam1500_s3
LinearSCVI	0	reference	0.5	10	3	sim2	lin	sim2_XZ_lin_uncond_reference_lam0.5_s3
LinearSCVI	0	reference	1	10	3	sim2	lin	sim2_XZ_lin_uncond_reference_lam1_s3
LinearSCVI	0	reference	2	10	3	sim2	lin	sim2_XZ_lin_uncond_reference_lam2_s3
LinearSCVI	0	reference	10	10	3	sim2	lin	sim2_XZ_lin_uncond_reference_lam10_s3
LinearSCVI	0	reference	100	10	3	sim2	lin	sim2_XZ_lin_uncond_reference_lam100_s3
LinearSCVI	0	reference	200	10	3	sim2	lin	sim2_XZ_lin_uncond_reference_lam200_s3
LinearSCVI	0	reference	500	10	3	sim2	lin	sim2_XZ_lin_uncond_reference_lam500_s3
LinearSCVI	0	reference	1000	10	3	sim2	lin	sim2_XZ_lin_uncond_reference_lam1000_s3
LinearSCVI	0	reference	1500	10	3	sim2	lin	sim2_XZ_lin_uncond_reference_lam1500_s3
LinearSCVI	0	pooled	0.5	10	3	sim2	lin	sim2_XZ_lin_uncond_pooled_lam0.5_s3
LinearSCVI	0	pooled	1	10	3	sim2	lin	sim2_XZ_lin_uncond_pooled_lam1_s3
LinearSCVI	0	pooled	2	10	3	sim2	lin	sim2_XZ_lin_uncond_pooled_lam2_s3
LinearSCVI	0	pooled	10	10	3	sim2	lin	sim2_XZ_lin_uncond_pooled_lam10_s3
LinearSCVI	0	pooled	100	10	3	sim2	lin	sim2_XZ_lin_uncond_pooled_lam100_s3
LinearSCVI	0	pooled	200	10	3	sim2	lin	sim2_XZ_lin_uncond_pooled_lam200_s3
LinearSCVI	0	pooled	500	10	3	sim2	lin	sim2_XZ_lin_uncond_pooled_lam500_s3
LinearSCVI	0	pooled	1000	10	3	sim2	lin	sim2_XZ_lin_uncond_pooled_lam1000_s3
LinearSCVI	0	pooled	1500	10	3	sim2	lin	sim2_XZ_lin_uncond_pooled_lam1500_s3
LinearSCVI	0	barycenter	0.5	10	3	sim2	lin	sim2_XZ_lin_uncond_barycenter_lam0.5_s3
LinearSCVI	0	barycenter	1	10	3	sim2	lin	sim2_XZ_lin_uncond_barycenter_lam1_s3
LinearSCVI	0	barycenter	2	10	3	sim2	lin	sim2_XZ_lin_uncond_barycenter_lam2_s3
LinearSCVI	0	barycenter	10	10	3	sim2	lin	sim2_XZ_lin_uncond_barycenter_lam10_s3
LinearSCVI	0	barycenter	100	10	3	sim2	lin	sim2_XZ_lin_uncond_barycenter_lam100_s3
LinearSCVI	0	barycenter	200	10	3	sim2	lin	sim2_XZ_lin_uncond_barycenter_lam200_s3
LinearSCVI	0	barycenter	500	10	3	sim2	lin	sim2_XZ_lin_uncond_barycenter_lam500_s3
LinearSCVI	0	barycenter	1000	10	3	sim2	lin	sim2_XZ_lin_uncond_barycenter_lam1000_s3
LinearSCVI	0	barycenter	1500	10	3	sim2	lin	sim2_XZ_lin_uncond_barycenter_lam1500_s3
LinearSCVI	0	discriminator	0.5	1	4	sim2	lin	sim2_XZ_lin_uncond_discriminator_lam0.5_s4
LinearSCVI	0	discriminator	1	1	4	sim2	lin	sim2_XZ_lin_uncond_discriminator_lam1_s4
LinearSCVI	0	discriminator	2	1	4	sim2	lin	sim2_XZ_lin_uncond_discriminator_lam2_s4
LinearSCVI	0	discriminator	10	1	4	sim2	lin	sim2_XZ_lin_uncond_discriminator_lam10_s4
LinearSCVI	0	discriminator	100	1	4	sim2	lin	sim2_XZ_lin_uncond_discriminator_lam100_s4
LinearSCVI	0	discriminator	200	1	4	sim2	lin	sim2_XZ_lin_uncond_discriminator_lam200_s4
LinearSCVI	0	discriminator	500	1	4	sim2	lin	sim2_XZ_lin_uncond_discriminator_lam500_s4
LinearSCVI	0	discriminator	1000	1	4	sim2	lin	sim2_XZ_lin_uncond_discriminator_lam1000_s4
LinearSCVI	0	discriminator	1500	1	4	sim2	lin	sim2_XZ_lin_uncond_discriminator_lam1500_s4
LinearSCVI	0	reference	0.5	10	4	sim2	lin	sim2_XZ_lin_uncond_reference_lam0.5_s4
LinearSCVI	0	reference	1	10	4	sim2	lin	sim2_XZ_lin_uncond_reference_lam1_s4
LinearSCVI	0	reference	2	10	4	sim2	lin	sim2_XZ_lin_uncond_reference_lam2_s4
LinearSCVI	0	reference	10	10	4	sim2	lin	sim2_XZ_lin_uncond_reference_lam10_s4
LinearSCVI	0	reference	100	10	4	sim2	lin	sim2_XZ_lin_uncond_reference_lam100_s4
LinearSCVI	0	reference	200	10	4	sim2	lin	sim2_XZ_lin_uncond_reference_lam200_s4
LinearSCVI	0	reference	500	10	4	sim2	lin	sim2_XZ_lin_uncond_reference_lam500_s4
LinearSCVI	0	reference	1000	10	4	sim2	lin	sim2_XZ_lin_uncond_reference_lam1000_s4
LinearSCVI	0	reference	1500	10	4	sim2	lin	sim2_XZ_lin_uncond_reference_lam1500_s4
LinearSCVI	0	pooled	0.5	10	4	sim2	lin	sim2_XZ_lin_uncond_pooled_lam0.5_s4
LinearSCVI	0	pooled	1	10	4	sim2	lin	sim2_XZ_lin_uncond_pooled_lam1_s4
LinearSCVI	0	pooled	2	10	4	sim2	lin	sim2_XZ_lin_uncond_pooled_lam2_s4
LinearSCVI	0	pooled	10	10	4	sim2	lin	sim2_XZ_lin_uncond_pooled_lam10_s4
LinearSCVI	0	pooled	100	10	4	sim2	lin	sim2_XZ_lin_uncond_pooled_lam100_s4
LinearSCVI	0	pooled	200	10	4	sim2	lin	sim2_XZ_lin_uncond_pooled_lam200_s4
LinearSCVI	0	pooled	500	10	4	sim2	lin	sim2_XZ_lin_uncond_pooled_lam500_s4
LinearSCVI	0	pooled	1000	10	4	sim2	lin	sim2_XZ_lin_uncond_pooled_lam1000_s4
LinearSCVI	0	pooled	1500	10	4	sim2	lin	sim2_XZ_lin_uncond_pooled_lam1500_s4
LinearSCVI	0	barycenter	0.5	10	4	sim2	lin	sim2_XZ_lin_uncond_barycenter_lam0.5_s4
LinearSCVI	0	barycenter	1	10	4	sim2	lin	sim2_XZ_lin_uncond_barycenter_lam1_s4
LinearSCVI	0	barycenter	2	10	4	sim2	lin	sim2_XZ_lin_uncond_barycenter_lam2_s4
LinearSCVI	0	barycenter	10	10	4	sim2	lin	sim2_XZ_lin_uncond_barycenter_lam10_s4
LinearSCVI	0	barycenter	100	10	4	sim2	lin	sim2_XZ_lin_uncond_barycenter_lam100_s4
LinearSCVI	0	barycenter	200	10	4	sim2	lin	sim2_XZ_lin_uncond_barycenter_lam200_s4
LinearSCVI	0	barycenter	500	10	4	sim2	lin	sim2_XZ_lin_uncond_barycenter_lam500_s4
LinearSCVI	0	barycenter	1000	10	4	sim2	lin	sim2_XZ_lin_uncond_barycenter_lam1000_s4
LinearSCVI	0	barycenter	1500	10	4	sim2	lin	sim2_XZ_lin_uncond_barycenter_lam1500_s4
SCVI	0	discriminator	0.5	1	0	sim2	nl	sim2_XZ_nl_uncond_discriminator_lam0.5_s0
SCVI	0	discriminator	1	1	0	sim2	nl	sim2_XZ_nl_uncond_discriminator_lam1_s0
SCVI	0	discriminator	2	1	0	sim2	nl	sim2_XZ_nl_uncond_discriminator_lam2_s0
SCVI	0	discriminator	10	1	0	sim2	nl	sim2_XZ_nl_uncond_discriminator_lam10_s0
SCVI	0	discriminator	100	1	0	sim2	nl	sim2_XZ_nl_uncond_discriminator_lam100_s0
SCVI	0	discriminator	200	1	0	sim2	nl	sim2_XZ_nl_uncond_discriminator_lam200_s0
SCVI	0	discriminator	500	1	0	sim2	nl	sim2_XZ_nl_uncond_discriminator_lam500_s0
SCVI	0	discriminator	1000	1	0	sim2	nl	sim2_XZ_nl_uncond_discriminator_lam1000_s0
SCVI	0	discriminator	1500	1	0	sim2	nl	sim2_XZ_nl_uncond_discriminator_lam1500_s0
SCVI	0	reference	0.5	10	0	sim2	nl	sim2_XZ_nl_uncond_reference_lam0.5_s0
SCVI	0	reference	1	10	0	sim2	nl	sim2_XZ_nl_uncond_reference_lam1_s0
SCVI	0	reference	2	10	0	sim2	nl	sim2_XZ_nl_uncond_reference_lam2_s0
SCVI	0	reference	10	10	0	sim2	nl	sim2_XZ_nl_uncond_reference_lam10_s0
SCVI	0	reference	100	10	0	sim2	nl	sim2_XZ_nl_uncond_reference_lam100_s0
SCVI	0	reference	200	10	0	sim2	nl	sim2_XZ_nl_uncond_reference_lam200_s0
SCVI	0	reference	500	10	0	sim2	nl	sim2_XZ_nl_uncond_reference_lam500_s0
SCVI	0	reference	1000	10	0	sim2	nl	sim2_XZ_nl_uncond_reference_lam1000_s0
SCVI	0	reference	1500	10	0	sim2	nl	sim2_XZ_nl_uncond_reference_lam1500_s0
SCVI	0	pooled	0.5	10	0	sim2	nl	sim2_XZ_nl_uncond_pooled_lam0.5_s0
SCVI	0	pooled	1	10	0	sim2	nl	sim2_XZ_nl_uncond_pooled_lam1_s0
SCVI	0	pooled	2	10	0	sim2	nl	sim2_XZ_nl_uncond_pooled_lam2_s0
SCVI	0	pooled	10	10	0	sim2	nl	sim2_XZ_nl_uncond_pooled_lam10_s0
SCVI	0	pooled	100	10	0	sim2	nl	sim2_XZ_nl_uncond_pooled_lam100_s0
SCVI	0	pooled	200	10	0	sim2	nl	sim2_XZ_nl_uncond_pooled_lam200_s0
SCVI	0	pooled	500	10	0	sim2	nl	sim2_XZ_nl_uncond_pooled_lam500_s0
SCVI	0	pooled	1000	10	0	sim2	nl	sim2_XZ_nl_uncond_pooled_lam1000_s0
SCVI	0	pooled	1500	10	0	sim2	nl	sim2_XZ_nl_uncond_pooled_lam1500_s0
SCVI	0	barycenter	0.5	10	0	sim2	nl	sim2_XZ_nl_uncond_barycenter_lam0.5_s0
SCVI	0	barycenter	1	10	0	sim2	nl	sim2_XZ_nl_uncond_barycenter_lam1_s0
SCVI	0	barycenter	2	10	0	sim2	nl	sim2_XZ_nl_uncond_barycenter_lam2_s0
SCVI	0	barycenter	10	10	0	sim2	nl	sim2_XZ_nl_uncond_barycenter_lam10_s0
SCVI	0	barycenter	100	10	0	sim2	nl	sim2_XZ_nl_uncond_barycenter_lam100_s0
SCVI	0	barycenter	200	10	0	sim2	nl	sim2_XZ_nl_uncond_barycenter_lam200_s0
SCVI	0	barycenter	500	10	0	sim2	nl	sim2_XZ_nl_uncond_barycenter_lam500_s0
SCVI	0	barycenter	1000	10	0	sim2	nl	sim2_XZ_nl_uncond_barycenter_lam1000_s0
SCVI	0	barycenter	1500	10	0	sim2	nl	sim2_XZ_nl_uncond_barycenter_lam1500_s0
SCVI	0	discriminator	0.5	1	1	sim2	nl	sim2_XZ_nl_uncond_discriminator_lam0.5_s1
SCVI	0	discriminator	1	1	1	sim2	nl	sim2_XZ_nl_uncond_discriminator_lam1_s1
SCVI	0	discriminator	2	1	1	sim2	nl	sim2_XZ_nl_uncond_discriminator_lam2_s1
SCVI	0	discriminator	10	1	1	sim2	nl	sim2_XZ_nl_uncond_discriminator_lam10_s1
SCVI	0	discriminator	100	1	1	sim2	nl	sim2_XZ_nl_uncond_discriminator_lam100_s1
SCVI	0	discriminator	200	1	1	sim2	nl	sim2_XZ_nl_uncond_discriminator_lam200_s1
SCVI	0	discriminator	500	1	1	sim2	nl	sim2_XZ_nl_uncond_discriminator_lam500_s1
SCVI	0	discriminator	1000	1	1	sim2	nl	sim2_XZ_nl_uncond_discriminator_lam1000_s1
SCVI	0	discriminator	1500	1	1	sim2	nl	sim2_XZ_nl_uncond_discriminator_lam1500_s1
SCVI	0	reference	0.5	10	1	sim2	nl	sim2_XZ_nl_uncond_reference_lam0.5_s1
SCVI	0	reference	1	10	1	sim2	nl	sim2_XZ_nl_uncond_reference_lam1_s1
SCVI	0	reference	2	10	1	sim2	nl	sim2_XZ_nl_uncond_reference_lam2_s1
SCVI	0	reference	10	10	1	sim2	nl	sim2_XZ_nl_uncond_reference_lam10_s1
SCVI	0	reference	100	10	1	sim2	nl	sim2_XZ_nl_uncond_reference_lam100_s1
SCVI	0	reference	200	10	1	sim2	nl	sim2_XZ_nl_uncond_reference_lam200_s1
SCVI	0	reference	500	10	1	sim2	nl	sim2_XZ_nl_uncond_reference_lam500_s1
SCVI	0	reference	1000	10	1	sim2	nl	sim2_XZ_nl_uncond_reference_lam1000_s1
SCVI	0	reference	1500	10	1	sim2	nl	sim2_XZ_nl_uncond_reference_lam1500_s1
SCVI	0	pooled	0.5	10	1	sim2	nl	sim2_XZ_nl_uncond_pooled_lam0.5_s1
SCVI	0	pooled	1	10	1	sim2	nl	sim2_XZ_nl_uncond_pooled_lam1_s1
SCVI	0	pooled	2	10	1	sim2	nl	sim2_XZ_nl_uncond_pooled_lam2_s1
SCVI	0	pooled	10	10	1	sim2	nl	sim2_XZ_nl_uncond_pooled_lam10_s1
SCVI	0	pooled	100	10	1	sim2	nl	sim2_XZ_nl_uncond_pooled_lam100_s1
SCVI	0	pooled	200	10	1	sim2	nl	sim2_XZ_nl_uncond_pooled_lam200_s1
SCVI	0	pooled	500	10	1	sim2	nl	sim2_XZ_nl_uncond_pooled_lam500_s1
SCVI	0	pooled	1000	10	1	sim2	nl	sim2_XZ_nl_uncond_pooled_lam1000_s1
SCVI	0	pooled	1500	10	1	sim2	nl	sim2_XZ_nl_uncond_pooled_lam1500_s1
SCVI	0	barycenter	0.5	10	1	sim2	nl	sim2_XZ_nl_uncond_barycenter_lam0.5_s1
SCVI	0	barycenter	1	10	1	sim2	nl	sim2_XZ_nl_uncond_barycenter_lam1_s1
SCVI	0	barycenter	2	10	1	sim2	nl	sim2_XZ_nl_uncond_barycenter_lam2_s1
SCVI	0	barycenter	10	10	1	sim2	nl	sim2_XZ_nl_uncond_barycenter_lam10_s1
SCVI	0	barycenter	100	10	1	sim2	nl	sim2_XZ_nl_uncond_barycenter_lam100_s1
SCVI	0	barycenter	200	10	1	sim2	nl	sim2_XZ_nl_uncond_barycenter_lam200_s1
SCVI	0	barycenter	500	10	1	sim2	nl	sim2_XZ_nl_uncond_barycenter_lam500_s1
SCVI	0	barycenter	1000	10	1	sim2	nl	sim2_XZ_nl_uncond_barycenter_lam1000_s1
SCVI	0	barycenter	1500	10	1	sim2	nl	sim2_XZ_nl_uncond_barycenter_lam1500_s1
SCVI	0	discriminator	0.5	1	2	sim2	nl	sim2_XZ_nl_uncond_discriminator_lam0.5_s2
SCVI	0	discriminator	1	1	2	sim2	nl	sim2_XZ_nl_uncond_discriminator_lam1_s2
SCVI	0	discriminator	2	1	2	sim2	nl	sim2_XZ_nl_uncond_discriminator_lam2_s2
SCVI	0	discriminator	10	1	2	sim2	nl	sim2_XZ_nl_uncond_discriminator_lam10_s2
SCVI	0	discriminator	100	1	2	sim2	nl	sim2_XZ_nl_uncond_discriminator_lam100_s2
SCVI	0	discriminator	200	1	2	sim2	nl	sim2_XZ_nl_uncond_discriminator_lam200_s2
SCVI	0	discriminator	500	1	2	sim2	nl	sim2_XZ_nl_uncond_discriminator_lam500_s2
SCVI	0	discriminator	1000	1	2	sim2	nl	sim2_XZ_nl_uncond_discriminator_lam1000_s2
SCVI	0	discriminator	1500	1	2	sim2	nl	sim2_XZ_nl_uncond_discriminator_lam1500_s2
SCVI	0	reference	0.5	10	2	sim2	nl	sim2_XZ_nl_uncond_reference_lam0.5_s2
SCVI	0	reference	1	10	2	sim2	nl	sim2_XZ_nl_uncond_reference_lam1_s2
SCVI	0	reference	2	10	2	sim2	nl	sim2_XZ_nl_uncond_reference_lam2_s2
SCVI	0	reference	10	10	2	sim2	nl	sim2_XZ_nl_uncond_reference_lam10_s2
SCVI	0	reference	100	10	2	sim2	nl	sim2_XZ_nl_uncond_reference_lam100_s2
SCVI	0	reference	200	10	2	sim2	nl	sim2_XZ_nl_uncond_reference_lam200_s2
SCVI	0	reference	500	10	2	sim2	nl	sim2_XZ_nl_uncond_reference_lam500_s2
SCVI	0	reference	1000	10	2	sim2	nl	sim2_XZ_nl_uncond_reference_lam1000_s2
SCVI	0	reference	1500	10	2	sim2	nl	sim2_XZ_nl_uncond_reference_lam1500_s2
SCVI	0	pooled	0.5	10	2	sim2	nl	sim2_XZ_nl_uncond_pooled_lam0.5_s2
SCVI	0	pooled	1	10	2	sim2	nl	sim2_XZ_nl_uncond_pooled_lam1_s2
SCVI	0	pooled	2	10	2	sim2	nl	sim2_XZ_nl_uncond_pooled_lam2_s2
SCVI	0	pooled	10	10	2	sim2	nl	sim2_XZ_nl_uncond_pooled_lam10_s2
SCVI	0	pooled	100	10	2	sim2	nl	sim2_XZ_nl_uncond_pooled_lam100_s2
SCVI	0	pooled	200	10	2	sim2	nl	sim2_XZ_nl_uncond_pooled_lam200_s2
SCVI	0	pooled	500	10	2	sim2	nl	sim2_XZ_nl_uncond_pooled_lam500_s2
SCVI	0	pooled	1000	10	2	sim2	nl	sim2_XZ_nl_uncond_pooled_lam1000_s2
SCVI	0	pooled	1500	10	2	sim2	nl	sim2_XZ_nl_uncond_pooled_lam1500_s2
SCVI	0	barycenter	0.5	10	2	sim2	nl	sim2_XZ_nl_uncond_barycenter_lam0.5_s2
SCVI	0	barycenter	1	10	2	sim2	nl	sim2_XZ_nl_uncond_barycenter_lam1_s2
SCVI	0	barycenter	2	10	2	sim2	nl	sim2_XZ_nl_uncond_barycenter_lam2_s2
SCVI	0	barycenter	10	10	2	sim2	nl	sim2_XZ_nl_uncond_barycenter_lam10_s2
SCVI	0	barycenter	100	10	2	sim2	nl	sim2_XZ_nl_uncond_barycenter_lam100_s2
SCVI	0	barycenter	200	10	2	sim2	nl	sim2_XZ_nl_uncond_barycenter_lam200_s2
SCVI	0	barycenter	500	10	2	sim2	nl	sim2_XZ_nl_uncond_barycenter_lam500_s2
SCVI	0	barycenter	1000	10	2	sim2	nl	sim2_XZ_nl_uncond_barycenter_lam1000_s2
SCVI	0	barycenter	1500	10	2	sim2	nl	sim2_XZ_nl_uncond_barycenter_lam1500_s2
SCVI	0	discriminator	0.5	1	3	sim2	nl	sim2_XZ_nl_uncond_discriminator_lam0.5_s3
SCVI	0	discriminator	1	1	3	sim2	nl	sim2_XZ_nl_uncond_discriminator_lam1_s3
SCVI	0	discriminator	2	1	3	sim2	nl	sim2_XZ_nl_uncond_discriminator_lam2_s3
SCVI	0	discriminator	10	1	3	sim2	nl	sim2_XZ_nl_uncond_discriminator_lam10_s3
SCVI	0	discriminator	100	1	3	sim2	nl	sim2_XZ_nl_uncond_discriminator_lam100_s3
SCVI	0	discriminator	200	1	3	sim2	nl	sim2_XZ_nl_uncond_discriminator_lam200_s3
SCVI	0	discriminator	500	1	3	sim2	nl	sim2_XZ_nl_uncond_discriminator_lam500_s3
SCVI	0	discriminator	1000	1	3	sim2	nl	sim2_XZ_nl_uncond_discriminator_lam1000_s3
SCVI	0	discriminator	1500	1	3	sim2	nl	sim2_XZ_nl_uncond_discriminator_lam1500_s3
SCVI	0	reference	0.5	10	3	sim2	nl	sim2_XZ_nl_uncond_reference_lam0.5_s3
SCVI	0	reference	1	10	3	sim2	nl	sim2_XZ_nl_uncond_reference_lam1_s3
SCVI	0	reference	2	10	3	sim2	nl	sim2_XZ_nl_uncond_reference_lam2_s3
SCVI	0	reference	10	10	3	sim2	nl	sim2_XZ_nl_uncond_reference_lam10_s3
SCVI	0	reference	100	10	3	sim2	nl	sim2_XZ_nl_uncond_reference_lam100_s3
SCVI	0	reference	200	10	3	sim2	nl	sim2_XZ_nl_uncond_reference_lam200_s3
SCVI	0	reference	500	10	3	sim2	nl	sim2_XZ_nl_uncond_reference_lam500_s3
SCVI	0	reference	1000	10	3	sim2	nl	sim2_XZ_nl_uncond_reference_lam1000_s3
SCVI	0	reference	1500	10	3	sim2	nl	sim2_XZ_nl_uncond_reference_lam1500_s3
SCVI	0	pooled	0.5	10	3	sim2	nl	sim2_XZ_nl_uncond_pooled_lam0.5_s3
SCVI	0	pooled	1	10	3	sim2	nl	sim2_XZ_nl_uncond_pooled_lam1_s3
SCVI	0	pooled	2	10	3	sim2	nl	sim2_XZ_nl_uncond_pooled_lam2_s3
SCVI	0	pooled	10	10	3	sim2	nl	sim2_XZ_nl_uncond_pooled_lam10_s3
SCVI	0	pooled	100	10	3	sim2	nl	sim2_XZ_nl_uncond_pooled_lam100_s3
SCVI	0	pooled	200	10	3	sim2	nl	sim2_XZ_nl_uncond_pooled_lam200_s3
SCVI	0	pooled	500	10	3	sim2	nl	sim2_XZ_nl_uncond_pooled_lam500_s3
SCVI	0	pooled	1000	10	3	sim2	nl	sim2_XZ_nl_uncond_pooled_lam1000_s3
SCVI	0	pooled	1500	10	3	sim2	nl	sim2_XZ_nl_uncond_pooled_lam1500_s3
SCVI	0	barycenter	0.5	10	3	sim2	nl	sim2_XZ_nl_uncond_barycenter_lam0.5_s3
SCVI	0	barycenter	1	10	3	sim2	nl	sim2_XZ_nl_uncond_barycenter_lam1_s3
SCVI	0	barycenter	2	10	3	sim2	nl	sim2_XZ_nl_uncond_barycenter_lam2_s3
SCVI	0	barycenter	10	10	3	sim2	nl	sim2_XZ_nl_uncond_barycenter_lam10_s3
SCVI	0	barycenter	100	10	3	sim2	nl	sim2_XZ_nl_uncond_barycenter_lam100_s3
SCVI	0	barycenter	200	10	3	sim2	nl	sim2_XZ_nl_uncond_barycenter_lam200_s3
SCVI	0	barycenter	500	10	3	sim2	nl	sim2_XZ_nl_uncond_barycenter_lam500_s3
SCVI	0	barycenter	1000	10	3	sim2	nl	sim2_XZ_nl_uncond_barycenter_lam1000_s3
SCVI	0	barycenter	1500	10	3	sim2	nl	sim2_XZ_nl_uncond_barycenter_lam1500_s3
SCVI	0	discriminator	0.5	1	4	sim2	nl	sim2_XZ_nl_uncond_discriminator_lam0.5_s4
SCVI	0	discriminator	1	1	4	sim2	nl	sim2_XZ_nl_uncond_discriminator_lam1_s4
SCVI	0	discriminator	2	1	4	sim2	nl	sim2_XZ_nl_uncond_discriminator_lam2_s4
SCVI	0	discriminator	10	1	4	sim2	nl	sim2_XZ_nl_uncond_discriminator_lam10_s4
SCVI	0	discriminator	100	1	4	sim2	nl	sim2_XZ_nl_uncond_discriminator_lam100_s4
SCVI	0	discriminator	200	1	4	sim2	nl	sim2_XZ_nl_uncond_discriminator_lam200_s4
SCVI	0	discriminator	500	1	4	sim2	nl	sim2_XZ_nl_uncond_discriminator_lam500_s4
SCVI	0	discriminator	1000	1	4	sim2	nl	sim2_XZ_nl_uncond_discriminator_lam1000_s4
SCVI	0	discriminator	1500	1	4	sim2	nl	sim2_XZ_nl_uncond_discriminator_lam1500_s4
SCVI	0	reference	0.5	10	4	sim2	nl	sim2_XZ_nl_uncond_reference_lam0.5_s4
SCVI	0	reference	1	10	4	sim2	nl	sim2_XZ_nl_uncond_reference_lam1_s4
SCVI	0	reference	2	10	4	sim2	nl	sim2_XZ_nl_uncond_reference_lam2_s4
SCVI	0	reference	10	10	4	sim2	nl	sim2_XZ_nl_uncond_reference_lam10_s4
SCVI	0	reference	100	10	4	sim2	nl	sim2_XZ_nl_uncond_reference_lam100_s4
SCVI	0	reference	200	10	4	sim2	nl	sim2_XZ_nl_uncond_reference_lam200_s4
SCVI	0	reference	500	10	4	sim2	nl	sim2_XZ_nl_uncond_reference_lam500_s4
SCVI	0	reference	1000	10	4	sim2	nl	sim2_XZ_nl_uncond_reference_lam1000_s4
SCVI	0	reference	1500	10	4	sim2	nl	sim2_XZ_nl_uncond_reference_lam1500_s4
SCVI	0	pooled	0.5	10	4	sim2	nl	sim2_XZ_nl_uncond_pooled_lam0.5_s4
SCVI	0	pooled	1	10	4	sim2	nl	sim2_XZ_nl_uncond_pooled_lam1_s4
SCVI	0	pooled	2	10	4	sim2	nl	sim2_XZ_nl_uncond_pooled_lam2_s4
SCVI	0	pooled	10	10	4	sim2	nl	sim2_XZ_nl_uncond_pooled_lam10_s4
SCVI	0	pooled	100	10	4	sim2	nl	sim2_XZ_nl_uncond_pooled_lam100_s4
SCVI	0	pooled	200	10	4	sim2	nl	sim2_XZ_nl_uncond_pooled_lam200_s4
SCVI	0	pooled	500	10	4	sim2	nl	sim2_XZ_nl_uncond_pooled_lam500_s4
SCVI	0	pooled	1000	10	4	sim2	nl	sim2_XZ_nl_uncond_pooled_lam1000_s4
SCVI	0	pooled	1500	10	4	sim2	nl	sim2_XZ_nl_uncond_pooled_lam1500_s4
SCVI	0	barycenter	0.5	10	4	sim2	nl	sim2_XZ_nl_uncond_barycenter_lam0.5_s4
SCVI	0	barycenter	1	10	4	sim2	nl	sim2_XZ_nl_uncond_barycenter_lam1_s4
SCVI	0	barycenter	2	10	4	sim2	nl	sim2_XZ_nl_uncond_barycenter_lam2_s4
SCVI	0	barycenter	10	10	4	sim2	nl	sim2_XZ_nl_uncond_barycenter_lam10_s4
SCVI	0	barycenter	100	10	4	sim2	nl	sim2_XZ_nl_uncond_barycenter_lam100_s4
SCVI	0	barycenter	200	10	4	sim2	nl	sim2_XZ_nl_uncond_barycenter_lam200_s4
SCVI	0	barycenter	500	10	4	sim2	nl	sim2_XZ_nl_uncond_barycenter_lam500_s4
SCVI	0	barycenter	1000	10	4	sim2	nl	sim2_XZ_nl_uncond_barycenter_lam1000_s4
SCVI	0	barycenter	1500	10	4	sim2	nl	sim2_XZ_nl_uncond_barycenter_lam1500_s4
LinearSCVI	0	discriminator	0.5	1	0	atac_small	lin	atac_small_XZ_lin_uncond_discriminator_lam0.5_s0
LinearSCVI	0	discriminator	1	1	0	atac_small	lin	atac_small_XZ_lin_uncond_discriminator_lam1_s0
LinearSCVI	0	discriminator	2	1	0	atac_small	lin	atac_small_XZ_lin_uncond_discriminator_lam2_s0
LinearSCVI	0	discriminator	10	1	0	atac_small	lin	atac_small_XZ_lin_uncond_discriminator_lam10_s0
LinearSCVI	0	discriminator	100	1	0	atac_small	lin	atac_small_XZ_lin_uncond_discriminator_lam100_s0
LinearSCVI	0	discriminator	200	1	0	atac_small	lin	atac_small_XZ_lin_uncond_discriminator_lam200_s0
LinearSCVI	0	discriminator	500	1	0	atac_small	lin	atac_small_XZ_lin_uncond_discriminator_lam500_s0
LinearSCVI	0	discriminator	1000	1	0	atac_small	lin	atac_small_XZ_lin_uncond_discriminator_lam1000_s0
LinearSCVI	0	discriminator	1500	1	0	atac_small	lin	atac_small_XZ_lin_uncond_discriminator_lam1500_s0
LinearSCVI	0	reference	0.5	10	0	atac_small	lin	atac_small_XZ_lin_uncond_reference_lam0.5_s0
LinearSCVI	0	reference	1	10	0	atac_small	lin	atac_small_XZ_lin_uncond_reference_lam1_s0
LinearSCVI	0	reference	2	10	0	atac_small	lin	atac_small_XZ_lin_uncond_reference_lam2_s0
LinearSCVI	0	reference	10	10	0	atac_small	lin	atac_small_XZ_lin_uncond_reference_lam10_s0
LinearSCVI	0	reference	100	10	0	atac_small	lin	atac_small_XZ_lin_uncond_reference_lam100_s0
LinearSCVI	0	reference	200	10	0	atac_small	lin	atac_small_XZ_lin_uncond_reference_lam200_s0
LinearSCVI	0	reference	500	10	0	atac_small	lin	atac_small_XZ_lin_uncond_reference_lam500_s0
LinearSCVI	0	reference	1000	10	0	atac_small	lin	atac_small_XZ_lin_uncond_reference_lam1000_s0
LinearSCVI	0	reference	1500	10	0	atac_small	lin	atac_small_XZ_lin_uncond_reference_lam1500_s0
LinearSCVI	0	pooled	0.5	10	0	atac_small	lin	atac_small_XZ_lin_uncond_pooled_lam0.5_s0
LinearSCVI	0	pooled	1	10	0	atac_small	lin	atac_small_XZ_lin_uncond_pooled_lam1_s0
LinearSCVI	0	pooled	2	10	0	atac_small	lin	atac_small_XZ_lin_uncond_pooled_lam2_s0
LinearSCVI	0	pooled	10	10	0	atac_small	lin	atac_small_XZ_lin_uncond_pooled_lam10_s0
LinearSCVI	0	pooled	100	10	0	atac_small	lin	atac_small_XZ_lin_uncond_pooled_lam100_s0
LinearSCVI	0	pooled	200	10	0	atac_small	lin	atac_small_XZ_lin_uncond_pooled_lam200_s0
LinearSCVI	0	pooled	500	10	0	atac_small	lin	atac_small_XZ_lin_uncond_pooled_lam500_s0
LinearSCVI	0	pooled	1000	10	0	atac_small	lin	atac_small_XZ_lin_uncond_pooled_lam1000_s0
LinearSCVI	0	pooled	1500	10	0	atac_small	lin	atac_small_XZ_lin_uncond_pooled_lam1500_s0
LinearSCVI	0	barycenter	0.5	10	0	atac_small	lin	atac_small_XZ_lin_uncond_barycenter_lam0.5_s0
LinearSCVI	0	barycenter	1	10	0	atac_small	lin	atac_small_XZ_lin_uncond_barycenter_lam1_s0
LinearSCVI	0	barycenter	2	10	0	atac_small	lin	atac_small_XZ_lin_uncond_barycenter_lam2_s0
LinearSCVI	0	barycenter	10	10	0	atac_small	lin	atac_small_XZ_lin_uncond_barycenter_lam10_s0
LinearSCVI	0	barycenter	100	10	0	atac_small	lin	atac_small_XZ_lin_uncond_barycenter_lam100_s0
LinearSCVI	0	barycenter	200	10	0	atac_small	lin	atac_small_XZ_lin_uncond_barycenter_lam200_s0
LinearSCVI	0	barycenter	500	10	0	atac_small	lin	atac_small_XZ_lin_uncond_barycenter_lam500_s0
LinearSCVI	0	barycenter	1000	10	0	atac_small	lin	atac_small_XZ_lin_uncond_barycenter_lam1000_s0
LinearSCVI	0	barycenter	1500	10	0	atac_small	lin	atac_small_XZ_lin_uncond_barycenter_lam1500_s0
LinearSCVI	0	discriminator	0.5	1	1	atac_small	lin	atac_small_XZ_lin_uncond_discriminator_lam0.5_s1
LinearSCVI	0	discriminator	1	1	1	atac_small	lin	atac_small_XZ_lin_uncond_discriminator_lam1_s1
LinearSCVI	0	discriminator	2	1	1	atac_small	lin	atac_small_XZ_lin_uncond_discriminator_lam2_s1
LinearSCVI	0	discriminator	10	1	1	atac_small	lin	atac_small_XZ_lin_uncond_discriminator_lam10_s1
LinearSCVI	0	discriminator	100	1	1	atac_small	lin	atac_small_XZ_lin_uncond_discriminator_lam100_s1
LinearSCVI	0	discriminator	200	1	1	atac_small	lin	atac_small_XZ_lin_uncond_discriminator_lam200_s1
LinearSCVI	0	discriminator	500	1	1	atac_small	lin	atac_small_XZ_lin_uncond_discriminator_lam500_s1
LinearSCVI	0	discriminator	1000	1	1	atac_small	lin	atac_small_XZ_lin_uncond_discriminator_lam1000_s1
LinearSCVI	0	discriminator	1500	1	1	atac_small	lin	atac_small_XZ_lin_uncond_discriminator_lam1500_s1
LinearSCVI	0	reference	0.5	10	1	atac_small	lin	atac_small_XZ_lin_uncond_reference_lam0.5_s1
LinearSCVI	0	reference	1	10	1	atac_small	lin	atac_small_XZ_lin_uncond_reference_lam1_s1
LinearSCVI	0	reference	2	10	1	atac_small	lin	atac_small_XZ_lin_uncond_reference_lam2_s1
LinearSCVI	0	reference	10	10	1	atac_small	lin	atac_small_XZ_lin_uncond_reference_lam10_s1
LinearSCVI	0	reference	100	10	1	atac_small	lin	atac_small_XZ_lin_uncond_reference_lam100_s1
LinearSCVI	0	reference	200	10	1	atac_small	lin	atac_small_XZ_lin_uncond_reference_lam200_s1
LinearSCVI	0	reference	500	10	1	atac_small	lin	atac_small_XZ_lin_uncond_reference_lam500_s1
LinearSCVI	0	reference	1000	10	1	atac_small	lin	atac_small_XZ_lin_uncond_reference_lam1000_s1
LinearSCVI	0	reference	1500	10	1	atac_small	lin	atac_small_XZ_lin_uncond_reference_lam1500_s1
LinearSCVI	0	pooled	0.5	10	1	atac_small	lin	atac_small_XZ_lin_uncond_pooled_lam0.5_s1
LinearSCVI	0	pooled	1	10	1	atac_small	lin	atac_small_XZ_lin_uncond_pooled_lam1_s1
LinearSCVI	0	pooled	2	10	1	atac_small	lin	atac_small_XZ_lin_uncond_pooled_lam2_s1
LinearSCVI	0	pooled	10	10	1	atac_small	lin	atac_small_XZ_lin_uncond_pooled_lam10_s1
LinearSCVI	0	pooled	100	10	1	atac_small	lin	atac_small_XZ_lin_uncond_pooled_lam100_s1
LinearSCVI	0	pooled	200	10	1	atac_small	lin	atac_small_XZ_lin_uncond_pooled_lam200_s1
LinearSCVI	0	pooled	500	10	1	atac_small	lin	atac_small_XZ_lin_uncond_pooled_lam500_s1
LinearSCVI	0	pooled	1000	10	1	atac_small	lin	atac_small_XZ_lin_uncond_pooled_lam1000_s1
LinearSCVI	0	pooled	1500	10	1	atac_small	lin	atac_small_XZ_lin_uncond_pooled_lam1500_s1
LinearSCVI	0	barycenter	0.5	10	1	atac_small	lin	atac_small_XZ_lin_uncond_barycenter_lam0.5_s1
LinearSCVI	0	barycenter	1	10	1	atac_small	lin	atac_small_XZ_lin_uncond_barycenter_lam1_s1
LinearSCVI	0	barycenter	2	10	1	atac_small	lin	atac_small_XZ_lin_uncond_barycenter_lam2_s1
LinearSCVI	0	barycenter	10	10	1	atac_small	lin	atac_small_XZ_lin_uncond_barycenter_lam10_s1
LinearSCVI	0	barycenter	100	10	1	atac_small	lin	atac_small_XZ_lin_uncond_barycenter_lam100_s1
LinearSCVI	0	barycenter	200	10	1	atac_small	lin	atac_small_XZ_lin_uncond_barycenter_lam200_s1
LinearSCVI	0	barycenter	500	10	1	atac_small	lin	atac_small_XZ_lin_uncond_barycenter_lam500_s1
LinearSCVI	0	barycenter	1000	10	1	atac_small	lin	atac_small_XZ_lin_uncond_barycenter_lam1000_s1
LinearSCVI	0	barycenter	1500	10	1	atac_small	lin	atac_small_XZ_lin_uncond_barycenter_lam1500_s1
LinearSCVI	0	discriminator	0.5	1	2	atac_small	lin	atac_small_XZ_lin_uncond_discriminator_lam0.5_s2
LinearSCVI	0	discriminator	1	1	2	atac_small	lin	atac_small_XZ_lin_uncond_discriminator_lam1_s2
LinearSCVI	0	discriminator	2	1	2	atac_small	lin	atac_small_XZ_lin_uncond_discriminator_lam2_s2
LinearSCVI	0	discriminator	10	1	2	atac_small	lin	atac_small_XZ_lin_uncond_discriminator_lam10_s2
LinearSCVI	0	discriminator	100	1	2	atac_small	lin	atac_small_XZ_lin_uncond_discriminator_lam100_s2
LinearSCVI	0	discriminator	200	1	2	atac_small	lin	atac_small_XZ_lin_uncond_discriminator_lam200_s2
LinearSCVI	0	discriminator	500	1	2	atac_small	lin	atac_small_XZ_lin_uncond_discriminator_lam500_s2
LinearSCVI	0	discriminator	1000	1	2	atac_small	lin	atac_small_XZ_lin_uncond_discriminator_lam1000_s2
LinearSCVI	0	discriminator	1500	1	2	atac_small	lin	atac_small_XZ_lin_uncond_discriminator_lam1500_s2
LinearSCVI	0	reference	0.5	10	2	atac_small	lin	atac_small_XZ_lin_uncond_reference_lam0.5_s2
LinearSCVI	0	reference	1	10	2	atac_small	lin	atac_small_XZ_lin_uncond_reference_lam1_s2
LinearSCVI	0	reference	2	10	2	atac_small	lin	atac_small_XZ_lin_uncond_reference_lam2_s2
LinearSCVI	0	reference	10	10	2	atac_small	lin	atac_small_XZ_lin_uncond_reference_lam10_s2
LinearSCVI	0	reference	100	10	2	atac_small	lin	atac_small_XZ_lin_uncond_reference_lam100_s2
LinearSCVI	0	reference	200	10	2	atac_small	lin	atac_small_XZ_lin_uncond_reference_lam200_s2
LinearSCVI	0	reference	500	10	2	atac_small	lin	atac_small_XZ_lin_uncond_reference_lam500_s2
LinearSCVI	0	reference	1000	10	2	atac_small	lin	atac_small_XZ_lin_uncond_reference_lam1000_s2
LinearSCVI	0	reference	1500	10	2	atac_small	lin	atac_small_XZ_lin_uncond_reference_lam1500_s2
LinearSCVI	0	pooled	0.5	10	2	atac_small	lin	atac_small_XZ_lin_uncond_pooled_lam0.5_s2
LinearSCVI	0	pooled	1	10	2	atac_small	lin	atac_small_XZ_lin_uncond_pooled_lam1_s2
LinearSCVI	0	pooled	2	10	2	atac_small	lin	atac_small_XZ_lin_uncond_pooled_lam2_s2
LinearSCVI	0	pooled	10	10	2	atac_small	lin	atac_small_XZ_lin_uncond_pooled_lam10_s2
LinearSCVI	0	pooled	100	10	2	atac_small	lin	atac_small_XZ_lin_uncond_pooled_lam100_s2
LinearSCVI	0	pooled	200	10	2	atac_small	lin	atac_small_XZ_lin_uncond_pooled_lam200_s2
LinearSCVI	0	pooled	500	10	2	atac_small	lin	atac_small_XZ_lin_uncond_pooled_lam500_s2
LinearSCVI	0	pooled	1000	10	2	atac_small	lin	atac_small_XZ_lin_uncond_pooled_lam1000_s2
LinearSCVI	0	pooled	1500	10	2	atac_small	lin	atac_small_XZ_lin_uncond_pooled_lam1500_s2
LinearSCVI	0	barycenter	0.5	10	2	atac_small	lin	atac_small_XZ_lin_uncond_barycenter_lam0.5_s2
LinearSCVI	0	barycenter	1	10	2	atac_small	lin	atac_small_XZ_lin_uncond_barycenter_lam1_s2
LinearSCVI	0	barycenter	2	10	2	atac_small	lin	atac_small_XZ_lin_uncond_barycenter_lam2_s2
LinearSCVI	0	barycenter	10	10	2	atac_small	lin	atac_small_XZ_lin_uncond_barycenter_lam10_s2
LinearSCVI	0	barycenter	100	10	2	atac_small	lin	atac_small_XZ_lin_uncond_barycenter_lam100_s2
LinearSCVI	0	barycenter	200	10	2	atac_small	lin	atac_small_XZ_lin_uncond_barycenter_lam200_s2
LinearSCVI	0	barycenter	500	10	2	atac_small	lin	atac_small_XZ_lin_uncond_barycenter_lam500_s2
LinearSCVI	0	barycenter	1000	10	2	atac_small	lin	atac_small_XZ_lin_uncond_barycenter_lam1000_s2
LinearSCVI	0	barycenter	1500	10	2	atac_small	lin	atac_small_XZ_lin_uncond_barycenter_lam1500_s2
LinearSCVI	0	discriminator	0.5	1	3	atac_small	lin	atac_small_XZ_lin_uncond_discriminator_lam0.5_s3
LinearSCVI	0	discriminator	1	1	3	atac_small	lin	atac_small_XZ_lin_uncond_discriminator_lam1_s3
LinearSCVI	0	discriminator	2	1	3	atac_small	lin	atac_small_XZ_lin_uncond_discriminator_lam2_s3
LinearSCVI	0	discriminator	10	1	3	atac_small	lin	atac_small_XZ_lin_uncond_discriminator_lam10_s3
LinearSCVI	0	discriminator	100	1	3	atac_small	lin	atac_small_XZ_lin_uncond_discriminator_lam100_s3
LinearSCVI	0	discriminator	200	1	3	atac_small	lin	atac_small_XZ_lin_uncond_discriminator_lam200_s3
LinearSCVI	0	discriminator	500	1	3	atac_small	lin	atac_small_XZ_lin_uncond_discriminator_lam500_s3
LinearSCVI	0	discriminator	1000	1	3	atac_small	lin	atac_small_XZ_lin_uncond_discriminator_lam1000_s3
LinearSCVI	0	discriminator	1500	1	3	atac_small	lin	atac_small_XZ_lin_uncond_discriminator_lam1500_s3
LinearSCVI	0	reference	0.5	10	3	atac_small	lin	atac_small_XZ_lin_uncond_reference_lam0.5_s3
LinearSCVI	0	reference	1	10	3	atac_small	lin	atac_small_XZ_lin_uncond_reference_lam1_s3
LinearSCVI	0	reference	2	10	3	atac_small	lin	atac_small_XZ_lin_uncond_reference_lam2_s3
LinearSCVI	0	reference	10	10	3	atac_small	lin	atac_small_XZ_lin_uncond_reference_lam10_s3
LinearSCVI	0	reference	100	10	3	atac_small	lin	atac_small_XZ_lin_uncond_reference_lam100_s3
LinearSCVI	0	reference	200	10	3	atac_small	lin	atac_small_XZ_lin_uncond_reference_lam200_s3
LinearSCVI	0	reference	500	10	3	atac_small	lin	atac_small_XZ_lin_uncond_reference_lam500_s3
LinearSCVI	0	reference	1000	10	3	atac_small	lin	atac_small_XZ_lin_uncond_reference_lam1000_s3
LinearSCVI	0	reference	1500	10	3	atac_small	lin	atac_small_XZ_lin_uncond_reference_lam1500_s3
LinearSCVI	0	pooled	0.5	10	3	atac_small	lin	atac_small_XZ_lin_uncond_pooled_lam0.5_s3
LinearSCVI	0	pooled	1	10	3	atac_small	lin	atac_small_XZ_lin_uncond_pooled_lam1_s3
LinearSCVI	0	pooled	2	10	3	atac_small	lin	atac_small_XZ_lin_uncond_pooled_lam2_s3
LinearSCVI	0	pooled	10	10	3	atac_small	lin	atac_small_XZ_lin_uncond_pooled_lam10_s3
LinearSCVI	0	pooled	100	10	3	atac_small	lin	atac_small_XZ_lin_uncond_pooled_lam100_s3
LinearSCVI	0	pooled	200	10	3	atac_small	lin	atac_small_XZ_lin_uncond_pooled_lam200_s3
LinearSCVI	0	pooled	500	10	3	atac_small	lin	atac_small_XZ_lin_uncond_pooled_lam500_s3
LinearSCVI	0	pooled	1000	10	3	atac_small	lin	atac_small_XZ_lin_uncond_pooled_lam1000_s3
LinearSCVI	0	pooled	1500	10	3	atac_small	lin	atac_small_XZ_lin_uncond_pooled_lam1500_s3
LinearSCVI	0	barycenter	0.5	10	3	atac_small	lin	atac_small_XZ_lin_uncond_barycenter_lam0.5_s3
LinearSCVI	0	barycenter	1	10	3	atac_small	lin	atac_small_XZ_lin_uncond_barycenter_lam1_s3
LinearSCVI	0	barycenter	2	10	3	atac_small	lin	atac_small_XZ_lin_uncond_barycenter_lam2_s3
LinearSCVI	0	barycenter	10	10	3	atac_small	lin	atac_small_XZ_lin_uncond_barycenter_lam10_s3
LinearSCVI	0	barycenter	100	10	3	atac_small	lin	atac_small_XZ_lin_uncond_barycenter_lam100_s3
LinearSCVI	0	barycenter	200	10	3	atac_small	lin	atac_small_XZ_lin_uncond_barycenter_lam200_s3
LinearSCVI	0	barycenter	500	10	3	atac_small	lin	atac_small_XZ_lin_uncond_barycenter_lam500_s3
LinearSCVI	0	barycenter	1000	10	3	atac_small	lin	atac_small_XZ_lin_uncond_barycenter_lam1000_s3
LinearSCVI	0	barycenter	1500	10	3	atac_small	lin	atac_small_XZ_lin_uncond_barycenter_lam1500_s3
LinearSCVI	0	discriminator	0.5	1	4	atac_small	lin	atac_small_XZ_lin_uncond_discriminator_lam0.5_s4
LinearSCVI	0	discriminator	1	1	4	atac_small	lin	atac_small_XZ_lin_uncond_discriminator_lam1_s4
LinearSCVI	0	discriminator	2	1	4	atac_small	lin	atac_small_XZ_lin_uncond_discriminator_lam2_s4
LinearSCVI	0	discriminator	10	1	4	atac_small	lin	atac_small_XZ_lin_uncond_discriminator_lam10_s4
LinearSCVI	0	discriminator	100	1	4	atac_small	lin	atac_small_XZ_lin_uncond_discriminator_lam100_s4
LinearSCVI	0	discriminator	200	1	4	atac_small	lin	atac_small_XZ_lin_uncond_discriminator_lam200_s4
LinearSCVI	0	discriminator	500	1	4	atac_small	lin	atac_small_XZ_lin_uncond_discriminator_lam500_s4
LinearSCVI	0	discriminator	1000	1	4	atac_small	lin	atac_small_XZ_lin_uncond_discriminator_lam1000_s4
LinearSCVI	0	discriminator	1500	1	4	atac_small	lin	atac_small_XZ_lin_uncond_discriminator_lam1500_s4
LinearSCVI	0	reference	0.5	10	4	atac_small	lin	atac_small_XZ_lin_uncond_reference_lam0.5_s4
LinearSCVI	0	reference	1	10	4	atac_small	lin	atac_small_XZ_lin_uncond_reference_lam1_s4
LinearSCVI	0	reference	2	10	4	atac_small	lin	atac_small_XZ_lin_uncond_reference_lam2_s4
LinearSCVI	0	reference	10	10	4	atac_small	lin	atac_small_XZ_lin_uncond_reference_lam10_s4
LinearSCVI	0	reference	100	10	4	atac_small	lin	atac_small_XZ_lin_uncond_reference_lam100_s4
LinearSCVI	0	reference	200	10	4	atac_small	lin	atac_small_XZ_lin_uncond_reference_lam200_s4
LinearSCVI	0	reference	500	10	4	atac_small	lin	atac_small_XZ_lin_uncond_reference_lam500_s4
LinearSCVI	0	reference	1000	10	4	atac_small	lin	atac_small_XZ_lin_uncond_reference_lam1000_s4
LinearSCVI	0	reference	1500	10	4	atac_small	lin	atac_small_XZ_lin_uncond_reference_lam1500_s4
LinearSCVI	0	pooled	0.5	10	4	atac_small	lin	atac_small_XZ_lin_uncond_pooled_lam0.5_s4
LinearSCVI	0	pooled	1	10	4	atac_small	lin	atac_small_XZ_lin_uncond_pooled_lam1_s4
LinearSCVI	0	pooled	2	10	4	atac_small	lin	atac_small_XZ_lin_uncond_pooled_lam2_s4
LinearSCVI	0	pooled	10	10	4	atac_small	lin	atac_small_XZ_lin_uncond_pooled_lam10_s4
LinearSCVI	0	pooled	100	10	4	atac_small	lin	atac_small_XZ_lin_uncond_pooled_lam100_s4
LinearSCVI	0	pooled	200	10	4	atac_small	lin	atac_small_XZ_lin_uncond_pooled_lam200_s4
LinearSCVI	0	pooled	500	10	4	atac_small	lin	atac_small_XZ_lin_uncond_pooled_lam500_s4
LinearSCVI	0	pooled	1000	10	4	atac_small	lin	atac_small_XZ_lin_uncond_pooled_lam1000_s4
LinearSCVI	0	pooled	1500	10	4	atac_small	lin	atac_small_XZ_lin_uncond_pooled_lam1500_s4
LinearSCVI	0	barycenter	0.5	10	4	atac_small	lin	atac_small_XZ_lin_uncond_barycenter_lam0.5_s4
LinearSCVI	0	barycenter	1	10	4	atac_small	lin	atac_small_XZ_lin_uncond_barycenter_lam1_s4
LinearSCVI	0	barycenter	2	10	4	atac_small	lin	atac_small_XZ_lin_uncond_barycenter_lam2_s4
LinearSCVI	0	barycenter	10	10	4	atac_small	lin	atac_small_XZ_lin_uncond_barycenter_lam10_s4
LinearSCVI	0	barycenter	100	10	4	atac_small	lin	atac_small_XZ_lin_uncond_barycenter_lam100_s4
LinearSCVI	0	barycenter	200	10	4	atac_small	lin	atac_small_XZ_lin_uncond_barycenter_lam200_s4
LinearSCVI	0	barycenter	500	10	4	atac_small	lin	atac_small_XZ_lin_uncond_barycenter_lam500_s4
LinearSCVI	0	barycenter	1000	10	4	atac_small	lin	atac_small_XZ_lin_uncond_barycenter_lam1000_s4
LinearSCVI	0	barycenter	1500	10	4	atac_small	lin	atac_small_XZ_lin_uncond_barycenter_lam1500_s4
SCVI	0	discriminator	0.5	1	0	atac_small	nl	atac_small_XZ_nl_uncond_discriminator_lam0.5_s0
SCVI	0	discriminator	1	1	0	atac_small	nl	atac_small_XZ_nl_uncond_discriminator_lam1_s0
SCVI	0	discriminator	2	1	0	atac_small	nl	atac_small_XZ_nl_uncond_discriminator_lam2_s0
SCVI	0	discriminator	10	1	0	atac_small	nl	atac_small_XZ_nl_uncond_discriminator_lam10_s0
SCVI	0	discriminator	100	1	0	atac_small	nl	atac_small_XZ_nl_uncond_discriminator_lam100_s0
SCVI	0	discriminator	200	1	0	atac_small	nl	atac_small_XZ_nl_uncond_discriminator_lam200_s0
SCVI	0	discriminator	500	1	0	atac_small	nl	atac_small_XZ_nl_uncond_discriminator_lam500_s0
SCVI	0	discriminator	1000	1	0	atac_small	nl	atac_small_XZ_nl_uncond_discriminator_lam1000_s0
SCVI	0	discriminator	1500	1	0	atac_small	nl	atac_small_XZ_nl_uncond_discriminator_lam1500_s0
SCVI	0	reference	0.5	10	0	atac_small	nl	atac_small_XZ_nl_uncond_reference_lam0.5_s0
SCVI	0	reference	1	10	0	atac_small	nl	atac_small_XZ_nl_uncond_reference_lam1_s0
SCVI	0	reference	2	10	0	atac_small	nl	atac_small_XZ_nl_uncond_reference_lam2_s0
SCVI	0	reference	10	10	0	atac_small	nl	atac_small_XZ_nl_uncond_reference_lam10_s0
SCVI	0	reference	100	10	0	atac_small	nl	atac_small_XZ_nl_uncond_reference_lam100_s0
SCVI	0	reference	200	10	0	atac_small	nl	atac_small_XZ_nl_uncond_reference_lam200_s0
SCVI	0	reference	500	10	0	atac_small	nl	atac_small_XZ_nl_uncond_reference_lam500_s0
SCVI	0	reference	1000	10	0	atac_small	nl	atac_small_XZ_nl_uncond_reference_lam1000_s0
SCVI	0	reference	1500	10	0	atac_small	nl	atac_small_XZ_nl_uncond_reference_lam1500_s0
SCVI	0	pooled	0.5	10	0	atac_small	nl	atac_small_XZ_nl_uncond_pooled_lam0.5_s0
SCVI	0	pooled	1	10	0	atac_small	nl	atac_small_XZ_nl_uncond_pooled_lam1_s0
SCVI	0	pooled	2	10	0	atac_small	nl	atac_small_XZ_nl_uncond_pooled_lam2_s0
SCVI	0	pooled	10	10	0	atac_small	nl	atac_small_XZ_nl_uncond_pooled_lam10_s0
SCVI	0	pooled	100	10	0	atac_small	nl	atac_small_XZ_nl_uncond_pooled_lam100_s0
SCVI	0	pooled	200	10	0	atac_small	nl	atac_small_XZ_nl_uncond_pooled_lam200_s0
SCVI	0	pooled	500	10	0	atac_small	nl	atac_small_XZ_nl_uncond_pooled_lam500_s0
SCVI	0	pooled	1000	10	0	atac_small	nl	atac_small_XZ_nl_uncond_pooled_lam1000_s0
SCVI	0	pooled	1500	10	0	atac_small	nl	atac_small_XZ_nl_uncond_pooled_lam1500_s0
SCVI	0	barycenter	0.5	10	0	atac_small	nl	atac_small_XZ_nl_uncond_barycenter_lam0.5_s0
SCVI	0	barycenter	1	10	0	atac_small	nl	atac_small_XZ_nl_uncond_barycenter_lam1_s0
SCVI	0	barycenter	2	10	0	atac_small	nl	atac_small_XZ_nl_uncond_barycenter_lam2_s0
SCVI	0	barycenter	10	10	0	atac_small	nl	atac_small_XZ_nl_uncond_barycenter_lam10_s0
SCVI	0	barycenter	100	10	0	atac_small	nl	atac_small_XZ_nl_uncond_barycenter_lam100_s0
SCVI	0	barycenter	200	10	0	atac_small	nl	atac_small_XZ_nl_uncond_barycenter_lam200_s0
SCVI	0	barycenter	500	10	0	atac_small	nl	atac_small_XZ_nl_uncond_barycenter_lam500_s0
SCVI	0	barycenter	1000	10	0	atac_small	nl	atac_small_XZ_nl_uncond_barycenter_lam1000_s0
SCVI	0	barycenter	1500	10	0	atac_small	nl	atac_small_XZ_nl_uncond_barycenter_lam1500_s0
SCVI	0	discriminator	0.5	1	1	atac_small	nl	atac_small_XZ_nl_uncond_discriminator_lam0.5_s1
SCVI	0	discriminator	1	1	1	atac_small	nl	atac_small_XZ_nl_uncond_discriminator_lam1_s1
SCVI	0	discriminator	2	1	1	atac_small	nl	atac_small_XZ_nl_uncond_discriminator_lam2_s1
SCVI	0	discriminator	10	1	1	atac_small	nl	atac_small_XZ_nl_uncond_discriminator_lam10_s1
SCVI	0	discriminator	100	1	1	atac_small	nl	atac_small_XZ_nl_uncond_discriminator_lam100_s1
SCVI	0	discriminator	200	1	1	atac_small	nl	atac_small_XZ_nl_uncond_discriminator_lam200_s1
SCVI	0	discriminator	500	1	1	atac_small	nl	atac_small_XZ_nl_uncond_discriminator_lam500_s1
SCVI	0	discriminator	1000	1	1	atac_small	nl	atac_small_XZ_nl_uncond_discriminator_lam1000_s1
SCVI	0	discriminator	1500	1	1	atac_small	nl	atac_small_XZ_nl_uncond_discriminator_lam1500_s1
SCVI	0	reference	0.5	10	1	atac_small	nl	atac_small_XZ_nl_uncond_reference_lam0.5_s1
SCVI	0	reference	1	10	1	atac_small	nl	atac_small_XZ_nl_uncond_reference_lam1_s1
SCVI	0	reference	2	10	1	atac_small	nl	atac_small_XZ_nl_uncond_reference_lam2_s1
SCVI	0	reference	10	10	1	atac_small	nl	atac_small_XZ_nl_uncond_reference_lam10_s1
SCVI	0	reference	100	10	1	atac_small	nl	atac_small_XZ_nl_uncond_reference_lam100_s1
SCVI	0	reference	200	10	1	atac_small	nl	atac_small_XZ_nl_uncond_reference_lam200_s1
SCVI	0	reference	500	10	1	atac_small	nl	atac_small_XZ_nl_uncond_reference_lam500_s1
SCVI	0	reference	1000	10	1	atac_small	nl	atac_small_XZ_nl_uncond_reference_lam1000_s1
SCVI	0	reference	1500	10	1	atac_small	nl	atac_small_XZ_nl_uncond_reference_lam1500_s1
SCVI	0	pooled	0.5	10	1	atac_small	nl	atac_small_XZ_nl_uncond_pooled_lam0.5_s1
SCVI	0	pooled	1	10	1	atac_small	nl	atac_small_XZ_nl_uncond_pooled_lam1_s1
SCVI	0	pooled	2	10	1	atac_small	nl	atac_small_XZ_nl_uncond_pooled_lam2_s1
SCVI	0	pooled	10	10	1	atac_small	nl	atac_small_XZ_nl_uncond_pooled_lam10_s1
SCVI	0	pooled	100	10	1	atac_small	nl	atac_small_XZ_nl_uncond_pooled_lam100_s1
SCVI	0	pooled	200	10	1	atac_small	nl	atac_small_XZ_nl_uncond_pooled_lam200_s1
SCVI	0	pooled	500	10	1	atac_small	nl	atac_small_XZ_nl_uncond_pooled_lam500_s1
SCVI	0	pooled	1000	10	1	atac_small	nl	atac_small_XZ_nl_uncond_pooled_lam1000_s1
SCVI	0	pooled	1500	10	1	atac_small	nl	atac_small_XZ_nl_uncond_pooled_lam1500_s1
SCVI	0	barycenter	0.5	10	1	atac_small	nl	atac_small_XZ_nl_uncond_barycenter_lam0.5_s1
SCVI	0	barycenter	1	10	1	atac_small	nl	atac_small_XZ_nl_uncond_barycenter_lam1_s1
SCVI	0	barycenter	2	10	1	atac_small	nl	atac_small_XZ_nl_uncond_barycenter_lam2_s1
SCVI	0	barycenter	10	10	1	atac_small	nl	atac_small_XZ_nl_uncond_barycenter_lam10_s1
SCVI	0	barycenter	100	10	1	atac_small	nl	atac_small_XZ_nl_uncond_barycenter_lam100_s1
SCVI	0	barycenter	200	10	1	atac_small	nl	atac_small_XZ_nl_uncond_barycenter_lam200_s1
SCVI	0	barycenter	500	10	1	atac_small	nl	atac_small_XZ_nl_uncond_barycenter_lam500_s1
SCVI	0	barycenter	1000	10	1	atac_small	nl	atac_small_XZ_nl_uncond_barycenter_lam1000_s1
SCVI	0	barycenter	1500	10	1	atac_small	nl	atac_small_XZ_nl_uncond_barycenter_lam1500_s1
SCVI	0	discriminator	0.5	1	2	atac_small	nl	atac_small_XZ_nl_uncond_discriminator_lam0.5_s2
SCVI	0	discriminator	1	1	2	atac_small	nl	atac_small_XZ_nl_uncond_discriminator_lam1_s2
SCVI	0	discriminator	2	1	2	atac_small	nl	atac_small_XZ_nl_uncond_discriminator_lam2_s2
SCVI	0	discriminator	10	1	2	atac_small	nl	atac_small_XZ_nl_uncond_discriminator_lam10_s2
SCVI	0	discriminator	100	1	2	atac_small	nl	atac_small_XZ_nl_uncond_discriminator_lam100_s2
SCVI	0	discriminator	200	1	2	atac_small	nl	atac_small_XZ_nl_uncond_discriminator_lam200_s2
SCVI	0	discriminator	500	1	2	atac_small	nl	atac_small_XZ_nl_uncond_discriminator_lam500_s2
SCVI	0	discriminator	1000	1	2	atac_small	nl	atac_small_XZ_nl_uncond_discriminator_lam1000_s2
SCVI	0	discriminator	1500	1	2	atac_small	nl	atac_small_XZ_nl_uncond_discriminator_lam1500_s2
SCVI	0	reference	0.5	10	2	atac_small	nl	atac_small_XZ_nl_uncond_reference_lam0.5_s2
SCVI	0	reference	1	10	2	atac_small	nl	atac_small_XZ_nl_uncond_reference_lam1_s2
SCVI	0	reference	2	10	2	atac_small	nl	atac_small_XZ_nl_uncond_reference_lam2_s2
SCVI	0	reference	10	10	2	atac_small	nl	atac_small_XZ_nl_uncond_reference_lam10_s2
SCVI	0	reference	100	10	2	atac_small	nl	atac_small_XZ_nl_uncond_reference_lam100_s2
SCVI	0	reference	200	10	2	atac_small	nl	atac_small_XZ_nl_uncond_reference_lam200_s2
SCVI	0	reference	500	10	2	atac_small	nl	atac_small_XZ_nl_uncond_reference_lam500_s2
SCVI	0	reference	1000	10	2	atac_small	nl	atac_small_XZ_nl_uncond_reference_lam1000_s2
SCVI	0	reference	1500	10	2	atac_small	nl	atac_small_XZ_nl_uncond_reference_lam1500_s2
SCVI	0	pooled	0.5	10	2	atac_small	nl	atac_small_XZ_nl_uncond_pooled_lam0.5_s2
SCVI	0	pooled	1	10	2	atac_small	nl	atac_small_XZ_nl_uncond_pooled_lam1_s2
SCVI	0	pooled	2	10	2	atac_small	nl	atac_small_XZ_nl_uncond_pooled_lam2_s2
SCVI	0	pooled	10	10	2	atac_small	nl	atac_small_XZ_nl_uncond_pooled_lam10_s2
SCVI	0	pooled	100	10	2	atac_small	nl	atac_small_XZ_nl_uncond_pooled_lam100_s2
SCVI	0	pooled	200	10	2	atac_small	nl	atac_small_XZ_nl_uncond_pooled_lam200_s2
SCVI	0	pooled	500	10	2	atac_small	nl	atac_small_XZ_nl_uncond_pooled_lam500_s2
SCVI	0	pooled	1000	10	2	atac_small	nl	atac_small_XZ_nl_uncond_pooled_lam1000_s2
SCVI	0	pooled	1500	10	2	atac_small	nl	atac_small_XZ_nl_uncond_pooled_lam1500_s2
SCVI	0	barycenter	0.5	10	2	atac_small	nl	atac_small_XZ_nl_uncond_barycenter_lam0.5_s2
SCVI	0	barycenter	1	10	2	atac_small	nl	atac_small_XZ_nl_uncond_barycenter_lam1_s2
SCVI	0	barycenter	2	10	2	atac_small	nl	atac_small_XZ_nl_uncond_barycenter_lam2_s2
SCVI	0	barycenter	10	10	2	atac_small	nl	atac_small_XZ_nl_uncond_barycenter_lam10_s2
SCVI	0	barycenter	100	10	2	atac_small	nl	atac_small_XZ_nl_uncond_barycenter_lam100_s2
SCVI	0	barycenter	200	10	2	atac_small	nl	atac_small_XZ_nl_uncond_barycenter_lam200_s2
SCVI	0	barycenter	500	10	2	atac_small	nl	atac_small_XZ_nl_uncond_barycenter_lam500_s2
SCVI	0	barycenter	1000	10	2	atac_small	nl	atac_small_XZ_nl_uncond_barycenter_lam1000_s2
SCVI	0	barycenter	1500	10	2	atac_small	nl	atac_small_XZ_nl_uncond_barycenter_lam1500_s2
SCVI	0	discriminator	0.5	1	3	atac_small	nl	atac_small_XZ_nl_uncond_discriminator_lam0.5_s3
SCVI	0	discriminator	1	1	3	atac_small	nl	atac_small_XZ_nl_uncond_discriminator_lam1_s3
SCVI	0	discriminator	2	1	3	atac_small	nl	atac_small_XZ_nl_uncond_discriminator_lam2_s3
SCVI	0	discriminator	10	1	3	atac_small	nl	atac_small_XZ_nl_uncond_discriminator_lam10_s3
SCVI	0	discriminator	100	1	3	atac_small	nl	atac_small_XZ_nl_uncond_discriminator_lam100_s3
SCVI	0	discriminator	200	1	3	atac_small	nl	atac_small_XZ_nl_uncond_discriminator_lam200_s3
SCVI	0	discriminator	500	1	3	atac_small	nl	atac_small_XZ_nl_uncond_discriminator_lam500_s3
SCVI	0	discriminator	1000	1	3	atac_small	nl	atac_small_XZ_nl_uncond_discriminator_lam1000_s3
SCVI	0	discriminator	1500	1	3	atac_small	nl	atac_small_XZ_nl_uncond_discriminator_lam1500_s3
SCVI	0	reference	0.5	10	3	atac_small	nl	atac_small_XZ_nl_uncond_reference_lam0.5_s3
SCVI	0	reference	1	10	3	atac_small	nl	atac_small_XZ_nl_uncond_reference_lam1_s3
SCVI	0	reference	2	10	3	atac_small	nl	atac_small_XZ_nl_uncond_reference_lam2_s3
SCVI	0	reference	10	10	3	atac_small	nl	atac_small_XZ_nl_uncond_reference_lam10_s3
SCVI	0	reference	100	10	3	atac_small	nl	atac_small_XZ_nl_uncond_reference_lam100_s3
SCVI	0	reference	200	10	3	atac_small	nl	atac_small_XZ_nl_uncond_reference_lam200_s3
SCVI	0	reference	500	10	3	atac_small	nl	atac_small_XZ_nl_uncond_reference_lam500_s3
SCVI	0	reference	1000	10	3	atac_small	nl	atac_small_XZ_nl_uncond_reference_lam1000_s3
SCVI	0	reference	1500	10	3	atac_small	nl	atac_small_XZ_nl_uncond_reference_lam1500_s3
SCVI	0	pooled	0.5	10	3	atac_small	nl	atac_small_XZ_nl_uncond_pooled_lam0.5_s3
SCVI	0	pooled	1	10	3	atac_small	nl	atac_small_XZ_nl_uncond_pooled_lam1_s3
SCVI	0	pooled	2	10	3	atac_small	nl	atac_small_XZ_nl_uncond_pooled_lam2_s3
SCVI	0	pooled	10	10	3	atac_small	nl	atac_small_XZ_nl_uncond_pooled_lam10_s3
SCVI	0	pooled	100	10	3	atac_small	nl	atac_small_XZ_nl_uncond_pooled_lam100_s3
SCVI	0	pooled	200	10	3	atac_small	nl	atac_small_XZ_nl_uncond_pooled_lam200_s3
SCVI	0	pooled	500	10	3	atac_small	nl	atac_small_XZ_nl_uncond_pooled_lam500_s3
SCVI	0	pooled	1000	10	3	atac_small	nl	atac_small_XZ_nl_uncond_pooled_lam1000_s3
SCVI	0	pooled	1500	10	3	atac_small	nl	atac_small_XZ_nl_uncond_pooled_lam1500_s3
SCVI	0	barycenter	0.5	10	3	atac_small	nl	atac_small_XZ_nl_uncond_barycenter_lam0.5_s3
SCVI	0	barycenter	1	10	3	atac_small	nl	atac_small_XZ_nl_uncond_barycenter_lam1_s3
SCVI	0	barycenter	2	10	3	atac_small	nl	atac_small_XZ_nl_uncond_barycenter_lam2_s3
SCVI	0	barycenter	10	10	3	atac_small	nl	atac_small_XZ_nl_uncond_barycenter_lam10_s3
SCVI	0	barycenter	100	10	3	atac_small	nl	atac_small_XZ_nl_uncond_barycenter_lam100_s3
SCVI	0	barycenter	200	10	3	atac_small	nl	atac_small_XZ_nl_uncond_barycenter_lam200_s3
SCVI	0	barycenter	500	10	3	atac_small	nl	atac_small_XZ_nl_uncond_barycenter_lam500_s3
SCVI	0	barycenter	1000	10	3	atac_small	nl	atac_small_XZ_nl_uncond_barycenter_lam1000_s3
SCVI	0	barycenter	1500	10	3	atac_small	nl	atac_small_XZ_nl_uncond_barycenter_lam1500_s3
SCVI	0	discriminator	0.5	1	4	atac_small	nl	atac_small_XZ_nl_uncond_discriminator_lam0.5_s4
SCVI	0	discriminator	1	1	4	atac_small	nl	atac_small_XZ_nl_uncond_discriminator_lam1_s4
SCVI	0	discriminator	2	1	4	atac_small	nl	atac_small_XZ_nl_uncond_discriminator_lam2_s4
SCVI	0	discriminator	10	1	4	atac_small	nl	atac_small_XZ_nl_uncond_discriminator_lam10_s4
SCVI	0	discriminator	100	1	4	atac_small	nl	atac_small_XZ_nl_uncond_discriminator_lam100_s4
SCVI	0	discriminator	200	1	4	atac_small	nl	atac_small_XZ_nl_uncond_discriminator_lam200_s4
SCVI	0	discriminator	500	1	4	atac_small	nl	atac_small_XZ_nl_uncond_discriminator_lam500_s4
SCVI	0	discriminator	1000	1	4	atac_small	nl	atac_small_XZ_nl_uncond_discriminator_lam1000_s4
SCVI	0	discriminator	1500	1	4	atac_small	nl	atac_small_XZ_nl_uncond_discriminator_lam1500_s4
SCVI	0	reference	0.5	10	4	atac_small	nl	atac_small_XZ_nl_uncond_reference_lam0.5_s4
SCVI	0	reference	1	10	4	atac_small	nl	atac_small_XZ_nl_uncond_reference_lam1_s4
SCVI	0	reference	2	10	4	atac_small	nl	atac_small_XZ_nl_uncond_reference_lam2_s4
SCVI	0	reference	10	10	4	atac_small	nl	atac_small_XZ_nl_uncond_reference_lam10_s4
SCVI	0	reference	100	10	4	atac_small	nl	atac_small_XZ_nl_uncond_reference_lam100_s4
SCVI	0	reference	200	10	4	atac_small	nl	atac_small_XZ_nl_uncond_reference_lam200_s4
SCVI	0	reference	500	10	4	atac_small	nl	atac_small_XZ_nl_uncond_reference_lam500_s4
SCVI	0	reference	1000	10	4	atac_small	nl	atac_small_XZ_nl_uncond_reference_lam1000_s4
SCVI	0	reference	1500	10	4	atac_small	nl	atac_small_XZ_nl_uncond_reference_lam1500_s4
SCVI	0	pooled	0.5	10	4	atac_small	nl	atac_small_XZ_nl_uncond_pooled_lam0.5_s4
SCVI	0	pooled	1	10	4	atac_small	nl	atac_small_XZ_nl_uncond_pooled_lam1_s4
SCVI	0	pooled	2	10	4	atac_small	nl	atac_small_XZ_nl_uncond_pooled_lam2_s4
SCVI	0	pooled	10	10	4	atac_small	nl	atac_small_XZ_nl_uncond_pooled_lam10_s4
SCVI	0	pooled	100	10	4	atac_small	nl	atac_small_XZ_nl_uncond_pooled_lam100_s4
SCVI	0	pooled	200	10	4	atac_small	nl	atac_small_XZ_nl_uncond_pooled_lam200_s4
SCVI	0	pooled	500	10	4	atac_small	nl	atac_small_XZ_nl_uncond_pooled_lam500_s4
SCVI	0	pooled	1000	10	4	atac_small	nl	atac_small_XZ_nl_uncond_pooled_lam1000_s4
SCVI	0	pooled	1500	10	4	atac_small	nl	atac_small_XZ_nl_uncond_pooled_lam1500_s4
SCVI	0	barycenter	0.5	10	4	atac_small	nl	atac_small_XZ_nl_uncond_barycenter_lam0.5_s4
SCVI	0	barycenter	1	10	4	atac_small	nl	atac_small_XZ_nl_uncond_barycenter_lam1_s4
SCVI	0	barycenter	2	10	4	atac_small	nl	atac_small_XZ_nl_uncond_barycenter_lam2_s4
SCVI	0	barycenter	10	10	4	atac_small	nl	atac_small_XZ_nl_uncond_barycenter_lam10_s4
SCVI	0	barycenter	100	10	4	atac_small	nl	atac_small_XZ_nl_uncond_barycenter_lam100_s4
SCVI	0	barycenter	200	10	4	atac_small	nl	atac_small_XZ_nl_uncond_barycenter_lam200_s4
SCVI	0	barycenter	500	10	4	atac_small	nl	atac_small_XZ_nl_uncond_barycenter_lam500_s4
SCVI	0	barycenter	1000	10	4	atac_small	nl	atac_small_XZ_nl_uncond_barycenter_lam1000_s4
SCVI	0	barycenter	1500	10	4	atac_small	nl	atac_small_XZ_nl_uncond_barycenter_lam1500_s4
LinearSCVI	0	discriminator	0.5	1	0	immune_hum_mou	lin	immune_hum_mou_XZ_lin_uncond_discriminator_lam0.5_s0
LinearSCVI	0	discriminator	1	1	0	immune_hum_mou	lin	immune_hum_mou_XZ_lin_uncond_discriminator_lam1_s0
LinearSCVI	0	discriminator	2	1	0	immune_hum_mou	lin	immune_hum_mou_XZ_lin_uncond_discriminator_lam2_s0
LinearSCVI	0	discriminator	10	1	0	immune_hum_mou	lin	immune_hum_mou_XZ_lin_uncond_discriminator_lam10_s0
LinearSCVI	0	discriminator	100	1	0	immune_hum_mou	lin	immune_hum_mou_XZ_lin_uncond_discriminator_lam100_s0
LinearSCVI	0	discriminator	200	1	0	immune_hum_mou	lin	immune_hum_mou_XZ_lin_uncond_discriminator_lam200_s0
LinearSCVI	0	discriminator	500	1	0	immune_hum_mou	lin	immune_hum_mou_XZ_lin_uncond_discriminator_lam500_s0
LinearSCVI	0	discriminator	1000	1	0	immune_hum_mou	lin	immune_hum_mou_XZ_lin_uncond_discriminator_lam1000_s0
LinearSCVI	0	discriminator	1500	1	0	immune_hum_mou	lin	immune_hum_mou_XZ_lin_uncond_discriminator_lam1500_s0
LinearSCVI	0	reference	0.5	10	0	immune_hum_mou	lin	immune_hum_mou_XZ_lin_uncond_reference_lam0.5_s0
LinearSCVI	0	reference	1	10	0	immune_hum_mou	lin	immune_hum_mou_XZ_lin_uncond_reference_lam1_s0
LinearSCVI	0	reference	2	10	0	immune_hum_mou	lin	immune_hum_mou_XZ_lin_uncond_reference_lam2_s0
LinearSCVI	0	reference	10	10	0	immune_hum_mou	lin	immune_hum_mou_XZ_lin_uncond_reference_lam10_s0
LinearSCVI	0	reference	100	10	0	immune_hum_mou	lin	immune_hum_mou_XZ_lin_uncond_reference_lam100_s0
LinearSCVI	0	reference	200	10	0	immune_hum_mou	lin	immune_hum_mou_XZ_lin_uncond_reference_lam200_s0
LinearSCVI	0	reference	500	10	0	immune_hum_mou	lin	immune_hum_mou_XZ_lin_uncond_reference_lam500_s0
LinearSCVI	0	reference	1000	10	0	immune_hum_mou	lin	immune_hum_mou_XZ_lin_uncond_reference_lam1000_s0
LinearSCVI	0	reference	1500	10	0	immune_hum_mou	lin	immune_hum_mou_XZ_lin_uncond_reference_lam1500_s0
LinearSCVI	0	pooled	0.5	10	0	immune_hum_mou	lin	immune_hum_mou_XZ_lin_uncond_pooled_lam0.5_s0
LinearSCVI	0	pooled	1	10	0	immune_hum_mou	lin	immune_hum_mou_XZ_lin_uncond_pooled_lam1_s0
LinearSCVI	0	pooled	2	10	0	immune_hum_mou	lin	immune_hum_mou_XZ_lin_uncond_pooled_lam2_s0
LinearSCVI	0	pooled	10	10	0	immune_hum_mou	lin	immune_hum_mou_XZ_lin_uncond_pooled_lam10_s0
LinearSCVI	0	pooled	100	10	0	immune_hum_mou	lin	immune_hum_mou_XZ_lin_uncond_pooled_lam100_s0
LinearSCVI	0	pooled	200	10	0	immune_hum_mou	lin	immune_hum_mou_XZ_lin_uncond_pooled_lam200_s0
LinearSCVI	0	pooled	500	10	0	immune_hum_mou	lin	immune_hum_mou_XZ_lin_uncond_pooled_lam500_s0
LinearSCVI	0	pooled	1000	10	0	immune_hum_mou	lin	immune_hum_mou_XZ_lin_uncond_pooled_lam1000_s0
LinearSCVI	0	pooled	1500	10	0	immune_hum_mou	lin	immune_hum_mou_XZ_lin_uncond_pooled_lam1500_s0
LinearSCVI	0	barycenter	0.5	10	0	immune_hum_mou	lin	immune_hum_mou_XZ_lin_uncond_barycenter_lam0.5_s0
LinearSCVI	0	barycenter	1	10	0	immune_hum_mou	lin	immune_hum_mou_XZ_lin_uncond_barycenter_lam1_s0
LinearSCVI	0	barycenter	2	10	0	immune_hum_mou	lin	immune_hum_mou_XZ_lin_uncond_barycenter_lam2_s0
LinearSCVI	0	barycenter	10	10	0	immune_hum_mou	lin	immune_hum_mou_XZ_lin_uncond_barycenter_lam10_s0
LinearSCVI	0	barycenter	100	10	0	immune_hum_mou	lin	immune_hum_mou_XZ_lin_uncond_barycenter_lam100_s0
LinearSCVI	0	barycenter	200	10	0	immune_hum_mou	lin	immune_hum_mou_XZ_lin_uncond_barycenter_lam200_s0
LinearSCVI	0	barycenter	500	10	0	immune_hum_mou	lin	immune_hum_mou_XZ_lin_uncond_barycenter_lam500_s0
LinearSCVI	0	barycenter	1000	10	0	immune_hum_mou	lin	immune_hum_mou_XZ_lin_uncond_barycenter_lam1000_s0
LinearSCVI	0	barycenter	1500	10	0	immune_hum_mou	lin	immune_hum_mou_XZ_lin_uncond_barycenter_lam1500_s0
LinearSCVI	0	discriminator	0.5	1	1	immune_hum_mou	lin	immune_hum_mou_XZ_lin_uncond_discriminator_lam0.5_s1
LinearSCVI	0	discriminator	1	1	1	immune_hum_mou	lin	immune_hum_mou_XZ_lin_uncond_discriminator_lam1_s1
LinearSCVI	0	discriminator	2	1	1	immune_hum_mou	lin	immune_hum_mou_XZ_lin_uncond_discriminator_lam2_s1
LinearSCVI	0	discriminator	10	1	1	immune_hum_mou	lin	immune_hum_mou_XZ_lin_uncond_discriminator_lam10_s1
LinearSCVI	0	discriminator	100	1	1	immune_hum_mou	lin	immune_hum_mou_XZ_lin_uncond_discriminator_lam100_s1
LinearSCVI	0	discriminator	200	1	1	immune_hum_mou	lin	immune_hum_mou_XZ_lin_uncond_discriminator_lam200_s1
LinearSCVI	0	discriminator	500	1	1	immune_hum_mou	lin	immune_hum_mou_XZ_lin_uncond_discriminator_lam500_s1
LinearSCVI	0	discriminator	1000	1	1	immune_hum_mou	lin	immune_hum_mou_XZ_lin_uncond_discriminator_lam1000_s1
LinearSCVI	0	discriminator	1500	1	1	immune_hum_mou	lin	immune_hum_mou_XZ_lin_uncond_discriminator_lam1500_s1
LinearSCVI	0	reference	0.5	10	1	immune_hum_mou	lin	immune_hum_mou_XZ_lin_uncond_reference_lam0.5_s1
LinearSCVI	0	reference	1	10	1	immune_hum_mou	lin	immune_hum_mou_XZ_lin_uncond_reference_lam1_s1
LinearSCVI	0	reference	2	10	1	immune_hum_mou	lin	immune_hum_mou_XZ_lin_uncond_reference_lam2_s1
LinearSCVI	0	reference	10	10	1	immune_hum_mou	lin	immune_hum_mou_XZ_lin_uncond_reference_lam10_s1
LinearSCVI	0	reference	100	10	1	immune_hum_mou	lin	immune_hum_mou_XZ_lin_uncond_reference_lam100_s1
LinearSCVI	0	reference	200	10	1	immune_hum_mou	lin	immune_hum_mou_XZ_lin_uncond_reference_lam200_s1
LinearSCVI	0	reference	500	10	1	immune_hum_mou	lin	immune_hum_mou_XZ_lin_uncond_reference_lam500_s1
LinearSCVI	0	reference	1000	10	1	immune_hum_mou	lin	immune_hum_mou_XZ_lin_uncond_reference_lam1000_s1
LinearSCVI	0	reference	1500	10	1	immune_hum_mou	lin	immune_hum_mou_XZ_lin_uncond_reference_lam1500_s1
LinearSCVI	0	pooled	0.5	10	1	immune_hum_mou	lin	immune_hum_mou_XZ_lin_uncond_pooled_lam0.5_s1
LinearSCVI	0	pooled	1	10	1	immune_hum_mou	lin	immune_hum_mou_XZ_lin_uncond_pooled_lam1_s1
LinearSCVI	0	pooled	2	10	1	immune_hum_mou	lin	immune_hum_mou_XZ_lin_uncond_pooled_lam2_s1
LinearSCVI	0	pooled	10	10	1	immune_hum_mou	lin	immune_hum_mou_XZ_lin_uncond_pooled_lam10_s1
LinearSCVI	0	pooled	100	10	1	immune_hum_mou	lin	immune_hum_mou_XZ_lin_uncond_pooled_lam100_s1
LinearSCVI	0	pooled	200	10	1	immune_hum_mou	lin	immune_hum_mou_XZ_lin_uncond_pooled_lam200_s1
LinearSCVI	0	pooled	500	10	1	immune_hum_mou	lin	immune_hum_mou_XZ_lin_uncond_pooled_lam500_s1
LinearSCVI	0	pooled	1000	10	1	immune_hum_mou	lin	immune_hum_mou_XZ_lin_uncond_pooled_lam1000_s1
LinearSCVI	0	pooled	1500	10	1	immune_hum_mou	lin	immune_hum_mou_XZ_lin_uncond_pooled_lam1500_s1
LinearSCVI	0	barycenter	0.5	10	1	immune_hum_mou	lin	immune_hum_mou_XZ_lin_uncond_barycenter_lam0.5_s1
LinearSCVI	0	barycenter	1	10	1	immune_hum_mou	lin	immune_hum_mou_XZ_lin_uncond_barycenter_lam1_s1
LinearSCVI	0	barycenter	2	10	1	immune_hum_mou	lin	immune_hum_mou_XZ_lin_uncond_barycenter_lam2_s1
LinearSCVI	0	barycenter	10	10	1	immune_hum_mou	lin	immune_hum_mou_XZ_lin_uncond_barycenter_lam10_s1
LinearSCVI	0	barycenter	100	10	1	immune_hum_mou	lin	immune_hum_mou_XZ_lin_uncond_barycenter_lam100_s1
LinearSCVI	0	barycenter	200	10	1	immune_hum_mou	lin	immune_hum_mou_XZ_lin_uncond_barycenter_lam200_s1
LinearSCVI	0	barycenter	500	10	1	immune_hum_mou	lin	immune_hum_mou_XZ_lin_uncond_barycenter_lam500_s1
LinearSCVI	0	barycenter	1000	10	1	immune_hum_mou	lin	immune_hum_mou_XZ_lin_uncond_barycenter_lam1000_s1
LinearSCVI	0	barycenter	1500	10	1	immune_hum_mou	lin	immune_hum_mou_XZ_lin_uncond_barycenter_lam1500_s1
LinearSCVI	0	discriminator	0.5	1	2	immune_hum_mou	lin	immune_hum_mou_XZ_lin_uncond_discriminator_lam0.5_s2
LinearSCVI	0	discriminator	1	1	2	immune_hum_mou	lin	immune_hum_mou_XZ_lin_uncond_discriminator_lam1_s2
LinearSCVI	0	discriminator	2	1	2	immune_hum_mou	lin	immune_hum_mou_XZ_lin_uncond_discriminator_lam2_s2
LinearSCVI	0	discriminator	10	1	2	immune_hum_mou	lin	immune_hum_mou_XZ_lin_uncond_discriminator_lam10_s2
LinearSCVI	0	discriminator	100	1	2	immune_hum_mou	lin	immune_hum_mou_XZ_lin_uncond_discriminator_lam100_s2
LinearSCVI	0	discriminator	200	1	2	immune_hum_mou	lin	immune_hum_mou_XZ_lin_uncond_discriminator_lam200_s2
LinearSCVI	0	discriminator	500	1	2	immune_hum_mou	lin	immune_hum_mou_XZ_lin_uncond_discriminator_lam500_s2
LinearSCVI	0	discriminator	1000	1	2	immune_hum_mou	lin	immune_hum_mou_XZ_lin_uncond_discriminator_lam1000_s2
LinearSCVI	0	discriminator	1500	1	2	immune_hum_mou	lin	immune_hum_mou_XZ_lin_uncond_discriminator_lam1500_s2
LinearSCVI	0	reference	0.5	10	2	immune_hum_mou	lin	immune_hum_mou_XZ_lin_uncond_reference_lam0.5_s2
LinearSCVI	0	reference	1	10	2	immune_hum_mou	lin	immune_hum_mou_XZ_lin_uncond_reference_lam1_s2
LinearSCVI	0	reference	2	10	2	immune_hum_mou	lin	immune_hum_mou_XZ_lin_uncond_reference_lam2_s2
LinearSCVI	0	reference	10	10	2	immune_hum_mou	lin	immune_hum_mou_XZ_lin_uncond_reference_lam10_s2
LinearSCVI	0	reference	100	10	2	immune_hum_mou	lin	immune_hum_mou_XZ_lin_uncond_reference_lam100_s2
LinearSCVI	0	reference	200	10	2	immune_hum_mou	lin	immune_hum_mou_XZ_lin_uncond_reference_lam200_s2
LinearSCVI	0	reference	500	10	2	immune_hum_mou	lin	immune_hum_mou_XZ_lin_uncond_reference_lam500_s2
LinearSCVI	0	reference	1000	10	2	immune_hum_mou	lin	immune_hum_mou_XZ_lin_uncond_reference_lam1000_s2
LinearSCVI	0	reference	1500	10	2	immune_hum_mou	lin	immune_hum_mou_XZ_lin_uncond_reference_lam1500_s2
LinearSCVI	0	pooled	0.5	10	2	immune_hum_mou	lin	immune_hum_mou_XZ_lin_uncond_pooled_lam0.5_s2
LinearSCVI	0	pooled	1	10	2	immune_hum_mou	lin	immune_hum_mou_XZ_lin_uncond_pooled_lam1_s2
LinearSCVI	0	pooled	2	10	2	immune_hum_mou	lin	immune_hum_mou_XZ_lin_uncond_pooled_lam2_s2
LinearSCVI	0	pooled	10	10	2	immune_hum_mou	lin	immune_hum_mou_XZ_lin_uncond_pooled_lam10_s2
LinearSCVI	0	pooled	100	10	2	immune_hum_mou	lin	immune_hum_mou_XZ_lin_uncond_pooled_lam100_s2
LinearSCVI	0	pooled	200	10	2	immune_hum_mou	lin	immune_hum_mou_XZ_lin_uncond_pooled_lam200_s2
LinearSCVI	0	pooled	500	10	2	immune_hum_mou	lin	immune_hum_mou_XZ_lin_uncond_pooled_lam500_s2
LinearSCVI	0	pooled	1000	10	2	immune_hum_mou	lin	immune_hum_mou_XZ_lin_uncond_pooled_lam1000_s2
LinearSCVI	0	pooled	1500	10	2	immune_hum_mou	lin	immune_hum_mou_XZ_lin_uncond_pooled_lam1500_s2
LinearSCVI	0	barycenter	0.5	10	2	immune_hum_mou	lin	immune_hum_mou_XZ_lin_uncond_barycenter_lam0.5_s2
LinearSCVI	0	barycenter	1	10	2	immune_hum_mou	lin	immune_hum_mou_XZ_lin_uncond_barycenter_lam1_s2
LinearSCVI	0	barycenter	2	10	2	immune_hum_mou	lin	immune_hum_mou_XZ_lin_uncond_barycenter_lam2_s2
LinearSCVI	0	barycenter	10	10	2	immune_hum_mou	lin	immune_hum_mou_XZ_lin_uncond_barycenter_lam10_s2
LinearSCVI	0	barycenter	100	10	2	immune_hum_mou	lin	immune_hum_mou_XZ_lin_uncond_barycenter_lam100_s2
LinearSCVI	0	barycenter	200	10	2	immune_hum_mou	lin	immune_hum_mou_XZ_lin_uncond_barycenter_lam200_s2
LinearSCVI	0	barycenter	500	10	2	immune_hum_mou	lin	immune_hum_mou_XZ_lin_uncond_barycenter_lam500_s2
LinearSCVI	0	barycenter	1000	10	2	immune_hum_mou	lin	immune_hum_mou_XZ_lin_uncond_barycenter_lam1000_s2
LinearSCVI	0	barycenter	1500	10	2	immune_hum_mou	lin	immune_hum_mou_XZ_lin_uncond_barycenter_lam1500_s2
LinearSCVI	0	discriminator	0.5	1	3	immune_hum_mou	lin	immune_hum_mou_XZ_lin_uncond_discriminator_lam0.5_s3
LinearSCVI	0	discriminator	1	1	3	immune_hum_mou	lin	immune_hum_mou_XZ_lin_uncond_discriminator_lam1_s3
LinearSCVI	0	discriminator	2	1	3	immune_hum_mou	lin	immune_hum_mou_XZ_lin_uncond_discriminator_lam2_s3
LinearSCVI	0	discriminator	10	1	3	immune_hum_mou	lin	immune_hum_mou_XZ_lin_uncond_discriminator_lam10_s3
LinearSCVI	0	discriminator	100	1	3	immune_hum_mou	lin	immune_hum_mou_XZ_lin_uncond_discriminator_lam100_s3
LinearSCVI	0	discriminator	200	1	3	immune_hum_mou	lin	immune_hum_mou_XZ_lin_uncond_discriminator_lam200_s3
LinearSCVI	0	discriminator	500	1	3	immune_hum_mou	lin	immune_hum_mou_XZ_lin_uncond_discriminator_lam500_s3
LinearSCVI	0	discriminator	1000	1	3	immune_hum_mou	lin	immune_hum_mou_XZ_lin_uncond_discriminator_lam1000_s3
LinearSCVI	0	discriminator	1500	1	3	immune_hum_mou	lin	immune_hum_mou_XZ_lin_uncond_discriminator_lam1500_s3
LinearSCVI	0	reference	0.5	10	3	immune_hum_mou	lin	immune_hum_mou_XZ_lin_uncond_reference_lam0.5_s3
LinearSCVI	0	reference	1	10	3	immune_hum_mou	lin	immune_hum_mou_XZ_lin_uncond_reference_lam1_s3
LinearSCVI	0	reference	2	10	3	immune_hum_mou	lin	immune_hum_mou_XZ_lin_uncond_reference_lam2_s3
LinearSCVI	0	reference	10	10	3	immune_hum_mou	lin	immune_hum_mou_XZ_lin_uncond_reference_lam10_s3
LinearSCVI	0	reference	100	10	3	immune_hum_mou	lin	immune_hum_mou_XZ_lin_uncond_reference_lam100_s3
LinearSCVI	0	reference	200	10	3	immune_hum_mou	lin	immune_hum_mou_XZ_lin_uncond_reference_lam200_s3
LinearSCVI	0	reference	500	10	3	immune_hum_mou	lin	immune_hum_mou_XZ_lin_uncond_reference_lam500_s3
LinearSCVI	0	reference	1000	10	3	immune_hum_mou	lin	immune_hum_mou_XZ_lin_uncond_reference_lam1000_s3
LinearSCVI	0	reference	1500	10	3	immune_hum_mou	lin	immune_hum_mou_XZ_lin_uncond_reference_lam1500_s3
LinearSCVI	0	pooled	0.5	10	3	immune_hum_mou	lin	immune_hum_mou_XZ_lin_uncond_pooled_lam0.5_s3
LinearSCVI	0	pooled	1	10	3	immune_hum_mou	lin	immune_hum_mou_XZ_lin_uncond_pooled_lam1_s3
LinearSCVI	0	pooled	2	10	3	immune_hum_mou	lin	immune_hum_mou_XZ_lin_uncond_pooled_lam2_s3
LinearSCVI	0	pooled	10	10	3	immune_hum_mou	lin	immune_hum_mou_XZ_lin_uncond_pooled_lam10_s3
LinearSCVI	0	pooled	100	10	3	immune_hum_mou	lin	immune_hum_mou_XZ_lin_uncond_pooled_lam100_s3
LinearSCVI	0	pooled	200	10	3	immune_hum_mou	lin	immune_hum_mou_XZ_lin_uncond_pooled_lam200_s3
LinearSCVI	0	pooled	500	10	3	immune_hum_mou	lin	immune_hum_mou_XZ_lin_uncond_pooled_lam500_s3
LinearSCVI	0	pooled	1000	10	3	immune_hum_mou	lin	immune_hum_mou_XZ_lin_uncond_pooled_lam1000_s3
LinearSCVI	0	pooled	1500	10	3	immune_hum_mou	lin	immune_hum_mou_XZ_lin_uncond_pooled_lam1500_s3
LinearSCVI	0	barycenter	0.5	10	3	immune_hum_mou	lin	immune_hum_mou_XZ_lin_uncond_barycenter_lam0.5_s3
LinearSCVI	0	barycenter	1	10	3	immune_hum_mou	lin	immune_hum_mou_XZ_lin_uncond_barycenter_lam1_s3
LinearSCVI	0	barycenter	2	10	3	immune_hum_mou	lin	immune_hum_mou_XZ_lin_uncond_barycenter_lam2_s3
LinearSCVI	0	barycenter	10	10	3	immune_hum_mou	lin	immune_hum_mou_XZ_lin_uncond_barycenter_lam10_s3
LinearSCVI	0	barycenter	100	10	3	immune_hum_mou	lin	immune_hum_mou_XZ_lin_uncond_barycenter_lam100_s3
LinearSCVI	0	barycenter	200	10	3	immune_hum_mou	lin	immune_hum_mou_XZ_lin_uncond_barycenter_lam200_s3
LinearSCVI	0	barycenter	500	10	3	immune_hum_mou	lin	immune_hum_mou_XZ_lin_uncond_barycenter_lam500_s3
LinearSCVI	0	barycenter	1000	10	3	immune_hum_mou	lin	immune_hum_mou_XZ_lin_uncond_barycenter_lam1000_s3
LinearSCVI	0	barycenter	1500	10	3	immune_hum_mou	lin	immune_hum_mou_XZ_lin_uncond_barycenter_lam1500_s3
LinearSCVI	0	discriminator	0.5	1	4	immune_hum_mou	lin	immune_hum_mou_XZ_lin_uncond_discriminator_lam0.5_s4
LinearSCVI	0	discriminator	1	1	4	immune_hum_mou	lin	immune_hum_mou_XZ_lin_uncond_discriminator_lam1_s4
LinearSCVI	0	discriminator	2	1	4	immune_hum_mou	lin	immune_hum_mou_XZ_lin_uncond_discriminator_lam2_s4
LinearSCVI	0	discriminator	10	1	4	immune_hum_mou	lin	immune_hum_mou_XZ_lin_uncond_discriminator_lam10_s4
LinearSCVI	0	discriminator	100	1	4	immune_hum_mou	lin	immune_hum_mou_XZ_lin_uncond_discriminator_lam100_s4
LinearSCVI	0	discriminator	200	1	4	immune_hum_mou	lin	immune_hum_mou_XZ_lin_uncond_discriminator_lam200_s4
LinearSCVI	0	discriminator	500	1	4	immune_hum_mou	lin	immune_hum_mou_XZ_lin_uncond_discriminator_lam500_s4
LinearSCVI	0	discriminator	1000	1	4	immune_hum_mou	lin	immune_hum_mou_XZ_lin_uncond_discriminator_lam1000_s4
LinearSCVI	0	discriminator	1500	1	4	immune_hum_mou	lin	immune_hum_mou_XZ_lin_uncond_discriminator_lam1500_s4
LinearSCVI	0	reference	0.5	10	4	immune_hum_mou	lin	immune_hum_mou_XZ_lin_uncond_reference_lam0.5_s4
LinearSCVI	0	reference	1	10	4	immune_hum_mou	lin	immune_hum_mou_XZ_lin_uncond_reference_lam1_s4
LinearSCVI	0	reference	2	10	4	immune_hum_mou	lin	immune_hum_mou_XZ_lin_uncond_reference_lam2_s4
LinearSCVI	0	reference	10	10	4	immune_hum_mou	lin	immune_hum_mou_XZ_lin_uncond_reference_lam10_s4
LinearSCVI	0	reference	100	10	4	immune_hum_mou	lin	immune_hum_mou_XZ_lin_uncond_reference_lam100_s4
LinearSCVI	0	reference	200	10	4	immune_hum_mou	lin	immune_hum_mou_XZ_lin_uncond_reference_lam200_s4
LinearSCVI	0	reference	500	10	4	immune_hum_mou	lin	immune_hum_mou_XZ_lin_uncond_reference_lam500_s4
LinearSCVI	0	reference	1000	10	4	immune_hum_mou	lin	immune_hum_mou_XZ_lin_uncond_reference_lam1000_s4
LinearSCVI	0	reference	1500	10	4	immune_hum_mou	lin	immune_hum_mou_XZ_lin_uncond_reference_lam1500_s4
LinearSCVI	0	pooled	0.5	10	4	immune_hum_mou	lin	immune_hum_mou_XZ_lin_uncond_pooled_lam0.5_s4
LinearSCVI	0	pooled	1	10	4	immune_hum_mou	lin	immune_hum_mou_XZ_lin_uncond_pooled_lam1_s4
LinearSCVI	0	pooled	2	10	4	immune_hum_mou	lin	immune_hum_mou_XZ_lin_uncond_pooled_lam2_s4
LinearSCVI	0	pooled	10	10	4	immune_hum_mou	lin	immune_hum_mou_XZ_lin_uncond_pooled_lam10_s4
LinearSCVI	0	pooled	100	10	4	immune_hum_mou	lin	immune_hum_mou_XZ_lin_uncond_pooled_lam100_s4
LinearSCVI	0	pooled	200	10	4	immune_hum_mou	lin	immune_hum_mou_XZ_lin_uncond_pooled_lam200_s4
LinearSCVI	0	pooled	500	10	4	immune_hum_mou	lin	immune_hum_mou_XZ_lin_uncond_pooled_lam500_s4
LinearSCVI	0	pooled	1000	10	4	immune_hum_mou	lin	immune_hum_mou_XZ_lin_uncond_pooled_lam1000_s4
LinearSCVI	0	pooled	1500	10	4	immune_hum_mou	lin	immune_hum_mou_XZ_lin_uncond_pooled_lam1500_s4
LinearSCVI	0	barycenter	0.5	10	4	immune_hum_mou	lin	immune_hum_mou_XZ_lin_uncond_barycenter_lam0.5_s4
LinearSCVI	0	barycenter	1	10	4	immune_hum_mou	lin	immune_hum_mou_XZ_lin_uncond_barycenter_lam1_s4
LinearSCVI	0	barycenter	2	10	4	immune_hum_mou	lin	immune_hum_mou_XZ_lin_uncond_barycenter_lam2_s4
LinearSCVI	0	barycenter	10	10	4	immune_hum_mou	lin	immune_hum_mou_XZ_lin_uncond_barycenter_lam10_s4
LinearSCVI	0	barycenter	100	10	4	immune_hum_mou	lin	immune_hum_mou_XZ_lin_uncond_barycenter_lam100_s4
LinearSCVI	0	barycenter	200	10	4	immune_hum_mou	lin	immune_hum_mou_XZ_lin_uncond_barycenter_lam200_s4
LinearSCVI	0	barycenter	500	10	4	immune_hum_mou	lin	immune_hum_mou_XZ_lin_uncond_barycenter_lam500_s4
LinearSCVI	0	barycenter	1000	10	4	immune_hum_mou	lin	immune_hum_mou_XZ_lin_uncond_barycenter_lam1000_s4
LinearSCVI	0	barycenter	1500	10	4	immune_hum_mou	lin	immune_hum_mou_XZ_lin_uncond_barycenter_lam1500_s4
SCVI	0	discriminator	0.5	1	0	immune_hum_mou	nl	immune_hum_mou_XZ_nl_uncond_discriminator_lam0.5_s0
SCVI	0	discriminator	1	1	0	immune_hum_mou	nl	immune_hum_mou_XZ_nl_uncond_discriminator_lam1_s0
SCVI	0	discriminator	2	1	0	immune_hum_mou	nl	immune_hum_mou_XZ_nl_uncond_discriminator_lam2_s0
SCVI	0	discriminator	10	1	0	immune_hum_mou	nl	immune_hum_mou_XZ_nl_uncond_discriminator_lam10_s0
SCVI	0	discriminator	100	1	0	immune_hum_mou	nl	immune_hum_mou_XZ_nl_uncond_discriminator_lam100_s0
SCVI	0	discriminator	200	1	0	immune_hum_mou	nl	immune_hum_mou_XZ_nl_uncond_discriminator_lam200_s0
SCVI	0	discriminator	500	1	0	immune_hum_mou	nl	immune_hum_mou_XZ_nl_uncond_discriminator_lam500_s0
SCVI	0	discriminator	1000	1	0	immune_hum_mou	nl	immune_hum_mou_XZ_nl_uncond_discriminator_lam1000_s0
SCVI	0	discriminator	1500	1	0	immune_hum_mou	nl	immune_hum_mou_XZ_nl_uncond_discriminator_lam1500_s0
SCVI	0	reference	0.5	10	0	immune_hum_mou	nl	immune_hum_mou_XZ_nl_uncond_reference_lam0.5_s0
SCVI	0	reference	1	10	0	immune_hum_mou	nl	immune_hum_mou_XZ_nl_uncond_reference_lam1_s0
SCVI	0	reference	2	10	0	immune_hum_mou	nl	immune_hum_mou_XZ_nl_uncond_reference_lam2_s0
SCVI	0	reference	10	10	0	immune_hum_mou	nl	immune_hum_mou_XZ_nl_uncond_reference_lam10_s0
SCVI	0	reference	100	10	0	immune_hum_mou	nl	immune_hum_mou_XZ_nl_uncond_reference_lam100_s0
SCVI	0	reference	200	10	0	immune_hum_mou	nl	immune_hum_mou_XZ_nl_uncond_reference_lam200_s0
SCVI	0	reference	500	10	0	immune_hum_mou	nl	immune_hum_mou_XZ_nl_uncond_reference_lam500_s0
SCVI	0	reference	1000	10	0	immune_hum_mou	nl	immune_hum_mou_XZ_nl_uncond_reference_lam1000_s0
SCVI	0	reference	1500	10	0	immune_hum_mou	nl	immune_hum_mou_XZ_nl_uncond_reference_lam1500_s0
SCVI	0	pooled	0.5	10	0	immune_hum_mou	nl	immune_hum_mou_XZ_nl_uncond_pooled_lam0.5_s0
SCVI	0	pooled	1	10	0	immune_hum_mou	nl	immune_hum_mou_XZ_nl_uncond_pooled_lam1_s0
SCVI	0	pooled	2	10	0	immune_hum_mou	nl	immune_hum_mou_XZ_nl_uncond_pooled_lam2_s0
SCVI	0	pooled	10	10	0	immune_hum_mou	nl	immune_hum_mou_XZ_nl_uncond_pooled_lam10_s0
SCVI	0	pooled	100	10	0	immune_hum_mou	nl	immune_hum_mou_XZ_nl_uncond_pooled_lam100_s0
SCVI	0	pooled	200	10	0	immune_hum_mou	nl	immune_hum_mou_XZ_nl_uncond_pooled_lam200_s0
SCVI	0	pooled	500	10	0	immune_hum_mou	nl	immune_hum_mou_XZ_nl_uncond_pooled_lam500_s0
SCVI	0	pooled	1000	10	0	immune_hum_mou	nl	immune_hum_mou_XZ_nl_uncond_pooled_lam1000_s0
SCVI	0	pooled	1500	10	0	immune_hum_mou	nl	immune_hum_mou_XZ_nl_uncond_pooled_lam1500_s0
SCVI	0	barycenter	0.5	10	0	immune_hum_mou	nl	immune_hum_mou_XZ_nl_uncond_barycenter_lam0.5_s0
SCVI	0	barycenter	1	10	0	immune_hum_mou	nl	immune_hum_mou_XZ_nl_uncond_barycenter_lam1_s0
SCVI	0	barycenter	2	10	0	immune_hum_mou	nl	immune_hum_mou_XZ_nl_uncond_barycenter_lam2_s0
SCVI	0	barycenter	10	10	0	immune_hum_mou	nl	immune_hum_mou_XZ_nl_uncond_barycenter_lam10_s0
SCVI	0	barycenter	100	10	0	immune_hum_mou	nl	immune_hum_mou_XZ_nl_uncond_barycenter_lam100_s0
SCVI	0	barycenter	200	10	0	immune_hum_mou	nl	immune_hum_mou_XZ_nl_uncond_barycenter_lam200_s0
SCVI	0	barycenter	500	10	0	immune_hum_mou	nl	immune_hum_mou_XZ_nl_uncond_barycenter_lam500_s0
SCVI	0	barycenter	1000	10	0	immune_hum_mou	nl	immune_hum_mou_XZ_nl_uncond_barycenter_lam1000_s0
SCVI	0	barycenter	1500	10	0	immune_hum_mou	nl	immune_hum_mou_XZ_nl_uncond_barycenter_lam1500_s0
SCVI	0	discriminator	0.5	1	1	immune_hum_mou	nl	immune_hum_mou_XZ_nl_uncond_discriminator_lam0.5_s1
SCVI	0	discriminator	1	1	1	immune_hum_mou	nl	immune_hum_mou_XZ_nl_uncond_discriminator_lam1_s1
SCVI	0	discriminator	2	1	1	immune_hum_mou	nl	immune_hum_mou_XZ_nl_uncond_discriminator_lam2_s1
SCVI	0	discriminator	10	1	1	immune_hum_mou	nl	immune_hum_mou_XZ_nl_uncond_discriminator_lam10_s1
SCVI	0	discriminator	100	1	1	immune_hum_mou	nl	immune_hum_mou_XZ_nl_uncond_discriminator_lam100_s1
SCVI	0	discriminator	200	1	1	immune_hum_mou	nl	immune_hum_mou_XZ_nl_uncond_discriminator_lam200_s1
SCVI	0	discriminator	500	1	1	immune_hum_mou	nl	immune_hum_mou_XZ_nl_uncond_discriminator_lam500_s1
SCVI	0	discriminator	1000	1	1	immune_hum_mou	nl	immune_hum_mou_XZ_nl_uncond_discriminator_lam1000_s1
SCVI	0	discriminator	1500	1	1	immune_hum_mou	nl	immune_hum_mou_XZ_nl_uncond_discriminator_lam1500_s1
SCVI	0	reference	0.5	10	1	immune_hum_mou	nl	immune_hum_mou_XZ_nl_uncond_reference_lam0.5_s1
SCVI	0	reference	1	10	1	immune_hum_mou	nl	immune_hum_mou_XZ_nl_uncond_reference_lam1_s1
SCVI	0	reference	2	10	1	immune_hum_mou	nl	immune_hum_mou_XZ_nl_uncond_reference_lam2_s1
SCVI	0	reference	10	10	1	immune_hum_mou	nl	immune_hum_mou_XZ_nl_uncond_reference_lam10_s1
SCVI	0	reference	100	10	1	immune_hum_mou	nl	immune_hum_mou_XZ_nl_uncond_reference_lam100_s1
SCVI	0	reference	200	10	1	immune_hum_mou	nl	immune_hum_mou_XZ_nl_uncond_reference_lam200_s1
SCVI	0	reference	500	10	1	immune_hum_mou	nl	immune_hum_mou_XZ_nl_uncond_reference_lam500_s1
SCVI	0	reference	1000	10	1	immune_hum_mou	nl	immune_hum_mou_XZ_nl_uncond_reference_lam1000_s1
SCVI	0	reference	1500	10	1	immune_hum_mou	nl	immune_hum_mou_XZ_nl_uncond_reference_lam1500_s1
SCVI	0	pooled	0.5	10	1	immune_hum_mou	nl	immune_hum_mou_XZ_nl_uncond_pooled_lam0.5_s1
SCVI	0	pooled	1	10	1	immune_hum_mou	nl	immune_hum_mou_XZ_nl_uncond_pooled_lam1_s1
SCVI	0	pooled	2	10	1	immune_hum_mou	nl	immune_hum_mou_XZ_nl_uncond_pooled_lam2_s1
SCVI	0	pooled	10	10	1	immune_hum_mou	nl	immune_hum_mou_XZ_nl_uncond_pooled_lam10_s1
SCVI	0	pooled	100	10	1	immune_hum_mou	nl	immune_hum_mou_XZ_nl_uncond_pooled_lam100_s1
SCVI	0	pooled	200	10	1	immune_hum_mou	nl	immune_hum_mou_XZ_nl_uncond_pooled_lam200_s1
SCVI	0	pooled	500	10	1	immune_hum_mou	nl	immune_hum_mou_XZ_nl_uncond_pooled_lam500_s1
SCVI	0	pooled	1000	10	1	immune_hum_mou	nl	immune_hum_mou_XZ_nl_uncond_pooled_lam1000_s1
SCVI	0	pooled	1500	10	1	immune_hum_mou	nl	immune_hum_mou_XZ_nl_uncond_pooled_lam1500_s1
SCVI	0	barycenter	0.5	10	1	immune_hum_mou	nl	immune_hum_mou_XZ_nl_uncond_barycenter_lam0.5_s1
SCVI	0	barycenter	1	10	1	immune_hum_mou	nl	immune_hum_mou_XZ_nl_uncond_barycenter_lam1_s1
SCVI	0	barycenter	2	10	1	immune_hum_mou	nl	immune_hum_mou_XZ_nl_uncond_barycenter_lam2_s1
SCVI	0	barycenter	10	10	1	immune_hum_mou	nl	immune_hum_mou_XZ_nl_uncond_barycenter_lam10_s1
SCVI	0	barycenter	100	10	1	immune_hum_mou	nl	immune_hum_mou_XZ_nl_uncond_barycenter_lam100_s1
SCVI	0	barycenter	200	10	1	immune_hum_mou	nl	immune_hum_mou_XZ_nl_uncond_barycenter_lam200_s1
SCVI	0	barycenter	500	10	1	immune_hum_mou	nl	immune_hum_mou_XZ_nl_uncond_barycenter_lam500_s1
SCVI	0	barycenter	1000	10	1	immune_hum_mou	nl	immune_hum_mou_XZ_nl_uncond_barycenter_lam1000_s1
SCVI	0	barycenter	1500	10	1	immune_hum_mou	nl	immune_hum_mou_XZ_nl_uncond_barycenter_lam1500_s1
SCVI	0	discriminator	0.5	1	2	immune_hum_mou	nl	immune_hum_mou_XZ_nl_uncond_discriminator_lam0.5_s2
SCVI	0	discriminator	1	1	2	immune_hum_mou	nl	immune_hum_mou_XZ_nl_uncond_discriminator_lam1_s2
SCVI	0	discriminator	2	1	2	immune_hum_mou	nl	immune_hum_mou_XZ_nl_uncond_discriminator_lam2_s2
SCVI	0	discriminator	10	1	2	immune_hum_mou	nl	immune_hum_mou_XZ_nl_uncond_discriminator_lam10_s2
SCVI	0	discriminator	100	1	2	immune_hum_mou	nl	immune_hum_mou_XZ_nl_uncond_discriminator_lam100_s2
SCVI	0	discriminator	200	1	2	immune_hum_mou	nl	immune_hum_mou_XZ_nl_uncond_discriminator_lam200_s2
SCVI	0	discriminator	500	1	2	immune_hum_mou	nl	immune_hum_mou_XZ_nl_uncond_discriminator_lam500_s2
SCVI	0	discriminator	1000	1	2	immune_hum_mou	nl	immune_hum_mou_XZ_nl_uncond_discriminator_lam1000_s2
SCVI	0	discriminator	1500	1	2	immune_hum_mou	nl	immune_hum_mou_XZ_nl_uncond_discriminator_lam1500_s2
SCVI	0	reference	0.5	10	2	immune_hum_mou	nl	immune_hum_mou_XZ_nl_uncond_reference_lam0.5_s2
SCVI	0	reference	1	10	2	immune_hum_mou	nl	immune_hum_mou_XZ_nl_uncond_reference_lam1_s2
SCVI	0	reference	2	10	2	immune_hum_mou	nl	immune_hum_mou_XZ_nl_uncond_reference_lam2_s2
SCVI	0	reference	10	10	2	immune_hum_mou	nl	immune_hum_mou_XZ_nl_uncond_reference_lam10_s2
SCVI	0	reference	100	10	2	immune_hum_mou	nl	immune_hum_mou_XZ_nl_uncond_reference_lam100_s2
SCVI	0	reference	200	10	2	immune_hum_mou	nl	immune_hum_mou_XZ_nl_uncond_reference_lam200_s2
SCVI	0	reference	500	10	2	immune_hum_mou	nl	immune_hum_mou_XZ_nl_uncond_reference_lam500_s2
SCVI	0	reference	1000	10	2	immune_hum_mou	nl	immune_hum_mou_XZ_nl_uncond_reference_lam1000_s2
SCVI	0	reference	1500	10	2	immune_hum_mou	nl	immune_hum_mou_XZ_nl_uncond_reference_lam1500_s2
SCVI	0	pooled	0.5	10	2	immune_hum_mou	nl	immune_hum_mou_XZ_nl_uncond_pooled_lam0.5_s2
SCVI	0	pooled	1	10	2	immune_hum_mou	nl	immune_hum_mou_XZ_nl_uncond_pooled_lam1_s2
SCVI	0	pooled	2	10	2	immune_hum_mou	nl	immune_hum_mou_XZ_nl_uncond_pooled_lam2_s2
SCVI	0	pooled	10	10	2	immune_hum_mou	nl	immune_hum_mou_XZ_nl_uncond_pooled_lam10_s2
SCVI	0	pooled	100	10	2	immune_hum_mou	nl	immune_hum_mou_XZ_nl_uncond_pooled_lam100_s2
SCVI	0	pooled	200	10	2	immune_hum_mou	nl	immune_hum_mou_XZ_nl_uncond_pooled_lam200_s2
SCVI	0	pooled	500	10	2	immune_hum_mou	nl	immune_hum_mou_XZ_nl_uncond_pooled_lam500_s2
SCVI	0	pooled	1000	10	2	immune_hum_mou	nl	immune_hum_mou_XZ_nl_uncond_pooled_lam1000_s2
SCVI	0	pooled	1500	10	2	immune_hum_mou	nl	immune_hum_mou_XZ_nl_uncond_pooled_lam1500_s2
SCVI	0	barycenter	0.5	10	2	immune_hum_mou	nl	immune_hum_mou_XZ_nl_uncond_barycenter_lam0.5_s2
SCVI	0	barycenter	1	10	2	immune_hum_mou	nl	immune_hum_mou_XZ_nl_uncond_barycenter_lam1_s2
SCVI	0	barycenter	2	10	2	immune_hum_mou	nl	immune_hum_mou_XZ_nl_uncond_barycenter_lam2_s2
SCVI	0	barycenter	10	10	2	immune_hum_mou	nl	immune_hum_mou_XZ_nl_uncond_barycenter_lam10_s2
SCVI	0	barycenter	100	10	2	immune_hum_mou	nl	immune_hum_mou_XZ_nl_uncond_barycenter_lam100_s2
SCVI	0	barycenter	200	10	2	immune_hum_mou	nl	immune_hum_mou_XZ_nl_uncond_barycenter_lam200_s2
SCVI	0	barycenter	500	10	2	immune_hum_mou	nl	immune_hum_mou_XZ_nl_uncond_barycenter_lam500_s2
SCVI	0	barycenter	1000	10	2	immune_hum_mou	nl	immune_hum_mou_XZ_nl_uncond_barycenter_lam1000_s2
SCVI	0	barycenter	1500	10	2	immune_hum_mou	nl	immune_hum_mou_XZ_nl_uncond_barycenter_lam1500_s2
SCVI	0	discriminator	0.5	1	3	immune_hum_mou	nl	immune_hum_mou_XZ_nl_uncond_discriminator_lam0.5_s3
SCVI	0	discriminator	1	1	3	immune_hum_mou	nl	immune_hum_mou_XZ_nl_uncond_discriminator_lam1_s3
SCVI	0	discriminator	2	1	3	immune_hum_mou	nl	immune_hum_mou_XZ_nl_uncond_discriminator_lam2_s3
SCVI	0	discriminator	10	1	3	immune_hum_mou	nl	immune_hum_mou_XZ_nl_uncond_discriminator_lam10_s3
SCVI	0	discriminator	100	1	3	immune_hum_mou	nl	immune_hum_mou_XZ_nl_uncond_discriminator_lam100_s3
SCVI	0	discriminator	200	1	3	immune_hum_mou	nl	immune_hum_mou_XZ_nl_uncond_discriminator_lam200_s3
SCVI	0	discriminator	500	1	3	immune_hum_mou	nl	immune_hum_mou_XZ_nl_uncond_discriminator_lam500_s3
SCVI	0	discriminator	1000	1	3	immune_hum_mou	nl	immune_hum_mou_XZ_nl_uncond_discriminator_lam1000_s3
SCVI	0	discriminator	1500	1	3	immune_hum_mou	nl	immune_hum_mou_XZ_nl_uncond_discriminator_lam1500_s3
SCVI	0	reference	0.5	10	3	immune_hum_mou	nl	immune_hum_mou_XZ_nl_uncond_reference_lam0.5_s3
SCVI	0	reference	1	10	3	immune_hum_mou	nl	immune_hum_mou_XZ_nl_uncond_reference_lam1_s3
SCVI	0	reference	2	10	3	immune_hum_mou	nl	immune_hum_mou_XZ_nl_uncond_reference_lam2_s3
SCVI	0	reference	10	10	3	immune_hum_mou	nl	immune_hum_mou_XZ_nl_uncond_reference_lam10_s3
SCVI	0	reference	100	10	3	immune_hum_mou	nl	immune_hum_mou_XZ_nl_uncond_reference_lam100_s3
SCVI	0	reference	200	10	3	immune_hum_mou	nl	immune_hum_mou_XZ_nl_uncond_reference_lam200_s3
SCVI	0	reference	500	10	3	immune_hum_mou	nl	immune_hum_mou_XZ_nl_uncond_reference_lam500_s3
SCVI	0	reference	1000	10	3	immune_hum_mou	nl	immune_hum_mou_XZ_nl_uncond_reference_lam1000_s3
SCVI	0	reference	1500	10	3	immune_hum_mou	nl	immune_hum_mou_XZ_nl_uncond_reference_lam1500_s3
SCVI	0	pooled	0.5	10	3	immune_hum_mou	nl	immune_hum_mou_XZ_nl_uncond_pooled_lam0.5_s3
SCVI	0	pooled	1	10	3	immune_hum_mou	nl	immune_hum_mou_XZ_nl_uncond_pooled_lam1_s3
SCVI	0	pooled	2	10	3	immune_hum_mou	nl	immune_hum_mou_XZ_nl_uncond_pooled_lam2_s3
SCVI	0	pooled	10	10	3	immune_hum_mou	nl	immune_hum_mou_XZ_nl_uncond_pooled_lam10_s3
SCVI	0	pooled	100	10	3	immune_hum_mou	nl	immune_hum_mou_XZ_nl_uncond_pooled_lam100_s3
SCVI	0	pooled	200	10	3	immune_hum_mou	nl	immune_hum_mou_XZ_nl_uncond_pooled_lam200_s3
SCVI	0	pooled	500	10	3	immune_hum_mou	nl	immune_hum_mou_XZ_nl_uncond_pooled_lam500_s3
SCVI	0	pooled	1000	10	3	immune_hum_mou	nl	immune_hum_mou_XZ_nl_uncond_pooled_lam1000_s3
SCVI	0	pooled	1500	10	3	immune_hum_mou	nl	immune_hum_mou_XZ_nl_uncond_pooled_lam1500_s3
SCVI	0	barycenter	0.5	10	3	immune_hum_mou	nl	immune_hum_mou_XZ_nl_uncond_barycenter_lam0.5_s3
SCVI	0	barycenter	1	10	3	immune_hum_mou	nl	immune_hum_mou_XZ_nl_uncond_barycenter_lam1_s3
SCVI	0	barycenter	2	10	3	immune_hum_mou	nl	immune_hum_mou_XZ_nl_uncond_barycenter_lam2_s3
SCVI	0	barycenter	10	10	3	immune_hum_mou	nl	immune_hum_mou_XZ_nl_uncond_barycenter_lam10_s3
SCVI	0	barycenter	100	10	3	immune_hum_mou	nl	immune_hum_mou_XZ_nl_uncond_barycenter_lam100_s3
SCVI	0	barycenter	200	10	3	immune_hum_mou	nl	immune_hum_mou_XZ_nl_uncond_barycenter_lam200_s3
SCVI	0	barycenter	500	10	3	immune_hum_mou	nl	immune_hum_mou_XZ_nl_uncond_barycenter_lam500_s3
SCVI	0	barycenter	1000	10	3	immune_hum_mou	nl	immune_hum_mou_XZ_nl_uncond_barycenter_lam1000_s3
SCVI	0	barycenter	1500	10	3	immune_hum_mou	nl	immune_hum_mou_XZ_nl_uncond_barycenter_lam1500_s3
SCVI	0	discriminator	0.5	1	4	immune_hum_mou	nl	immune_hum_mou_XZ_nl_uncond_discriminator_lam0.5_s4
SCVI	0	discriminator	1	1	4	immune_hum_mou	nl	immune_hum_mou_XZ_nl_uncond_discriminator_lam1_s4
SCVI	0	discriminator	2	1	4	immune_hum_mou	nl	immune_hum_mou_XZ_nl_uncond_discriminator_lam2_s4
SCVI	0	discriminator	10	1	4	immune_hum_mou	nl	immune_hum_mou_XZ_nl_uncond_discriminator_lam10_s4
SCVI	0	discriminator	100	1	4	immune_hum_mou	nl	immune_hum_mou_XZ_nl_uncond_discriminator_lam100_s4
SCVI	0	discriminator	200	1	4	immune_hum_mou	nl	immune_hum_mou_XZ_nl_uncond_discriminator_lam200_s4
SCVI	0	discriminator	500	1	4	immune_hum_mou	nl	immune_hum_mou_XZ_nl_uncond_discriminator_lam500_s4
SCVI	0	discriminator	1000	1	4	immune_hum_mou	nl	immune_hum_mou_XZ_nl_uncond_discriminator_lam1000_s4
SCVI	0	discriminator	1500	1	4	immune_hum_mou	nl	immune_hum_mou_XZ_nl_uncond_discriminator_lam1500_s4
SCVI	0	reference	0.5	10	4	immune_hum_mou	nl	immune_hum_mou_XZ_nl_uncond_reference_lam0.5_s4
SCVI	0	reference	1	10	4	immune_hum_mou	nl	immune_hum_mou_XZ_nl_uncond_reference_lam1_s4
SCVI	0	reference	2	10	4	immune_hum_mou	nl	immune_hum_mou_XZ_nl_uncond_reference_lam2_s4
SCVI	0	reference	10	10	4	immune_hum_mou	nl	immune_hum_mou_XZ_nl_uncond_reference_lam10_s4
SCVI	0	reference	100	10	4	immune_hum_mou	nl	immune_hum_mou_XZ_nl_uncond_reference_lam100_s4
SCVI	0	reference	200	10	4	immune_hum_mou	nl	immune_hum_mou_XZ_nl_uncond_reference_lam200_s4
SCVI	0	reference	500	10	4	immune_hum_mou	nl	immune_hum_mou_XZ_nl_uncond_reference_lam500_s4
SCVI	0	reference	1000	10	4	immune_hum_mou	nl	immune_hum_mou_XZ_nl_uncond_reference_lam1000_s4
SCVI	0	reference	1500	10	4	immune_hum_mou	nl	immune_hum_mou_XZ_nl_uncond_reference_lam1500_s4
SCVI	0	pooled	0.5	10	4	immune_hum_mou	nl	immune_hum_mou_XZ_nl_uncond_pooled_lam0.5_s4
SCVI	0	pooled	1	10	4	immune_hum_mou	nl	immune_hum_mou_XZ_nl_uncond_pooled_lam1_s4
SCVI	0	pooled	2	10	4	immune_hum_mou	nl	immune_hum_mou_XZ_nl_uncond_pooled_lam2_s4
SCVI	0	pooled	10	10	4	immune_hum_mou	nl	immune_hum_mou_XZ_nl_uncond_pooled_lam10_s4
SCVI	0	pooled	100	10	4	immune_hum_mou	nl	immune_hum_mou_XZ_nl_uncond_pooled_lam100_s4
SCVI	0	pooled	200	10	4	immune_hum_mou	nl	immune_hum_mou_XZ_nl_uncond_pooled_lam200_s4
SCVI	0	pooled	500	10	4	immune_hum_mou	nl	immune_hum_mou_XZ_nl_uncond_pooled_lam500_s4
SCVI	0	pooled	1000	10	4	immune_hum_mou	nl	immune_hum_mou_XZ_nl_uncond_pooled_lam1000_s4
SCVI	0	pooled	1500	10	4	immune_hum_mou	nl	immune_hum_mou_XZ_nl_uncond_pooled_lam1500_s4
SCVI	0	barycenter	0.5	10	4	immune_hum_mou	nl	immune_hum_mou_XZ_nl_uncond_barycenter_lam0.5_s4
SCVI	0	barycenter	1	10	4	immune_hum_mou	nl	immune_hum_mou_XZ_nl_uncond_barycenter_lam1_s4
SCVI	0	barycenter	2	10	4	immune_hum_mou	nl	immune_hum_mou_XZ_nl_uncond_barycenter_lam2_s4
SCVI	0	barycenter	10	10	4	immune_hum_mou	nl	immune_hum_mou_XZ_nl_uncond_barycenter_lam10_s4
SCVI	0	barycenter	100	10	4	immune_hum_mou	nl	immune_hum_mou_XZ_nl_uncond_barycenter_lam100_s4
SCVI	0	barycenter	200	10	4	immune_hum_mou	nl	immune_hum_mou_XZ_nl_uncond_barycenter_lam200_s4
SCVI	0	barycenter	500	10	4	immune_hum_mou	nl	immune_hum_mou_XZ_nl_uncond_barycenter_lam500_s4
SCVI	0	barycenter	1000	10	4	immune_hum_mou	nl	immune_hum_mou_XZ_nl_uncond_barycenter_lam1000_s4
SCVI	0	barycenter	1500	10	4	immune_hum_mou	nl	immune_hum_mou_XZ_nl_uncond_barycenter_lam1500_s4
LinearSCVI	0	discriminator	0.5	1	0	atac_large	lin	atac_large_XZ_lin_uncond_discriminator_lam0.5_s0
LinearSCVI	0	discriminator	1	1	0	atac_large	lin	atac_large_XZ_lin_uncond_discriminator_lam1_s0
LinearSCVI	0	discriminator	2	1	0	atac_large	lin	atac_large_XZ_lin_uncond_discriminator_lam2_s0
LinearSCVI	0	discriminator	10	1	0	atac_large	lin	atac_large_XZ_lin_uncond_discriminator_lam10_s0
LinearSCVI	0	discriminator	100	1	0	atac_large	lin	atac_large_XZ_lin_uncond_discriminator_lam100_s0
LinearSCVI	0	discriminator	200	1	0	atac_large	lin	atac_large_XZ_lin_uncond_discriminator_lam200_s0
LinearSCVI	0	discriminator	500	1	0	atac_large	lin	atac_large_XZ_lin_uncond_discriminator_lam500_s0
LinearSCVI	0	discriminator	1000	1	0	atac_large	lin	atac_large_XZ_lin_uncond_discriminator_lam1000_s0
LinearSCVI	0	discriminator	1500	1	0	atac_large	lin	atac_large_XZ_lin_uncond_discriminator_lam1500_s0
LinearSCVI	0	reference	0.5	10	0	atac_large	lin	atac_large_XZ_lin_uncond_reference_lam0.5_s0
LinearSCVI	0	reference	1	10	0	atac_large	lin	atac_large_XZ_lin_uncond_reference_lam1_s0
LinearSCVI	0	reference	2	10	0	atac_large	lin	atac_large_XZ_lin_uncond_reference_lam2_s0
LinearSCVI	0	reference	10	10	0	atac_large	lin	atac_large_XZ_lin_uncond_reference_lam10_s0
LinearSCVI	0	reference	100	10	0	atac_large	lin	atac_large_XZ_lin_uncond_reference_lam100_s0
LinearSCVI	0	reference	200	10	0	atac_large	lin	atac_large_XZ_lin_uncond_reference_lam200_s0
LinearSCVI	0	reference	500	10	0	atac_large	lin	atac_large_XZ_lin_uncond_reference_lam500_s0
LinearSCVI	0	reference	1000	10	0	atac_large	lin	atac_large_XZ_lin_uncond_reference_lam1000_s0
LinearSCVI	0	reference	1500	10	0	atac_large	lin	atac_large_XZ_lin_uncond_reference_lam1500_s0
LinearSCVI	0	pooled	0.5	10	0	atac_large	lin	atac_large_XZ_lin_uncond_pooled_lam0.5_s0
LinearSCVI	0	pooled	1	10	0	atac_large	lin	atac_large_XZ_lin_uncond_pooled_lam1_s0
LinearSCVI	0	pooled	2	10	0	atac_large	lin	atac_large_XZ_lin_uncond_pooled_lam2_s0
LinearSCVI	0	pooled	10	10	0	atac_large	lin	atac_large_XZ_lin_uncond_pooled_lam10_s0
LinearSCVI	0	pooled	100	10	0	atac_large	lin	atac_large_XZ_lin_uncond_pooled_lam100_s0
LinearSCVI	0	pooled	200	10	0	atac_large	lin	atac_large_XZ_lin_uncond_pooled_lam200_s0
LinearSCVI	0	pooled	500	10	0	atac_large	lin	atac_large_XZ_lin_uncond_pooled_lam500_s0
LinearSCVI	0	pooled	1000	10	0	atac_large	lin	atac_large_XZ_lin_uncond_pooled_lam1000_s0
LinearSCVI	0	pooled	1500	10	0	atac_large	lin	atac_large_XZ_lin_uncond_pooled_lam1500_s0
LinearSCVI	0	barycenter	0.5	10	0	atac_large	lin	atac_large_XZ_lin_uncond_barycenter_lam0.5_s0
LinearSCVI	0	barycenter	1	10	0	atac_large	lin	atac_large_XZ_lin_uncond_barycenter_lam1_s0
LinearSCVI	0	barycenter	2	10	0	atac_large	lin	atac_large_XZ_lin_uncond_barycenter_lam2_s0
LinearSCVI	0	barycenter	10	10	0	atac_large	lin	atac_large_XZ_lin_uncond_barycenter_lam10_s0
LinearSCVI	0	barycenter	100	10	0	atac_large	lin	atac_large_XZ_lin_uncond_barycenter_lam100_s0
LinearSCVI	0	barycenter	200	10	0	atac_large	lin	atac_large_XZ_lin_uncond_barycenter_lam200_s0
LinearSCVI	0	barycenter	500	10	0	atac_large	lin	atac_large_XZ_lin_uncond_barycenter_lam500_s0
LinearSCVI	0	barycenter	1000	10	0	atac_large	lin	atac_large_XZ_lin_uncond_barycenter_lam1000_s0
LinearSCVI	0	barycenter	1500	10	0	atac_large	lin	atac_large_XZ_lin_uncond_barycenter_lam1500_s0
LinearSCVI	0	discriminator	0.5	1	1	atac_large	lin	atac_large_XZ_lin_uncond_discriminator_lam0.5_s1
LinearSCVI	0	discriminator	1	1	1	atac_large	lin	atac_large_XZ_lin_uncond_discriminator_lam1_s1
LinearSCVI	0	discriminator	2	1	1	atac_large	lin	atac_large_XZ_lin_uncond_discriminator_lam2_s1
LinearSCVI	0	discriminator	10	1	1	atac_large	lin	atac_large_XZ_lin_uncond_discriminator_lam10_s1
LinearSCVI	0	discriminator	100	1	1	atac_large	lin	atac_large_XZ_lin_uncond_discriminator_lam100_s1
LinearSCVI	0	discriminator	200	1	1	atac_large	lin	atac_large_XZ_lin_uncond_discriminator_lam200_s1
LinearSCVI	0	discriminator	500	1	1	atac_large	lin	atac_large_XZ_lin_uncond_discriminator_lam500_s1
LinearSCVI	0	discriminator	1000	1	1	atac_large	lin	atac_large_XZ_lin_uncond_discriminator_lam1000_s1
LinearSCVI	0	discriminator	1500	1	1	atac_large	lin	atac_large_XZ_lin_uncond_discriminator_lam1500_s1
LinearSCVI	0	reference	0.5	10	1	atac_large	lin	atac_large_XZ_lin_uncond_reference_lam0.5_s1
LinearSCVI	0	reference	1	10	1	atac_large	lin	atac_large_XZ_lin_uncond_reference_lam1_s1
LinearSCVI	0	reference	2	10	1	atac_large	lin	atac_large_XZ_lin_uncond_reference_lam2_s1
LinearSCVI	0	reference	10	10	1	atac_large	lin	atac_large_XZ_lin_uncond_reference_lam10_s1
LinearSCVI	0	reference	100	10	1	atac_large	lin	atac_large_XZ_lin_uncond_reference_lam100_s1
LinearSCVI	0	reference	200	10	1	atac_large	lin	atac_large_XZ_lin_uncond_reference_lam200_s1
LinearSCVI	0	reference	500	10	1	atac_large	lin	atac_large_XZ_lin_uncond_reference_lam500_s1
LinearSCVI	0	reference	1000	10	1	atac_large	lin	atac_large_XZ_lin_uncond_reference_lam1000_s1
LinearSCVI	0	reference	1500	10	1	atac_large	lin	atac_large_XZ_lin_uncond_reference_lam1500_s1
LinearSCVI	0	pooled	0.5	10	1	atac_large	lin	atac_large_XZ_lin_uncond_pooled_lam0.5_s1
LinearSCVI	0	pooled	1	10	1	atac_large	lin	atac_large_XZ_lin_uncond_pooled_lam1_s1
LinearSCVI	0	pooled	2	10	1	atac_large	lin	atac_large_XZ_lin_uncond_pooled_lam2_s1
LinearSCVI	0	pooled	10	10	1	atac_large	lin	atac_large_XZ_lin_uncond_pooled_lam10_s1
LinearSCVI	0	pooled	100	10	1	atac_large	lin	atac_large_XZ_lin_uncond_pooled_lam100_s1
LinearSCVI	0	pooled	200	10	1	atac_large	lin	atac_large_XZ_lin_uncond_pooled_lam200_s1
LinearSCVI	0	pooled	500	10	1	atac_large	lin	atac_large_XZ_lin_uncond_pooled_lam500_s1
LinearSCVI	0	pooled	1000	10	1	atac_large	lin	atac_large_XZ_lin_uncond_pooled_lam1000_s1
LinearSCVI	0	pooled	1500	10	1	atac_large	lin	atac_large_XZ_lin_uncond_pooled_lam1500_s1
LinearSCVI	0	barycenter	0.5	10	1	atac_large	lin	atac_large_XZ_lin_uncond_barycenter_lam0.5_s1
LinearSCVI	0	barycenter	1	10	1	atac_large	lin	atac_large_XZ_lin_uncond_barycenter_lam1_s1
LinearSCVI	0	barycenter	2	10	1	atac_large	lin	atac_large_XZ_lin_uncond_barycenter_lam2_s1
LinearSCVI	0	barycenter	10	10	1	atac_large	lin	atac_large_XZ_lin_uncond_barycenter_lam10_s1
LinearSCVI	0	barycenter	100	10	1	atac_large	lin	atac_large_XZ_lin_uncond_barycenter_lam100_s1
LinearSCVI	0	barycenter	200	10	1	atac_large	lin	atac_large_XZ_lin_uncond_barycenter_lam200_s1
LinearSCVI	0	barycenter	500	10	1	atac_large	lin	atac_large_XZ_lin_uncond_barycenter_lam500_s1
LinearSCVI	0	barycenter	1000	10	1	atac_large	lin	atac_large_XZ_lin_uncond_barycenter_lam1000_s1
LinearSCVI	0	barycenter	1500	10	1	atac_large	lin	atac_large_XZ_lin_uncond_barycenter_lam1500_s1
LinearSCVI	0	discriminator	0.5	1	2	atac_large	lin	atac_large_XZ_lin_uncond_discriminator_lam0.5_s2
LinearSCVI	0	discriminator	1	1	2	atac_large	lin	atac_large_XZ_lin_uncond_discriminator_lam1_s2
LinearSCVI	0	discriminator	2	1	2	atac_large	lin	atac_large_XZ_lin_uncond_discriminator_lam2_s2
LinearSCVI	0	discriminator	10	1	2	atac_large	lin	atac_large_XZ_lin_uncond_discriminator_lam10_s2
LinearSCVI	0	discriminator	100	1	2	atac_large	lin	atac_large_XZ_lin_uncond_discriminator_lam100_s2
LinearSCVI	0	discriminator	200	1	2	atac_large	lin	atac_large_XZ_lin_uncond_discriminator_lam200_s2
LinearSCVI	0	discriminator	500	1	2	atac_large	lin	atac_large_XZ_lin_uncond_discriminator_lam500_s2
LinearSCVI	0	discriminator	1000	1	2	atac_large	lin	atac_large_XZ_lin_uncond_discriminator_lam1000_s2
LinearSCVI	0	discriminator	1500	1	2	atac_large	lin	atac_large_XZ_lin_uncond_discriminator_lam1500_s2
LinearSCVI	0	reference	0.5	10	2	atac_large	lin	atac_large_XZ_lin_uncond_reference_lam0.5_s2
LinearSCVI	0	reference	1	10	2	atac_large	lin	atac_large_XZ_lin_uncond_reference_lam1_s2
LinearSCVI	0	reference	2	10	2	atac_large	lin	atac_large_XZ_lin_uncond_reference_lam2_s2
LinearSCVI	0	reference	10	10	2	atac_large	lin	atac_large_XZ_lin_uncond_reference_lam10_s2
LinearSCVI	0	reference	100	10	2	atac_large	lin	atac_large_XZ_lin_uncond_reference_lam100_s2
LinearSCVI	0	reference	200	10	2	atac_large	lin	atac_large_XZ_lin_uncond_reference_lam200_s2
LinearSCVI	0	reference	500	10	2	atac_large	lin	atac_large_XZ_lin_uncond_reference_lam500_s2
LinearSCVI	0	reference	1000	10	2	atac_large	lin	atac_large_XZ_lin_uncond_reference_lam1000_s2
LinearSCVI	0	reference	1500	10	2	atac_large	lin	atac_large_XZ_lin_uncond_reference_lam1500_s2
LinearSCVI	0	pooled	0.5	10	2	atac_large	lin	atac_large_XZ_lin_uncond_pooled_lam0.5_s2
LinearSCVI	0	pooled	1	10	2	atac_large	lin	atac_large_XZ_lin_uncond_pooled_lam1_s2
LinearSCVI	0	pooled	2	10	2	atac_large	lin	atac_large_XZ_lin_uncond_pooled_lam2_s2
LinearSCVI	0	pooled	10	10	2	atac_large	lin	atac_large_XZ_lin_uncond_pooled_lam10_s2
LinearSCVI	0	pooled	100	10	2	atac_large	lin	atac_large_XZ_lin_uncond_pooled_lam100_s2
LinearSCVI	0	pooled	200	10	2	atac_large	lin	atac_large_XZ_lin_uncond_pooled_lam200_s2
LinearSCVI	0	pooled	500	10	2	atac_large	lin	atac_large_XZ_lin_uncond_pooled_lam500_s2
LinearSCVI	0	pooled	1000	10	2	atac_large	lin	atac_large_XZ_lin_uncond_pooled_lam1000_s2
LinearSCVI	0	pooled	1500	10	2	atac_large	lin	atac_large_XZ_lin_uncond_pooled_lam1500_s2
LinearSCVI	0	barycenter	0.5	10	2	atac_large	lin	atac_large_XZ_lin_uncond_barycenter_lam0.5_s2
LinearSCVI	0	barycenter	1	10	2	atac_large	lin	atac_large_XZ_lin_uncond_barycenter_lam1_s2
LinearSCVI	0	barycenter	2	10	2	atac_large	lin	atac_large_XZ_lin_uncond_barycenter_lam2_s2
LinearSCVI	0	barycenter	10	10	2	atac_large	lin	atac_large_XZ_lin_uncond_barycenter_lam10_s2
LinearSCVI	0	barycenter	100	10	2	atac_large	lin	atac_large_XZ_lin_uncond_barycenter_lam100_s2
LinearSCVI	0	barycenter	200	10	2	atac_large	lin	atac_large_XZ_lin_uncond_barycenter_lam200_s2
LinearSCVI	0	barycenter	500	10	2	atac_large	lin	atac_large_XZ_lin_uncond_barycenter_lam500_s2
LinearSCVI	0	barycenter	1000	10	2	atac_large	lin	atac_large_XZ_lin_uncond_barycenter_lam1000_s2
LinearSCVI	0	barycenter	1500	10	2	atac_large	lin	atac_large_XZ_lin_uncond_barycenter_lam1500_s2
LinearSCVI	0	discriminator	0.5	1	3	atac_large	lin	atac_large_XZ_lin_uncond_discriminator_lam0.5_s3
LinearSCVI	0	discriminator	1	1	3	atac_large	lin	atac_large_XZ_lin_uncond_discriminator_lam1_s3
LinearSCVI	0	discriminator	2	1	3	atac_large	lin	atac_large_XZ_lin_uncond_discriminator_lam2_s3
LinearSCVI	0	discriminator	10	1	3	atac_large	lin	atac_large_XZ_lin_uncond_discriminator_lam10_s3
LinearSCVI	0	discriminator	100	1	3	atac_large	lin	atac_large_XZ_lin_uncond_discriminator_lam100_s3
LinearSCVI	0	discriminator	200	1	3	atac_large	lin	atac_large_XZ_lin_uncond_discriminator_lam200_s3
LinearSCVI	0	discriminator	500	1	3	atac_large	lin	atac_large_XZ_lin_uncond_discriminator_lam500_s3
LinearSCVI	0	discriminator	1000	1	3	atac_large	lin	atac_large_XZ_lin_uncond_discriminator_lam1000_s3
LinearSCVI	0	discriminator	1500	1	3	atac_large	lin	atac_large_XZ_lin_uncond_discriminator_lam1500_s3
LinearSCVI	0	reference	0.5	10	3	atac_large	lin	atac_large_XZ_lin_uncond_reference_lam0.5_s3
LinearSCVI	0	reference	1	10	3	atac_large	lin	atac_large_XZ_lin_uncond_reference_lam1_s3
LinearSCVI	0	reference	2	10	3	atac_large	lin	atac_large_XZ_lin_uncond_reference_lam2_s3
LinearSCVI	0	reference	10	10	3	atac_large	lin	atac_large_XZ_lin_uncond_reference_lam10_s3
LinearSCVI	0	reference	100	10	3	atac_large	lin	atac_large_XZ_lin_uncond_reference_lam100_s3
LinearSCVI	0	reference	200	10	3	atac_large	lin	atac_large_XZ_lin_uncond_reference_lam200_s3
LinearSCVI	0	reference	500	10	3	atac_large	lin	atac_large_XZ_lin_uncond_reference_lam500_s3
LinearSCVI	0	reference	1000	10	3	atac_large	lin	atac_large_XZ_lin_uncond_reference_lam1000_s3
LinearSCVI	0	reference	1500	10	3	atac_large	lin	atac_large_XZ_lin_uncond_reference_lam1500_s3
LinearSCVI	0	pooled	0.5	10	3	atac_large	lin	atac_large_XZ_lin_uncond_pooled_lam0.5_s3
LinearSCVI	0	pooled	1	10	3	atac_large	lin	atac_large_XZ_lin_uncond_pooled_lam1_s3
LinearSCVI	0	pooled	2	10	3	atac_large	lin	atac_large_XZ_lin_uncond_pooled_lam2_s3
LinearSCVI	0	pooled	10	10	3	atac_large	lin	atac_large_XZ_lin_uncond_pooled_lam10_s3
LinearSCVI	0	pooled	100	10	3	atac_large	lin	atac_large_XZ_lin_uncond_pooled_lam100_s3
LinearSCVI	0	pooled	200	10	3	atac_large	lin	atac_large_XZ_lin_uncond_pooled_lam200_s3
LinearSCVI	0	pooled	500	10	3	atac_large	lin	atac_large_XZ_lin_uncond_pooled_lam500_s3
LinearSCVI	0	pooled	1000	10	3	atac_large	lin	atac_large_XZ_lin_uncond_pooled_lam1000_s3
LinearSCVI	0	pooled	1500	10	3	atac_large	lin	atac_large_XZ_lin_uncond_pooled_lam1500_s3
LinearSCVI	0	barycenter	0.5	10	3	atac_large	lin	atac_large_XZ_lin_uncond_barycenter_lam0.5_s3
LinearSCVI	0	barycenter	1	10	3	atac_large	lin	atac_large_XZ_lin_uncond_barycenter_lam1_s3
LinearSCVI	0	barycenter	2	10	3	atac_large	lin	atac_large_XZ_lin_uncond_barycenter_lam2_s3
LinearSCVI	0	barycenter	10	10	3	atac_large	lin	atac_large_XZ_lin_uncond_barycenter_lam10_s3
LinearSCVI	0	barycenter	100	10	3	atac_large	lin	atac_large_XZ_lin_uncond_barycenter_lam100_s3
LinearSCVI	0	barycenter	200	10	3	atac_large	lin	atac_large_XZ_lin_uncond_barycenter_lam200_s3
LinearSCVI	0	barycenter	500	10	3	atac_large	lin	atac_large_XZ_lin_uncond_barycenter_lam500_s3
LinearSCVI	0	barycenter	1000	10	3	atac_large	lin	atac_large_XZ_lin_uncond_barycenter_lam1000_s3
LinearSCVI	0	barycenter	1500	10	3	atac_large	lin	atac_large_XZ_lin_uncond_barycenter_lam1500_s3
LinearSCVI	0	discriminator	0.5	1	4	atac_large	lin	atac_large_XZ_lin_uncond_discriminator_lam0.5_s4
LinearSCVI	0	discriminator	1	1	4	atac_large	lin	atac_large_XZ_lin_uncond_discriminator_lam1_s4
LinearSCVI	0	discriminator	2	1	4	atac_large	lin	atac_large_XZ_lin_uncond_discriminator_lam2_s4
LinearSCVI	0	discriminator	10	1	4	atac_large	lin	atac_large_XZ_lin_uncond_discriminator_lam10_s4
LinearSCVI	0	discriminator	100	1	4	atac_large	lin	atac_large_XZ_lin_uncond_discriminator_lam100_s4
LinearSCVI	0	discriminator	200	1	4	atac_large	lin	atac_large_XZ_lin_uncond_discriminator_lam200_s4
LinearSCVI	0	discriminator	500	1	4	atac_large	lin	atac_large_XZ_lin_uncond_discriminator_lam500_s4
LinearSCVI	0	discriminator	1000	1	4	atac_large	lin	atac_large_XZ_lin_uncond_discriminator_lam1000_s4
LinearSCVI	0	discriminator	1500	1	4	atac_large	lin	atac_large_XZ_lin_uncond_discriminator_lam1500_s4
LinearSCVI	0	reference	0.5	10	4	atac_large	lin	atac_large_XZ_lin_uncond_reference_lam0.5_s4
LinearSCVI	0	reference	1	10	4	atac_large	lin	atac_large_XZ_lin_uncond_reference_lam1_s4
LinearSCVI	0	reference	2	10	4	atac_large	lin	atac_large_XZ_lin_uncond_reference_lam2_s4
LinearSCVI	0	reference	10	10	4	atac_large	lin	atac_large_XZ_lin_uncond_reference_lam10_s4
LinearSCVI	0	reference	100	10	4	atac_large	lin	atac_large_XZ_lin_uncond_reference_lam100_s4
LinearSCVI	0	reference	200	10	4	atac_large	lin	atac_large_XZ_lin_uncond_reference_lam200_s4
LinearSCVI	0	reference	500	10	4	atac_large	lin	atac_large_XZ_lin_uncond_reference_lam500_s4
LinearSCVI	0	reference	1000	10	4	atac_large	lin	atac_large_XZ_lin_uncond_reference_lam1000_s4
LinearSCVI	0	reference	1500	10	4	atac_large	lin	atac_large_XZ_lin_uncond_reference_lam1500_s4
LinearSCVI	0	pooled	0.5	10	4	atac_large	lin	atac_large_XZ_lin_uncond_pooled_lam0.5_s4
LinearSCVI	0	pooled	1	10	4	atac_large	lin	atac_large_XZ_lin_uncond_pooled_lam1_s4
LinearSCVI	0	pooled	2	10	4	atac_large	lin	atac_large_XZ_lin_uncond_pooled_lam2_s4
LinearSCVI	0	pooled	10	10	4	atac_large	lin	atac_large_XZ_lin_uncond_pooled_lam10_s4
LinearSCVI	0	pooled	100	10	4	atac_large	lin	atac_large_XZ_lin_uncond_pooled_lam100_s4
LinearSCVI	0	pooled	200	10	4	atac_large	lin	atac_large_XZ_lin_uncond_pooled_lam200_s4
LinearSCVI	0	pooled	500	10	4	atac_large	lin	atac_large_XZ_lin_uncond_pooled_lam500_s4
LinearSCVI	0	pooled	1000	10	4	atac_large	lin	atac_large_XZ_lin_uncond_pooled_lam1000_s4
LinearSCVI	0	pooled	1500	10	4	atac_large	lin	atac_large_XZ_lin_uncond_pooled_lam1500_s4
LinearSCVI	0	barycenter	0.5	10	4	atac_large	lin	atac_large_XZ_lin_uncond_barycenter_lam0.5_s4
LinearSCVI	0	barycenter	1	10	4	atac_large	lin	atac_large_XZ_lin_uncond_barycenter_lam1_s4
LinearSCVI	0	barycenter	2	10	4	atac_large	lin	atac_large_XZ_lin_uncond_barycenter_lam2_s4
LinearSCVI	0	barycenter	10	10	4	atac_large	lin	atac_large_XZ_lin_uncond_barycenter_lam10_s4
LinearSCVI	0	barycenter	100	10	4	atac_large	lin	atac_large_XZ_lin_uncond_barycenter_lam100_s4
LinearSCVI	0	barycenter	200	10	4	atac_large	lin	atac_large_XZ_lin_uncond_barycenter_lam200_s4
LinearSCVI	0	barycenter	500	10	4	atac_large	lin	atac_large_XZ_lin_uncond_barycenter_lam500_s4
LinearSCVI	0	barycenter	1000	10	4	atac_large	lin	atac_large_XZ_lin_uncond_barycenter_lam1000_s4
LinearSCVI	0	barycenter	1500	10	4	atac_large	lin	atac_large_XZ_lin_uncond_barycenter_lam1500_s4
SCVI	0	discriminator	0.5	1	0	atac_large	nl	atac_large_XZ_nl_uncond_discriminator_lam0.5_s0
SCVI	0	discriminator	1	1	0	atac_large	nl	atac_large_XZ_nl_uncond_discriminator_lam1_s0
SCVI	0	discriminator	2	1	0	atac_large	nl	atac_large_XZ_nl_uncond_discriminator_lam2_s0
SCVI	0	discriminator	10	1	0	atac_large	nl	atac_large_XZ_nl_uncond_discriminator_lam10_s0
SCVI	0	discriminator	100	1	0	atac_large	nl	atac_large_XZ_nl_uncond_discriminator_lam100_s0
SCVI	0	discriminator	200	1	0	atac_large	nl	atac_large_XZ_nl_uncond_discriminator_lam200_s0
SCVI	0	discriminator	500	1	0	atac_large	nl	atac_large_XZ_nl_uncond_discriminator_lam500_s0
SCVI	0	discriminator	1000	1	0	atac_large	nl	atac_large_XZ_nl_uncond_discriminator_lam1000_s0
SCVI	0	discriminator	1500	1	0	atac_large	nl	atac_large_XZ_nl_uncond_discriminator_lam1500_s0
SCVI	0	reference	0.5	10	0	atac_large	nl	atac_large_XZ_nl_uncond_reference_lam0.5_s0
SCVI	0	reference	1	10	0	atac_large	nl	atac_large_XZ_nl_uncond_reference_lam1_s0
SCVI	0	reference	2	10	0	atac_large	nl	atac_large_XZ_nl_uncond_reference_lam2_s0
SCVI	0	reference	10	10	0	atac_large	nl	atac_large_XZ_nl_uncond_reference_lam10_s0
SCVI	0	reference	100	10	0	atac_large	nl	atac_large_XZ_nl_uncond_reference_lam100_s0
SCVI	0	reference	200	10	0	atac_large	nl	atac_large_XZ_nl_uncond_reference_lam200_s0
SCVI	0	reference	500	10	0	atac_large	nl	atac_large_XZ_nl_uncond_reference_lam500_s0
SCVI	0	reference	1000	10	0	atac_large	nl	atac_large_XZ_nl_uncond_reference_lam1000_s0
SCVI	0	reference	1500	10	0	atac_large	nl	atac_large_XZ_nl_uncond_reference_lam1500_s0
SCVI	0	pooled	0.5	10	0	atac_large	nl	atac_large_XZ_nl_uncond_pooled_lam0.5_s0
SCVI	0	pooled	1	10	0	atac_large	nl	atac_large_XZ_nl_uncond_pooled_lam1_s0
SCVI	0	pooled	2	10	0	atac_large	nl	atac_large_XZ_nl_uncond_pooled_lam2_s0
SCVI	0	pooled	10	10	0	atac_large	nl	atac_large_XZ_nl_uncond_pooled_lam10_s0
SCVI	0	pooled	100	10	0	atac_large	nl	atac_large_XZ_nl_uncond_pooled_lam100_s0
SCVI	0	pooled	200	10	0	atac_large	nl	atac_large_XZ_nl_uncond_pooled_lam200_s0
SCVI	0	pooled	500	10	0	atac_large	nl	atac_large_XZ_nl_uncond_pooled_lam500_s0
SCVI	0	pooled	1000	10	0	atac_large	nl	atac_large_XZ_nl_uncond_pooled_lam1000_s0
SCVI	0	pooled	1500	10	0	atac_large	nl	atac_large_XZ_nl_uncond_pooled_lam1500_s0
SCVI	0	barycenter	0.5	10	0	atac_large	nl	atac_large_XZ_nl_uncond_barycenter_lam0.5_s0
SCVI	0	barycenter	1	10	0	atac_large	nl	atac_large_XZ_nl_uncond_barycenter_lam1_s0
SCVI	0	barycenter	2	10	0	atac_large	nl	atac_large_XZ_nl_uncond_barycenter_lam2_s0
SCVI	0	barycenter	10	10	0	atac_large	nl	atac_large_XZ_nl_uncond_barycenter_lam10_s0
SCVI	0	barycenter	100	10	0	atac_large	nl	atac_large_XZ_nl_uncond_barycenter_lam100_s0
SCVI	0	barycenter	200	10	0	atac_large	nl	atac_large_XZ_nl_uncond_barycenter_lam200_s0
SCVI	0	barycenter	500	10	0	atac_large	nl	atac_large_XZ_nl_uncond_barycenter_lam500_s0
SCVI	0	barycenter	1000	10	0	atac_large	nl	atac_large_XZ_nl_uncond_barycenter_lam1000_s0
SCVI	0	barycenter	1500	10	0	atac_large	nl	atac_large_XZ_nl_uncond_barycenter_lam1500_s0
SCVI	0	discriminator	0.5	1	1	atac_large	nl	atac_large_XZ_nl_uncond_discriminator_lam0.5_s1
SCVI	0	discriminator	1	1	1	atac_large	nl	atac_large_XZ_nl_uncond_discriminator_lam1_s1
SCVI	0	discriminator	2	1	1	atac_large	nl	atac_large_XZ_nl_uncond_discriminator_lam2_s1
SCVI	0	discriminator	10	1	1	atac_large	nl	atac_large_XZ_nl_uncond_discriminator_lam10_s1
SCVI	0	discriminator	100	1	1	atac_large	nl	atac_large_XZ_nl_uncond_discriminator_lam100_s1
SCVI	0	discriminator	200	1	1	atac_large	nl	atac_large_XZ_nl_uncond_discriminator_lam200_s1
SCVI	0	discriminator	500	1	1	atac_large	nl	atac_large_XZ_nl_uncond_discriminator_lam500_s1
SCVI	0	discriminator	1000	1	1	atac_large	nl	atac_large_XZ_nl_uncond_discriminator_lam1000_s1
SCVI	0	discriminator	1500	1	1	atac_large	nl	atac_large_XZ_nl_uncond_discriminator_lam1500_s1
SCVI	0	reference	0.5	10	1	atac_large	nl	atac_large_XZ_nl_uncond_reference_lam0.5_s1
SCVI	0	reference	1	10	1	atac_large	nl	atac_large_XZ_nl_uncond_reference_lam1_s1
SCVI	0	reference	2	10	1	atac_large	nl	atac_large_XZ_nl_uncond_reference_lam2_s1
SCVI	0	reference	10	10	1	atac_large	nl	atac_large_XZ_nl_uncond_reference_lam10_s1
SCVI	0	reference	100	10	1	atac_large	nl	atac_large_XZ_nl_uncond_reference_lam100_s1
SCVI	0	reference	200	10	1	atac_large	nl	atac_large_XZ_nl_uncond_reference_lam200_s1
SCVI	0	reference	500	10	1	atac_large	nl	atac_large_XZ_nl_uncond_reference_lam500_s1
SCVI	0	reference	1000	10	1	atac_large	nl	atac_large_XZ_nl_uncond_reference_lam1000_s1
SCVI	0	reference	1500	10	1	atac_large	nl	atac_large_XZ_nl_uncond_reference_lam1500_s1
SCVI	0	pooled	0.5	10	1	atac_large	nl	atac_large_XZ_nl_uncond_pooled_lam0.5_s1
SCVI	0	pooled	1	10	1	atac_large	nl	atac_large_XZ_nl_uncond_pooled_lam1_s1
SCVI	0	pooled	2	10	1	atac_large	nl	atac_large_XZ_nl_uncond_pooled_lam2_s1
SCVI	0	pooled	10	10	1	atac_large	nl	atac_large_XZ_nl_uncond_pooled_lam10_s1
SCVI	0	pooled	100	10	1	atac_large	nl	atac_large_XZ_nl_uncond_pooled_lam100_s1
SCVI	0	pooled	200	10	1	atac_large	nl	atac_large_XZ_nl_uncond_pooled_lam200_s1
SCVI	0	pooled	500	10	1	atac_large	nl	atac_large_XZ_nl_uncond_pooled_lam500_s1
SCVI	0	pooled	1000	10	1	atac_large	nl	atac_large_XZ_nl_uncond_pooled_lam1000_s1
SCVI	0	pooled	1500	10	1	atac_large	nl	atac_large_XZ_nl_uncond_pooled_lam1500_s1
SCVI	0	barycenter	0.5	10	1	atac_large	nl	atac_large_XZ_nl_uncond_barycenter_lam0.5_s1
SCVI	0	barycenter	1	10	1	atac_large	nl	atac_large_XZ_nl_uncond_barycenter_lam1_s1
SCVI	0	barycenter	2	10	1	atac_large	nl	atac_large_XZ_nl_uncond_barycenter_lam2_s1
SCVI	0	barycenter	10	10	1	atac_large	nl	atac_large_XZ_nl_uncond_barycenter_lam10_s1
SCVI	0	barycenter	100	10	1	atac_large	nl	atac_large_XZ_nl_uncond_barycenter_lam100_s1
SCVI	0	barycenter	200	10	1	atac_large	nl	atac_large_XZ_nl_uncond_barycenter_lam200_s1
SCVI	0	barycenter	500	10	1	atac_large	nl	atac_large_XZ_nl_uncond_barycenter_lam500_s1
SCVI	0	barycenter	1000	10	1	atac_large	nl	atac_large_XZ_nl_uncond_barycenter_lam1000_s1
SCVI	0	barycenter	1500	10	1	atac_large	nl	atac_large_XZ_nl_uncond_barycenter_lam1500_s1
SCVI	0	discriminator	0.5	1	2	atac_large	nl	atac_large_XZ_nl_uncond_discriminator_lam0.5_s2
SCVI	0	discriminator	1	1	2	atac_large	nl	atac_large_XZ_nl_uncond_discriminator_lam1_s2
SCVI	0	discriminator	2	1	2	atac_large	nl	atac_large_XZ_nl_uncond_discriminator_lam2_s2
SCVI	0	discriminator	10	1	2	atac_large	nl	atac_large_XZ_nl_uncond_discriminator_lam10_s2
SCVI	0	discriminator	100	1	2	atac_large	nl	atac_large_XZ_nl_uncond_discriminator_lam100_s2
SCVI	0	discriminator	200	1	2	atac_large	nl	atac_large_XZ_nl_uncond_discriminator_lam200_s2
SCVI	0	discriminator	500	1	2	atac_large	nl	atac_large_XZ_nl_uncond_discriminator_lam500_s2
SCVI	0	discriminator	1000	1	2	atac_large	nl	atac_large_XZ_nl_uncond_discriminator_lam1000_s2
SCVI	0	discriminator	1500	1	2	atac_large	nl	atac_large_XZ_nl_uncond_discriminator_lam1500_s2
SCVI	0	reference	0.5	10	2	atac_large	nl	atac_large_XZ_nl_uncond_reference_lam0.5_s2
SCVI	0	reference	1	10	2	atac_large	nl	atac_large_XZ_nl_uncond_reference_lam1_s2
SCVI	0	reference	2	10	2	atac_large	nl	atac_large_XZ_nl_uncond_reference_lam2_s2
SCVI	0	reference	10	10	2	atac_large	nl	atac_large_XZ_nl_uncond_reference_lam10_s2
SCVI	0	reference	100	10	2	atac_large	nl	atac_large_XZ_nl_uncond_reference_lam100_s2
SCVI	0	reference	200	10	2	atac_large	nl	atac_large_XZ_nl_uncond_reference_lam200_s2
SCVI	0	reference	500	10	2	atac_large	nl	atac_large_XZ_nl_uncond_reference_lam500_s2
SCVI	0	reference	1000	10	2	atac_large	nl	atac_large_XZ_nl_uncond_reference_lam1000_s2
SCVI	0	reference	1500	10	2	atac_large	nl	atac_large_XZ_nl_uncond_reference_lam1500_s2
SCVI	0	pooled	0.5	10	2	atac_large	nl	atac_large_XZ_nl_uncond_pooled_lam0.5_s2
SCVI	0	pooled	1	10	2	atac_large	nl	atac_large_XZ_nl_uncond_pooled_lam1_s2
SCVI	0	pooled	2	10	2	atac_large	nl	atac_large_XZ_nl_uncond_pooled_lam2_s2
SCVI	0	pooled	10	10	2	atac_large	nl	atac_large_XZ_nl_uncond_pooled_lam10_s2
SCVI	0	pooled	100	10	2	atac_large	nl	atac_large_XZ_nl_uncond_pooled_lam100_s2
SCVI	0	pooled	200	10	2	atac_large	nl	atac_large_XZ_nl_uncond_pooled_lam200_s2
SCVI	0	pooled	500	10	2	atac_large	nl	atac_large_XZ_nl_uncond_pooled_lam500_s2
SCVI	0	pooled	1000	10	2	atac_large	nl	atac_large_XZ_nl_uncond_pooled_lam1000_s2
SCVI	0	pooled	1500	10	2	atac_large	nl	atac_large_XZ_nl_uncond_pooled_lam1500_s2
SCVI	0	barycenter	0.5	10	2	atac_large	nl	atac_large_XZ_nl_uncond_barycenter_lam0.5_s2
SCVI	0	barycenter	1	10	2	atac_large	nl	atac_large_XZ_nl_uncond_barycenter_lam1_s2
SCVI	0	barycenter	2	10	2	atac_large	nl	atac_large_XZ_nl_uncond_barycenter_lam2_s2
SCVI	0	barycenter	10	10	2	atac_large	nl	atac_large_XZ_nl_uncond_barycenter_lam10_s2
SCVI	0	barycenter	100	10	2	atac_large	nl	atac_large_XZ_nl_uncond_barycenter_lam100_s2
SCVI	0	barycenter	200	10	2	atac_large	nl	atac_large_XZ_nl_uncond_barycenter_lam200_s2
SCVI	0	barycenter	500	10	2	atac_large	nl	atac_large_XZ_nl_uncond_barycenter_lam500_s2
SCVI	0	barycenter	1000	10	2	atac_large	nl	atac_large_XZ_nl_uncond_barycenter_lam1000_s2
SCVI	0	barycenter	1500	10	2	atac_large	nl	atac_large_XZ_nl_uncond_barycenter_lam1500_s2
SCVI	0	discriminator	0.5	1	3	atac_large	nl	atac_large_XZ_nl_uncond_discriminator_lam0.5_s3
SCVI	0	discriminator	1	1	3	atac_large	nl	atac_large_XZ_nl_uncond_discriminator_lam1_s3
SCVI	0	discriminator	2	1	3	atac_large	nl	atac_large_XZ_nl_uncond_discriminator_lam2_s3
SCVI	0	discriminator	10	1	3	atac_large	nl	atac_large_XZ_nl_uncond_discriminator_lam10_s3
SCVI	0	discriminator	100	1	3	atac_large	nl	atac_large_XZ_nl_uncond_discriminator_lam100_s3
SCVI	0	discriminator	200	1	3	atac_large	nl	atac_large_XZ_nl_uncond_discriminator_lam200_s3
SCVI	0	discriminator	500	1	3	atac_large	nl	atac_large_XZ_nl_uncond_discriminator_lam500_s3
SCVI	0	discriminator	1000	1	3	atac_large	nl	atac_large_XZ_nl_uncond_discriminator_lam1000_s3
SCVI	0	discriminator	1500	1	3	atac_large	nl	atac_large_XZ_nl_uncond_discriminator_lam1500_s3
SCVI	0	reference	0.5	10	3	atac_large	nl	atac_large_XZ_nl_uncond_reference_lam0.5_s3
SCVI	0	reference	1	10	3	atac_large	nl	atac_large_XZ_nl_uncond_reference_lam1_s3
SCVI	0	reference	2	10	3	atac_large	nl	atac_large_XZ_nl_uncond_reference_lam2_s3
SCVI	0	reference	10	10	3	atac_large	nl	atac_large_XZ_nl_uncond_reference_lam10_s3
SCVI	0	reference	100	10	3	atac_large	nl	atac_large_XZ_nl_uncond_reference_lam100_s3
SCVI	0	reference	200	10	3	atac_large	nl	atac_large_XZ_nl_uncond_reference_lam200_s3
SCVI	0	reference	500	10	3	atac_large	nl	atac_large_XZ_nl_uncond_reference_lam500_s3
SCVI	0	reference	1000	10	3	atac_large	nl	atac_large_XZ_nl_uncond_reference_lam1000_s3
SCVI	0	reference	1500	10	3	atac_large	nl	atac_large_XZ_nl_uncond_reference_lam1500_s3
SCVI	0	pooled	0.5	10	3	atac_large	nl	atac_large_XZ_nl_uncond_pooled_lam0.5_s3
SCVI	0	pooled	1	10	3	atac_large	nl	atac_large_XZ_nl_uncond_pooled_lam1_s3
SCVI	0	pooled	2	10	3	atac_large	nl	atac_large_XZ_nl_uncond_pooled_lam2_s3
SCVI	0	pooled	10	10	3	atac_large	nl	atac_large_XZ_nl_uncond_pooled_lam10_s3
SCVI	0	pooled	100	10	3	atac_large	nl	atac_large_XZ_nl_uncond_pooled_lam100_s3
SCVI	0	pooled	200	10	3	atac_large	nl	atac_large_XZ_nl_uncond_pooled_lam200_s3
SCVI	0	pooled	500	10	3	atac_large	nl	atac_large_XZ_nl_uncond_pooled_lam500_s3
SCVI	0	pooled	1000	10	3	atac_large	nl	atac_large_XZ_nl_uncond_pooled_lam1000_s3
SCVI	0	pooled	1500	10	3	atac_large	nl	atac_large_XZ_nl_uncond_pooled_lam1500_s3
SCVI	0	barycenter	0.5	10	3	atac_large	nl	atac_large_XZ_nl_uncond_barycenter_lam0.5_s3
SCVI	0	barycenter	1	10	3	atac_large	nl	atac_large_XZ_nl_uncond_barycenter_lam1_s3
SCVI	0	barycenter	2	10	3	atac_large	nl	atac_large_XZ_nl_uncond_barycenter_lam2_s3
SCVI	0	barycenter	10	10	3	atac_large	nl	atac_large_XZ_nl_uncond_barycenter_lam10_s3
SCVI	0	barycenter	100	10	3	atac_large	nl	atac_large_XZ_nl_uncond_barycenter_lam100_s3
SCVI	0	barycenter	200	10	3	atac_large	nl	atac_large_XZ_nl_uncond_barycenter_lam200_s3
SCVI	0	barycenter	500	10	3	atac_large	nl	atac_large_XZ_nl_uncond_barycenter_lam500_s3
SCVI	0	barycenter	1000	10	3	atac_large	nl	atac_large_XZ_nl_uncond_barycenter_lam1000_s3
SCVI	0	barycenter	1500	10	3	atac_large	nl	atac_large_XZ_nl_uncond_barycenter_lam1500_s3
SCVI	0	discriminator	0.5	1	4	atac_large	nl	atac_large_XZ_nl_uncond_discriminator_lam0.5_s4
SCVI	0	discriminator	1	1	4	atac_large	nl	atac_large_XZ_nl_uncond_discriminator_lam1_s4
SCVI	0	discriminator	2	1	4	atac_large	nl	atac_large_XZ_nl_uncond_discriminator_lam2_s4
SCVI	0	discriminator	10	1	4	atac_large	nl	atac_large_XZ_nl_uncond_discriminator_lam10_s4
SCVI	0	discriminator	100	1	4	atac_large	nl	atac_large_XZ_nl_uncond_discriminator_lam100_s4
SCVI	0	discriminator	200	1	4	atac_large	nl	atac_large_XZ_nl_uncond_discriminator_lam200_s4
SCVI	0	discriminator	500	1	4	atac_large	nl	atac_large_XZ_nl_uncond_discriminator_lam500_s4
SCVI	0	discriminator	1000	1	4	atac_large	nl	atac_large_XZ_nl_uncond_discriminator_lam1000_s4
SCVI	0	discriminator	1500	1	4	atac_large	nl	atac_large_XZ_nl_uncond_discriminator_lam1500_s4
SCVI	0	reference	0.5	10	4	atac_large	nl	atac_large_XZ_nl_uncond_reference_lam0.5_s4
SCVI	0	reference	1	10	4	atac_large	nl	atac_large_XZ_nl_uncond_reference_lam1_s4
SCVI	0	reference	2	10	4	atac_large	nl	atac_large_XZ_nl_uncond_reference_lam2_s4
SCVI	0	reference	10	10	4	atac_large	nl	atac_large_XZ_nl_uncond_reference_lam10_s4
SCVI	0	reference	100	10	4	atac_large	nl	atac_large_XZ_nl_uncond_reference_lam100_s4
SCVI	0	reference	200	10	4	atac_large	nl	atac_large_XZ_nl_uncond_reference_lam200_s4
SCVI	0	reference	500	10	4	atac_large	nl	atac_large_XZ_nl_uncond_reference_lam500_s4
SCVI	0	reference	1000	10	4	atac_large	nl	atac_large_XZ_nl_uncond_reference_lam1000_s4
SCVI	0	reference	1500	10	4	atac_large	nl	atac_large_XZ_nl_uncond_reference_lam1500_s4
SCVI	0	pooled	0.5	10	4	atac_large	nl	atac_large_XZ_nl_uncond_pooled_lam0.5_s4
SCVI	0	pooled	1	10	4	atac_large	nl	atac_large_XZ_nl_uncond_pooled_lam1_s4
SCVI	0	pooled	2	10	4	atac_large	nl	atac_large_XZ_nl_uncond_pooled_lam2_s4
SCVI	0	pooled	10	10	4	atac_large	nl	atac_large_XZ_nl_uncond_pooled_lam10_s4
SCVI	0	pooled	100	10	4	atac_large	nl	atac_large_XZ_nl_uncond_pooled_lam100_s4
SCVI	0	pooled	200	10	4	atac_large	nl	atac_large_XZ_nl_uncond_pooled_lam200_s4
SCVI	0	pooled	500	10	4	atac_large	nl	atac_large_XZ_nl_uncond_pooled_lam500_s4
SCVI	0	pooled	1000	10	4	atac_large	nl	atac_large_XZ_nl_uncond_pooled_lam1000_s4
SCVI	0	pooled	1500	10	4	atac_large	nl	atac_large_XZ_nl_uncond_pooled_lam1500_s4
SCVI	0	barycenter	0.5	10	4	atac_large	nl	atac_large_XZ_nl_uncond_barycenter_lam0.5_s4
SCVI	0	barycenter	1	10	4	atac_large	nl	atac_large_XZ_nl_uncond_barycenter_lam1_s4
SCVI	0	barycenter	2	10	4	atac_large	nl	atac_large_XZ_nl_uncond_barycenter_lam2_s4
SCVI	0	barycenter	10	10	4	atac_large	nl	atac_large_XZ_nl_uncond_barycenter_lam10_s4
SCVI	0	barycenter	100	10	4	atac_large	nl	atac_large_XZ_nl_uncond_barycenter_lam100_s4
SCVI	0	barycenter	200	10	4	atac_large	nl	atac_large_XZ_nl_uncond_barycenter_lam200_s4
SCVI	0	barycenter	500	10	4	atac_large	nl	atac_large_XZ_nl_uncond_barycenter_lam500_s4
SCVI	0	barycenter	1000	10	4	atac_large	nl	atac_large_XZ_nl_uncond_barycenter_lam1000_s4
SCVI	0	barycenter	1500	10	4	atac_large	nl	atac_large_XZ_nl_uncond_barycenter_lam1500_s4
LinearSCVI	0	mmd	0.5	1	0	pancreas	lin	pancreas_XZ_lin_uncond_mmd_lam0.5_s0
LinearSCVI	0	mmd	1	1	0	pancreas	lin	pancreas_XZ_lin_uncond_mmd_lam1_s0
LinearSCVI	0	mmd	2	1	0	pancreas	lin	pancreas_XZ_lin_uncond_mmd_lam2_s0
LinearSCVI	0	mmd	5	1	0	pancreas	lin	pancreas_XZ_lin_uncond_mmd_lam5_s0
LinearSCVI	0	mmd	10	1	0	pancreas	lin	pancreas_XZ_lin_uncond_mmd_lam10_s0
LinearSCVI	0	mmd	20	1	0	pancreas	lin	pancreas_XZ_lin_uncond_mmd_lam20_s0
LinearSCVI	0	mmd	100	1	0	pancreas	lin	pancreas_XZ_lin_uncond_mmd_lam100_s0
LinearSCVI	0	mmd	1000	1	0	pancreas	lin	pancreas_XZ_lin_uncond_mmd_lam1000_s0
LinearSCVI	0	sinkhorn	0.5	1	0	pancreas	lin	pancreas_XZ_lin_uncond_sinkhorn_lam0.5_s0
LinearSCVI	0	sinkhorn	1	1	0	pancreas	lin	pancreas_XZ_lin_uncond_sinkhorn_lam1_s0
LinearSCVI	0	sinkhorn	2	1	0	pancreas	lin	pancreas_XZ_lin_uncond_sinkhorn_lam2_s0
LinearSCVI	0	sinkhorn	5	1	0	pancreas	lin	pancreas_XZ_lin_uncond_sinkhorn_lam5_s0
LinearSCVI	0	sinkhorn	10	1	0	pancreas	lin	pancreas_XZ_lin_uncond_sinkhorn_lam10_s0
LinearSCVI	0	sinkhorn	20	1	0	pancreas	lin	pancreas_XZ_lin_uncond_sinkhorn_lam20_s0
LinearSCVI	0	sinkhorn	100	1	0	pancreas	lin	pancreas_XZ_lin_uncond_sinkhorn_lam100_s0
LinearSCVI	0	sinkhorn	1000	1	0	pancreas	lin	pancreas_XZ_lin_uncond_sinkhorn_lam1000_s0
LinearSCVI	0	mmd	0.5	1	1	pancreas	lin	pancreas_XZ_lin_uncond_mmd_lam0.5_s1
LinearSCVI	0	mmd	1	1	1	pancreas	lin	pancreas_XZ_lin_uncond_mmd_lam1_s1
LinearSCVI	0	mmd	2	1	1	pancreas	lin	pancreas_XZ_lin_uncond_mmd_lam2_s1
LinearSCVI	0	mmd	5	1	1	pancreas	lin	pancreas_XZ_lin_uncond_mmd_lam5_s1
LinearSCVI	0	mmd	10	1	1	pancreas	lin	pancreas_XZ_lin_uncond_mmd_lam10_s1
LinearSCVI	0	mmd	20	1	1	pancreas	lin	pancreas_XZ_lin_uncond_mmd_lam20_s1
LinearSCVI	0	mmd	100	1	1	pancreas	lin	pancreas_XZ_lin_uncond_mmd_lam100_s1
LinearSCVI	0	mmd	1000	1	1	pancreas	lin	pancreas_XZ_lin_uncond_mmd_lam1000_s1
LinearSCVI	0	sinkhorn	0.5	1	1	pancreas	lin	pancreas_XZ_lin_uncond_sinkhorn_lam0.5_s1
LinearSCVI	0	sinkhorn	1	1	1	pancreas	lin	pancreas_XZ_lin_uncond_sinkhorn_lam1_s1
LinearSCVI	0	sinkhorn	2	1	1	pancreas	lin	pancreas_XZ_lin_uncond_sinkhorn_lam2_s1
LinearSCVI	0	sinkhorn	5	1	1	pancreas	lin	pancreas_XZ_lin_uncond_sinkhorn_lam5_s1
LinearSCVI	0	sinkhorn	10	1	1	pancreas	lin	pancreas_XZ_lin_uncond_sinkhorn_lam10_s1
LinearSCVI	0	sinkhorn	20	1	1	pancreas	lin	pancreas_XZ_lin_uncond_sinkhorn_lam20_s1
LinearSCVI	0	sinkhorn	100	1	1	pancreas	lin	pancreas_XZ_lin_uncond_sinkhorn_lam100_s1
LinearSCVI	0	sinkhorn	1000	1	1	pancreas	lin	pancreas_XZ_lin_uncond_sinkhorn_lam1000_s1
LinearSCVI	0	mmd	0.5	1	2	pancreas	lin	pancreas_XZ_lin_uncond_mmd_lam0.5_s2
LinearSCVI	0	mmd	1	1	2	pancreas	lin	pancreas_XZ_lin_uncond_mmd_lam1_s2
LinearSCVI	0	mmd	2	1	2	pancreas	lin	pancreas_XZ_lin_uncond_mmd_lam2_s2
LinearSCVI	0	mmd	5	1	2	pancreas	lin	pancreas_XZ_lin_uncond_mmd_lam5_s2
LinearSCVI	0	mmd	10	1	2	pancreas	lin	pancreas_XZ_lin_uncond_mmd_lam10_s2
LinearSCVI	0	mmd	20	1	2	pancreas	lin	pancreas_XZ_lin_uncond_mmd_lam20_s2
LinearSCVI	0	mmd	100	1	2	pancreas	lin	pancreas_XZ_lin_uncond_mmd_lam100_s2
LinearSCVI	0	mmd	1000	1	2	pancreas	lin	pancreas_XZ_lin_uncond_mmd_lam1000_s2
LinearSCVI	0	sinkhorn	0.5	1	2	pancreas	lin	pancreas_XZ_lin_uncond_sinkhorn_lam0.5_s2
LinearSCVI	0	sinkhorn	1	1	2	pancreas	lin	pancreas_XZ_lin_uncond_sinkhorn_lam1_s2
LinearSCVI	0	sinkhorn	2	1	2	pancreas	lin	pancreas_XZ_lin_uncond_sinkhorn_lam2_s2
LinearSCVI	0	sinkhorn	5	1	2	pancreas	lin	pancreas_XZ_lin_uncond_sinkhorn_lam5_s2
LinearSCVI	0	sinkhorn	10	1	2	pancreas	lin	pancreas_XZ_lin_uncond_sinkhorn_lam10_s2
LinearSCVI	0	sinkhorn	20	1	2	pancreas	lin	pancreas_XZ_lin_uncond_sinkhorn_lam20_s2
LinearSCVI	0	sinkhorn	100	1	2	pancreas	lin	pancreas_XZ_lin_uncond_sinkhorn_lam100_s2
LinearSCVI	0	sinkhorn	1000	1	2	pancreas	lin	pancreas_XZ_lin_uncond_sinkhorn_lam1000_s2
LinearSCVI	0	mmd	0.5	1	3	pancreas	lin	pancreas_XZ_lin_uncond_mmd_lam0.5_s3
LinearSCVI	0	mmd	1	1	3	pancreas	lin	pancreas_XZ_lin_uncond_mmd_lam1_s3
LinearSCVI	0	mmd	2	1	3	pancreas	lin	pancreas_XZ_lin_uncond_mmd_lam2_s3
LinearSCVI	0	mmd	5	1	3	pancreas	lin	pancreas_XZ_lin_uncond_mmd_lam5_s3
LinearSCVI	0	mmd	10	1	3	pancreas	lin	pancreas_XZ_lin_uncond_mmd_lam10_s3
LinearSCVI	0	mmd	20	1	3	pancreas	lin	pancreas_XZ_lin_uncond_mmd_lam20_s3
LinearSCVI	0	mmd	100	1	3	pancreas	lin	pancreas_XZ_lin_uncond_mmd_lam100_s3
LinearSCVI	0	mmd	1000	1	3	pancreas	lin	pancreas_XZ_lin_uncond_mmd_lam1000_s3
LinearSCVI	0	sinkhorn	0.5	1	3	pancreas	lin	pancreas_XZ_lin_uncond_sinkhorn_lam0.5_s3
LinearSCVI	0	sinkhorn	1	1	3	pancreas	lin	pancreas_XZ_lin_uncond_sinkhorn_lam1_s3
LinearSCVI	0	sinkhorn	2	1	3	pancreas	lin	pancreas_XZ_lin_uncond_sinkhorn_lam2_s3
LinearSCVI	0	sinkhorn	5	1	3	pancreas	lin	pancreas_XZ_lin_uncond_sinkhorn_lam5_s3
LinearSCVI	0	sinkhorn	10	1	3	pancreas	lin	pancreas_XZ_lin_uncond_sinkhorn_lam10_s3
LinearSCVI	0	sinkhorn	20	1	3	pancreas	lin	pancreas_XZ_lin_uncond_sinkhorn_lam20_s3
LinearSCVI	0	sinkhorn	100	1	3	pancreas	lin	pancreas_XZ_lin_uncond_sinkhorn_lam100_s3
LinearSCVI	0	sinkhorn	1000	1	3	pancreas	lin	pancreas_XZ_lin_uncond_sinkhorn_lam1000_s3
LinearSCVI	0	mmd	0.5	1	4	pancreas	lin	pancreas_XZ_lin_uncond_mmd_lam0.5_s4
LinearSCVI	0	mmd	1	1	4	pancreas	lin	pancreas_XZ_lin_uncond_mmd_lam1_s4
LinearSCVI	0	mmd	2	1	4	pancreas	lin	pancreas_XZ_lin_uncond_mmd_lam2_s4
LinearSCVI	0	mmd	5	1	4	pancreas	lin	pancreas_XZ_lin_uncond_mmd_lam5_s4
LinearSCVI	0	mmd	10	1	4	pancreas	lin	pancreas_XZ_lin_uncond_mmd_lam10_s4
LinearSCVI	0	mmd	20	1	4	pancreas	lin	pancreas_XZ_lin_uncond_mmd_lam20_s4
LinearSCVI	0	mmd	100	1	4	pancreas	lin	pancreas_XZ_lin_uncond_mmd_lam100_s4
LinearSCVI	0	mmd	1000	1	4	pancreas	lin	pancreas_XZ_lin_uncond_mmd_lam1000_s4
LinearSCVI	0	sinkhorn	0.5	1	4	pancreas	lin	pancreas_XZ_lin_uncond_sinkhorn_lam0.5_s4
LinearSCVI	0	sinkhorn	1	1	4	pancreas	lin	pancreas_XZ_lin_uncond_sinkhorn_lam1_s4
LinearSCVI	0	sinkhorn	2	1	4	pancreas	lin	pancreas_XZ_lin_uncond_sinkhorn_lam2_s4
LinearSCVI	0	sinkhorn	5	1	4	pancreas	lin	pancreas_XZ_lin_uncond_sinkhorn_lam5_s4
LinearSCVI	0	sinkhorn	10	1	4	pancreas	lin	pancreas_XZ_lin_uncond_sinkhorn_lam10_s4
LinearSCVI	0	sinkhorn	20	1	4	pancreas	lin	pancreas_XZ_lin_uncond_sinkhorn_lam20_s4
LinearSCVI	0	sinkhorn	100	1	4	pancreas	lin	pancreas_XZ_lin_uncond_sinkhorn_lam100_s4
LinearSCVI	0	sinkhorn	1000	1	4	pancreas	lin	pancreas_XZ_lin_uncond_sinkhorn_lam1000_s4
SCVI	0	mmd	0.5	1	0	pancreas	nl	pancreas_XZ_nl_uncond_mmd_lam0.5_s0
SCVI	0	mmd	1	1	0	pancreas	nl	pancreas_XZ_nl_uncond_mmd_lam1_s0
SCVI	0	mmd	2	1	0	pancreas	nl	pancreas_XZ_nl_uncond_mmd_lam2_s0
SCVI	0	mmd	5	1	0	pancreas	nl	pancreas_XZ_nl_uncond_mmd_lam5_s0
SCVI	0	mmd	10	1	0	pancreas	nl	pancreas_XZ_nl_uncond_mmd_lam10_s0
SCVI	0	mmd	20	1	0	pancreas	nl	pancreas_XZ_nl_uncond_mmd_lam20_s0
SCVI	0	mmd	100	1	0	pancreas	nl	pancreas_XZ_nl_uncond_mmd_lam100_s0
SCVI	0	mmd	1000	1	0	pancreas	nl	pancreas_XZ_nl_uncond_mmd_lam1000_s0
SCVI	0	sinkhorn	0.5	1	0	pancreas	nl	pancreas_XZ_nl_uncond_sinkhorn_lam0.5_s0
SCVI	0	sinkhorn	1	1	0	pancreas	nl	pancreas_XZ_nl_uncond_sinkhorn_lam1_s0
SCVI	0	sinkhorn	2	1	0	pancreas	nl	pancreas_XZ_nl_uncond_sinkhorn_lam2_s0
SCVI	0	sinkhorn	5	1	0	pancreas	nl	pancreas_XZ_nl_uncond_sinkhorn_lam5_s0
SCVI	0	sinkhorn	10	1	0	pancreas	nl	pancreas_XZ_nl_uncond_sinkhorn_lam10_s0
SCVI	0	sinkhorn	20	1	0	pancreas	nl	pancreas_XZ_nl_uncond_sinkhorn_lam20_s0
SCVI	0	sinkhorn	100	1	0	pancreas	nl	pancreas_XZ_nl_uncond_sinkhorn_lam100_s0
SCVI	0	sinkhorn	1000	1	0	pancreas	nl	pancreas_XZ_nl_uncond_sinkhorn_lam1000_s0
SCVI	0	mmd	0.5	1	1	pancreas	nl	pancreas_XZ_nl_uncond_mmd_lam0.5_s1
SCVI	0	mmd	1	1	1	pancreas	nl	pancreas_XZ_nl_uncond_mmd_lam1_s1
SCVI	0	mmd	2	1	1	pancreas	nl	pancreas_XZ_nl_uncond_mmd_lam2_s1
SCVI	0	mmd	5	1	1	pancreas	nl	pancreas_XZ_nl_uncond_mmd_lam5_s1
SCVI	0	mmd	10	1	1	pancreas	nl	pancreas_XZ_nl_uncond_mmd_lam10_s1
SCVI	0	mmd	20	1	1	pancreas	nl	pancreas_XZ_nl_uncond_mmd_lam20_s1
SCVI	0	mmd	100	1	1	pancreas	nl	pancreas_XZ_nl_uncond_mmd_lam100_s1
SCVI	0	mmd	1000	1	1	pancreas	nl	pancreas_XZ_nl_uncond_mmd_lam1000_s1
SCVI	0	sinkhorn	0.5	1	1	pancreas	nl	pancreas_XZ_nl_uncond_sinkhorn_lam0.5_s1
SCVI	0	sinkhorn	1	1	1	pancreas	nl	pancreas_XZ_nl_uncond_sinkhorn_lam1_s1
SCVI	0	sinkhorn	2	1	1	pancreas	nl	pancreas_XZ_nl_uncond_sinkhorn_lam2_s1
SCVI	0	sinkhorn	5	1	1	pancreas	nl	pancreas_XZ_nl_uncond_sinkhorn_lam5_s1
SCVI	0	sinkhorn	10	1	1	pancreas	nl	pancreas_XZ_nl_uncond_sinkhorn_lam10_s1
SCVI	0	sinkhorn	20	1	1	pancreas	nl	pancreas_XZ_nl_uncond_sinkhorn_lam20_s1
SCVI	0	sinkhorn	100	1	1	pancreas	nl	pancreas_XZ_nl_uncond_sinkhorn_lam100_s1
SCVI	0	sinkhorn	1000	1	1	pancreas	nl	pancreas_XZ_nl_uncond_sinkhorn_lam1000_s1
SCVI	0	mmd	0.5	1	2	pancreas	nl	pancreas_XZ_nl_uncond_mmd_lam0.5_s2
SCVI	0	mmd	1	1	2	pancreas	nl	pancreas_XZ_nl_uncond_mmd_lam1_s2
SCVI	0	mmd	2	1	2	pancreas	nl	pancreas_XZ_nl_uncond_mmd_lam2_s2
SCVI	0	mmd	5	1	2	pancreas	nl	pancreas_XZ_nl_uncond_mmd_lam5_s2
SCVI	0	mmd	10	1	2	pancreas	nl	pancreas_XZ_nl_uncond_mmd_lam10_s2
SCVI	0	mmd	20	1	2	pancreas	nl	pancreas_XZ_nl_uncond_mmd_lam20_s2
SCVI	0	mmd	100	1	2	pancreas	nl	pancreas_XZ_nl_uncond_mmd_lam100_s2
SCVI	0	mmd	1000	1	2	pancreas	nl	pancreas_XZ_nl_uncond_mmd_lam1000_s2
SCVI	0	sinkhorn	0.5	1	2	pancreas	nl	pancreas_XZ_nl_uncond_sinkhorn_lam0.5_s2
SCVI	0	sinkhorn	1	1	2	pancreas	nl	pancreas_XZ_nl_uncond_sinkhorn_lam1_s2
SCVI	0	sinkhorn	2	1	2	pancreas	nl	pancreas_XZ_nl_uncond_sinkhorn_lam2_s2
SCVI	0	sinkhorn	5	1	2	pancreas	nl	pancreas_XZ_nl_uncond_sinkhorn_lam5_s2
SCVI	0	sinkhorn	10	1	2	pancreas	nl	pancreas_XZ_nl_uncond_sinkhorn_lam10_s2
SCVI	0	sinkhorn	20	1	2	pancreas	nl	pancreas_XZ_nl_uncond_sinkhorn_lam20_s2
SCVI	0	sinkhorn	100	1	2	pancreas	nl	pancreas_XZ_nl_uncond_sinkhorn_lam100_s2
SCVI	0	sinkhorn	1000	1	2	pancreas	nl	pancreas_XZ_nl_uncond_sinkhorn_lam1000_s2
SCVI	0	mmd	0.5	1	3	pancreas	nl	pancreas_XZ_nl_uncond_mmd_lam0.5_s3
SCVI	0	mmd	1	1	3	pancreas	nl	pancreas_XZ_nl_uncond_mmd_lam1_s3
SCVI	0	mmd	2	1	3	pancreas	nl	pancreas_XZ_nl_uncond_mmd_lam2_s3
SCVI	0	mmd	5	1	3	pancreas	nl	pancreas_XZ_nl_uncond_mmd_lam5_s3
SCVI	0	mmd	10	1	3	pancreas	nl	pancreas_XZ_nl_uncond_mmd_lam10_s3
SCVI	0	mmd	20	1	3	pancreas	nl	pancreas_XZ_nl_uncond_mmd_lam20_s3
SCVI	0	mmd	100	1	3	pancreas	nl	pancreas_XZ_nl_uncond_mmd_lam100_s3
SCVI	0	mmd	1000	1	3	pancreas	nl	pancreas_XZ_nl_uncond_mmd_lam1000_s3
SCVI	0	sinkhorn	0.5	1	3	pancreas	nl	pancreas_XZ_nl_uncond_sinkhorn_lam0.5_s3
SCVI	0	sinkhorn	1	1	3	pancreas	nl	pancreas_XZ_nl_uncond_sinkhorn_lam1_s3
SCVI	0	sinkhorn	2	1	3	pancreas	nl	pancreas_XZ_nl_uncond_sinkhorn_lam2_s3
SCVI	0	sinkhorn	5	1	3	pancreas	nl	pancreas_XZ_nl_uncond_sinkhorn_lam5_s3
SCVI	0	sinkhorn	10	1	3	pancreas	nl	pancreas_XZ_nl_uncond_sinkhorn_lam10_s3
SCVI	0	sinkhorn	20	1	3	pancreas	nl	pancreas_XZ_nl_uncond_sinkhorn_lam20_s3
SCVI	0	sinkhorn	100	1	3	pancreas	nl	pancreas_XZ_nl_uncond_sinkhorn_lam100_s3
SCVI	0	sinkhorn	1000	1	3	pancreas	nl	pancreas_XZ_nl_uncond_sinkhorn_lam1000_s3
SCVI	0	mmd	0.5	1	4	pancreas	nl	pancreas_XZ_nl_uncond_mmd_lam0.5_s4
SCVI	0	mmd	1	1	4	pancreas	nl	pancreas_XZ_nl_uncond_mmd_lam1_s4
SCVI	0	mmd	2	1	4	pancreas	nl	pancreas_XZ_nl_uncond_mmd_lam2_s4
SCVI	0	mmd	5	1	4	pancreas	nl	pancreas_XZ_nl_uncond_mmd_lam5_s4
SCVI	0	mmd	10	1	4	pancreas	nl	pancreas_XZ_nl_uncond_mmd_lam10_s4
SCVI	0	mmd	20	1	4	pancreas	nl	pancreas_XZ_nl_uncond_mmd_lam20_s4
SCVI	0	mmd	100	1	4	pancreas	nl	pancreas_XZ_nl_uncond_mmd_lam100_s4
SCVI	0	mmd	1000	1	4	pancreas	nl	pancreas_XZ_nl_uncond_mmd_lam1000_s4
SCVI	0	sinkhorn	0.5	1	4	pancreas	nl	pancreas_XZ_nl_uncond_sinkhorn_lam0.5_s4
SCVI	0	sinkhorn	1	1	4	pancreas	nl	pancreas_XZ_nl_uncond_sinkhorn_lam1_s4
SCVI	0	sinkhorn	2	1	4	pancreas	nl	pancreas_XZ_nl_uncond_sinkhorn_lam2_s4
SCVI	0	sinkhorn	5	1	4	pancreas	nl	pancreas_XZ_nl_uncond_sinkhorn_lam5_s4
SCVI	0	sinkhorn	10	1	4	pancreas	nl	pancreas_XZ_nl_uncond_sinkhorn_lam10_s4
SCVI	0	sinkhorn	20	1	4	pancreas	nl	pancreas_XZ_nl_uncond_sinkhorn_lam20_s4
SCVI	0	sinkhorn	100	1	4	pancreas	nl	pancreas_XZ_nl_uncond_sinkhorn_lam100_s4
SCVI	0	sinkhorn	1000	1	4	pancreas	nl	pancreas_XZ_nl_uncond_sinkhorn_lam1000_s4
LinearSCVI	0	mmd	0.5	1	0	immune	lin	immune_XZ_lin_uncond_mmd_lam0.5_s0
LinearSCVI	0	mmd	1	1	0	immune	lin	immune_XZ_lin_uncond_mmd_lam1_s0
LinearSCVI	0	mmd	2	1	0	immune	lin	immune_XZ_lin_uncond_mmd_lam2_s0
LinearSCVI	0	mmd	5	1	0	immune	lin	immune_XZ_lin_uncond_mmd_lam5_s0
LinearSCVI	0	mmd	10	1	0	immune	lin	immune_XZ_lin_uncond_mmd_lam10_s0
LinearSCVI	0	mmd	20	1	0	immune	lin	immune_XZ_lin_uncond_mmd_lam20_s0
LinearSCVI	0	mmd	100	1	0	immune	lin	immune_XZ_lin_uncond_mmd_lam100_s0
LinearSCVI	0	mmd	1000	1	0	immune	lin	immune_XZ_lin_uncond_mmd_lam1000_s0
LinearSCVI	0	sinkhorn	0.5	1	0	immune	lin	immune_XZ_lin_uncond_sinkhorn_lam0.5_s0
LinearSCVI	0	sinkhorn	1	1	0	immune	lin	immune_XZ_lin_uncond_sinkhorn_lam1_s0
LinearSCVI	0	sinkhorn	2	1	0	immune	lin	immune_XZ_lin_uncond_sinkhorn_lam2_s0
LinearSCVI	0	sinkhorn	5	1	0	immune	lin	immune_XZ_lin_uncond_sinkhorn_lam5_s0
LinearSCVI	0	sinkhorn	10	1	0	immune	lin	immune_XZ_lin_uncond_sinkhorn_lam10_s0
LinearSCVI	0	sinkhorn	20	1	0	immune	lin	immune_XZ_lin_uncond_sinkhorn_lam20_s0
LinearSCVI	0	sinkhorn	100	1	0	immune	lin	immune_XZ_lin_uncond_sinkhorn_lam100_s0
LinearSCVI	0	sinkhorn	1000	1	0	immune	lin	immune_XZ_lin_uncond_sinkhorn_lam1000_s0
LinearSCVI	0	mmd	0.5	1	1	immune	lin	immune_XZ_lin_uncond_mmd_lam0.5_s1
LinearSCVI	0	mmd	1	1	1	immune	lin	immune_XZ_lin_uncond_mmd_lam1_s1
LinearSCVI	0	mmd	2	1	1	immune	lin	immune_XZ_lin_uncond_mmd_lam2_s1
LinearSCVI	0	mmd	5	1	1	immune	lin	immune_XZ_lin_uncond_mmd_lam5_s1
LinearSCVI	0	mmd	10	1	1	immune	lin	immune_XZ_lin_uncond_mmd_lam10_s1
LinearSCVI	0	mmd	20	1	1	immune	lin	immune_XZ_lin_uncond_mmd_lam20_s1
LinearSCVI	0	mmd	100	1	1	immune	lin	immune_XZ_lin_uncond_mmd_lam100_s1
LinearSCVI	0	mmd	1000	1	1	immune	lin	immune_XZ_lin_uncond_mmd_lam1000_s1
LinearSCVI	0	sinkhorn	0.5	1	1	immune	lin	immune_XZ_lin_uncond_sinkhorn_lam0.5_s1
LinearSCVI	0	sinkhorn	1	1	1	immune	lin	immune_XZ_lin_uncond_sinkhorn_lam1_s1
LinearSCVI	0	sinkhorn	2	1	1	immune	lin	immune_XZ_lin_uncond_sinkhorn_lam2_s1
LinearSCVI	0	sinkhorn	5	1	1	immune	lin	immune_XZ_lin_uncond_sinkhorn_lam5_s1
LinearSCVI	0	sinkhorn	10	1	1	immune	lin	immune_XZ_lin_uncond_sinkhorn_lam10_s1
LinearSCVI	0	sinkhorn	20	1	1	immune	lin	immune_XZ_lin_uncond_sinkhorn_lam20_s1
LinearSCVI	0	sinkhorn	100	1	1	immune	lin	immune_XZ_lin_uncond_sinkhorn_lam100_s1
LinearSCVI	0	sinkhorn	1000	1	1	immune	lin	immune_XZ_lin_uncond_sinkhorn_lam1000_s1
LinearSCVI	0	mmd	0.5	1	2	immune	lin	immune_XZ_lin_uncond_mmd_lam0.5_s2
LinearSCVI	0	mmd	1	1	2	immune	lin	immune_XZ_lin_uncond_mmd_lam1_s2
LinearSCVI	0	mmd	2	1	2	immune	lin	immune_XZ_lin_uncond_mmd_lam2_s2
LinearSCVI	0	mmd	5	1	2	immune	lin	immune_XZ_lin_uncond_mmd_lam5_s2
LinearSCVI	0	mmd	10	1	2	immune	lin	immune_XZ_lin_uncond_mmd_lam10_s2
LinearSCVI	0	mmd	20	1	2	immune	lin	immune_XZ_lin_uncond_mmd_lam20_s2
LinearSCVI	0	mmd	100	1	2	immune	lin	immune_XZ_lin_uncond_mmd_lam100_s2
LinearSCVI	0	mmd	1000	1	2	immune	lin	immune_XZ_lin_uncond_mmd_lam1000_s2
LinearSCVI	0	sinkhorn	0.5	1	2	immune	lin	immune_XZ_lin_uncond_sinkhorn_lam0.5_s2
LinearSCVI	0	sinkhorn	1	1	2	immune	lin	immune_XZ_lin_uncond_sinkhorn_lam1_s2
LinearSCVI	0	sinkhorn	2	1	2	immune	lin	immune_XZ_lin_uncond_sinkhorn_lam2_s2
LinearSCVI	0	sinkhorn	5	1	2	immune	lin	immune_XZ_lin_uncond_sinkhorn_lam5_s2
LinearSCVI	0	sinkhorn	10	1	2	immune	lin	immune_XZ_lin_uncond_sinkhorn_lam10_s2
LinearSCVI	0	sinkhorn	20	1	2	immune	lin	immune_XZ_lin_uncond_sinkhorn_lam20_s2
LinearSCVI	0	sinkhorn	100	1	2	immune	lin	immune_XZ_lin_uncond_sinkhorn_lam100_s2
LinearSCVI	0	sinkhorn	1000	1	2	immune	lin	immune_XZ_lin_uncond_sinkhorn_lam1000_s2
LinearSCVI	0	mmd	0.5	1	3	immune	lin	immune_XZ_lin_uncond_mmd_lam0.5_s3
LinearSCVI	0	mmd	1	1	3	immune	lin	immune_XZ_lin_uncond_mmd_lam1_s3
LinearSCVI	0	mmd	2	1	3	immune	lin	immune_XZ_lin_uncond_mmd_lam2_s3
LinearSCVI	0	mmd	5	1	3	immune	lin	immune_XZ_lin_uncond_mmd_lam5_s3
LinearSCVI	0	mmd	10	1	3	immune	lin	immune_XZ_lin_uncond_mmd_lam10_s3
LinearSCVI	0	mmd	20	1	3	immune	lin	immune_XZ_lin_uncond_mmd_lam20_s3
LinearSCVI	0	mmd	100	1	3	immune	lin	immune_XZ_lin_uncond_mmd_lam100_s3
LinearSCVI	0	mmd	1000	1	3	immune	lin	immune_XZ_lin_uncond_mmd_lam1000_s3
LinearSCVI	0	sinkhorn	0.5	1	3	immune	lin	immune_XZ_lin_uncond_sinkhorn_lam0.5_s3
LinearSCVI	0	sinkhorn	1	1	3	immune	lin	immune_XZ_lin_uncond_sinkhorn_lam1_s3
LinearSCVI	0	sinkhorn	2	1	3	immune	lin	immune_XZ_lin_uncond_sinkhorn_lam2_s3
LinearSCVI	0	sinkhorn	5	1	3	immune	lin	immune_XZ_lin_uncond_sinkhorn_lam5_s3
LinearSCVI	0	sinkhorn	10	1	3	immune	lin	immune_XZ_lin_uncond_sinkhorn_lam10_s3
LinearSCVI	0	sinkhorn	20	1	3	immune	lin	immune_XZ_lin_uncond_sinkhorn_lam20_s3
LinearSCVI	0	sinkhorn	100	1	3	immune	lin	immune_XZ_lin_uncond_sinkhorn_lam100_s3
LinearSCVI	0	sinkhorn	1000	1	3	immune	lin	immune_XZ_lin_uncond_sinkhorn_lam1000_s3
LinearSCVI	0	mmd	0.5	1	4	immune	lin	immune_XZ_lin_uncond_mmd_lam0.5_s4
LinearSCVI	0	mmd	1	1	4	immune	lin	immune_XZ_lin_uncond_mmd_lam1_s4
LinearSCVI	0	mmd	2	1	4	immune	lin	immune_XZ_lin_uncond_mmd_lam2_s4
LinearSCVI	0	mmd	5	1	4	immune	lin	immune_XZ_lin_uncond_mmd_lam5_s4
LinearSCVI	0	mmd	10	1	4	immune	lin	immune_XZ_lin_uncond_mmd_lam10_s4
LinearSCVI	0	mmd	20	1	4	immune	lin	immune_XZ_lin_uncond_mmd_lam20_s4
LinearSCVI	0	mmd	100	1	4	immune	lin	immune_XZ_lin_uncond_mmd_lam100_s4
LinearSCVI	0	mmd	1000	1	4	immune	lin	immune_XZ_lin_uncond_mmd_lam1000_s4
LinearSCVI	0	sinkhorn	0.5	1	4	immune	lin	immune_XZ_lin_uncond_sinkhorn_lam0.5_s4
LinearSCVI	0	sinkhorn	1	1	4	immune	lin	immune_XZ_lin_uncond_sinkhorn_lam1_s4
LinearSCVI	0	sinkhorn	2	1	4	immune	lin	immune_XZ_lin_uncond_sinkhorn_lam2_s4
LinearSCVI	0	sinkhorn	5	1	4	immune	lin	immune_XZ_lin_uncond_sinkhorn_lam5_s4
LinearSCVI	0	sinkhorn	10	1	4	immune	lin	immune_XZ_lin_uncond_sinkhorn_lam10_s4
LinearSCVI	0	sinkhorn	20	1	4	immune	lin	immune_XZ_lin_uncond_sinkhorn_lam20_s4
LinearSCVI	0	sinkhorn	100	1	4	immune	lin	immune_XZ_lin_uncond_sinkhorn_lam100_s4
LinearSCVI	0	sinkhorn	1000	1	4	immune	lin	immune_XZ_lin_uncond_sinkhorn_lam1000_s4
SCVI	0	mmd	0.5	1	0	immune	nl	immune_XZ_nl_uncond_mmd_lam0.5_s0
SCVI	0	mmd	1	1	0	immune	nl	immune_XZ_nl_uncond_mmd_lam1_s0
SCVI	0	mmd	2	1	0	immune	nl	immune_XZ_nl_uncond_mmd_lam2_s0
SCVI	0	mmd	5	1	0	immune	nl	immune_XZ_nl_uncond_mmd_lam5_s0
SCVI	0	mmd	10	1	0	immune	nl	immune_XZ_nl_uncond_mmd_lam10_s0
SCVI	0	mmd	20	1	0	immune	nl	immune_XZ_nl_uncond_mmd_lam20_s0
SCVI	0	mmd	100	1	0	immune	nl	immune_XZ_nl_uncond_mmd_lam100_s0
SCVI	0	mmd	1000	1	0	immune	nl	immune_XZ_nl_uncond_mmd_lam1000_s0
SCVI	0	sinkhorn	0.5	1	0	immune	nl	immune_XZ_nl_uncond_sinkhorn_lam0.5_s0
SCVI	0	sinkhorn	1	1	0	immune	nl	immune_XZ_nl_uncond_sinkhorn_lam1_s0
SCVI	0	sinkhorn	2	1	0	immune	nl	immune_XZ_nl_uncond_sinkhorn_lam2_s0
SCVI	0	sinkhorn	5	1	0	immune	nl	immune_XZ_nl_uncond_sinkhorn_lam5_s0
SCVI	0	sinkhorn	10	1	0	immune	nl	immune_XZ_nl_uncond_sinkhorn_lam10_s0
SCVI	0	sinkhorn	20	1	0	immune	nl	immune_XZ_nl_uncond_sinkhorn_lam20_s0
SCVI	0	sinkhorn	100	1	0	immune	nl	immune_XZ_nl_uncond_sinkhorn_lam100_s0
SCVI	0	sinkhorn	1000	1	0	immune	nl	immune_XZ_nl_uncond_sinkhorn_lam1000_s0
SCVI	0	mmd	0.5	1	1	immune	nl	immune_XZ_nl_uncond_mmd_lam0.5_s1
SCVI	0	mmd	1	1	1	immune	nl	immune_XZ_nl_uncond_mmd_lam1_s1
SCVI	0	mmd	2	1	1	immune	nl	immune_XZ_nl_uncond_mmd_lam2_s1
SCVI	0	mmd	5	1	1	immune	nl	immune_XZ_nl_uncond_mmd_lam5_s1
SCVI	0	mmd	10	1	1	immune	nl	immune_XZ_nl_uncond_mmd_lam10_s1
SCVI	0	mmd	20	1	1	immune	nl	immune_XZ_nl_uncond_mmd_lam20_s1
SCVI	0	mmd	100	1	1	immune	nl	immune_XZ_nl_uncond_mmd_lam100_s1
SCVI	0	mmd	1000	1	1	immune	nl	immune_XZ_nl_uncond_mmd_lam1000_s1
SCVI	0	sinkhorn	0.5	1	1	immune	nl	immune_XZ_nl_uncond_sinkhorn_lam0.5_s1
SCVI	0	sinkhorn	1	1	1	immune	nl	immune_XZ_nl_uncond_sinkhorn_lam1_s1
SCVI	0	sinkhorn	2	1	1	immune	nl	immune_XZ_nl_uncond_sinkhorn_lam2_s1
SCVI	0	sinkhorn	5	1	1	immune	nl	immune_XZ_nl_uncond_sinkhorn_lam5_s1
SCVI	0	sinkhorn	10	1	1	immune	nl	immune_XZ_nl_uncond_sinkhorn_lam10_s1
SCVI	0	sinkhorn	20	1	1	immune	nl	immune_XZ_nl_uncond_sinkhorn_lam20_s1
SCVI	0	sinkhorn	100	1	1	immune	nl	immune_XZ_nl_uncond_sinkhorn_lam100_s1
SCVI	0	sinkhorn	1000	1	1	immune	nl	immune_XZ_nl_uncond_sinkhorn_lam1000_s1
SCVI	0	mmd	0.5	1	2	immune	nl	immune_XZ_nl_uncond_mmd_lam0.5_s2
SCVI	0	mmd	1	1	2	immune	nl	immune_XZ_nl_uncond_mmd_lam1_s2
SCVI	0	mmd	2	1	2	immune	nl	immune_XZ_nl_uncond_mmd_lam2_s2
SCVI	0	mmd	5	1	2	immune	nl	immune_XZ_nl_uncond_mmd_lam5_s2
SCVI	0	mmd	10	1	2	immune	nl	immune_XZ_nl_uncond_mmd_lam10_s2
SCVI	0	mmd	20	1	2	immune	nl	immune_XZ_nl_uncond_mmd_lam20_s2
SCVI	0	mmd	100	1	2	immune	nl	immune_XZ_nl_uncond_mmd_lam100_s2
SCVI	0	mmd	1000	1	2	immune	nl	immune_XZ_nl_uncond_mmd_lam1000_s2
SCVI	0	sinkhorn	0.5	1	2	immune	nl	immune_XZ_nl_uncond_sinkhorn_lam0.5_s2
SCVI	0	sinkhorn	1	1	2	immune	nl	immune_XZ_nl_uncond_sinkhorn_lam1_s2
SCVI	0	sinkhorn	2	1	2	immune	nl	immune_XZ_nl_uncond_sinkhorn_lam2_s2
SCVI	0	sinkhorn	5	1	2	immune	nl	immune_XZ_nl_uncond_sinkhorn_lam5_s2
SCVI	0	sinkhorn	10	1	2	immune	nl	immune_XZ_nl_uncond_sinkhorn_lam10_s2
SCVI	0	sinkhorn	20	1	2	immune	nl	immune_XZ_nl_uncond_sinkhorn_lam20_s2
SCVI	0	sinkhorn	100	1	2	immune	nl	immune_XZ_nl_uncond_sinkhorn_lam100_s2
SCVI	0	sinkhorn	1000	1	2	immune	nl	immune_XZ_nl_uncond_sinkhorn_lam1000_s2
SCVI	0	mmd	0.5	1	3	immune	nl	immune_XZ_nl_uncond_mmd_lam0.5_s3
SCVI	0	mmd	1	1	3	immune	nl	immune_XZ_nl_uncond_mmd_lam1_s3
SCVI	0	mmd	2	1	3	immune	nl	immune_XZ_nl_uncond_mmd_lam2_s3
SCVI	0	mmd	5	1	3	immune	nl	immune_XZ_nl_uncond_mmd_lam5_s3
SCVI	0	mmd	10	1	3	immune	nl	immune_XZ_nl_uncond_mmd_lam10_s3
SCVI	0	mmd	20	1	3	immune	nl	immune_XZ_nl_uncond_mmd_lam20_s3
SCVI	0	mmd	100	1	3	immune	nl	immune_XZ_nl_uncond_mmd_lam100_s3
SCVI	0	mmd	1000	1	3	immune	nl	immune_XZ_nl_uncond_mmd_lam1000_s3
SCVI	0	sinkhorn	0.5	1	3	immune	nl	immune_XZ_nl_uncond_sinkhorn_lam0.5_s3
SCVI	0	sinkhorn	1	1	3	immune	nl	immune_XZ_nl_uncond_sinkhorn_lam1_s3
SCVI	0	sinkhorn	2	1	3	immune	nl	immune_XZ_nl_uncond_sinkhorn_lam2_s3
SCVI	0	sinkhorn	5	1	3	immune	nl	immune_XZ_nl_uncond_sinkhorn_lam5_s3
SCVI	0	sinkhorn	10	1	3	immune	nl	immune_XZ_nl_uncond_sinkhorn_lam10_s3
SCVI	0	sinkhorn	20	1	3	immune	nl	immune_XZ_nl_uncond_sinkhorn_lam20_s3
SCVI	0	sinkhorn	100	1	3	immune	nl	immune_XZ_nl_uncond_sinkhorn_lam100_s3
SCVI	0	sinkhorn	1000	1	3	immune	nl	immune_XZ_nl_uncond_sinkhorn_lam1000_s3
SCVI	0	mmd	0.5	1	4	immune	nl	immune_XZ_nl_uncond_mmd_lam0.5_s4
SCVI	0	mmd	1	1	4	immune	nl	immune_XZ_nl_uncond_mmd_lam1_s4
SCVI	0	mmd	2	1	4	immune	nl	immune_XZ_nl_uncond_mmd_lam2_s4
SCVI	0	mmd	5	1	4	immune	nl	immune_XZ_nl_uncond_mmd_lam5_s4
SCVI	0	mmd	10	1	4	immune	nl	immune_XZ_nl_uncond_mmd_lam10_s4
SCVI	0	mmd	20	1	4	immune	nl	immune_XZ_nl_uncond_mmd_lam20_s4
SCVI	0	mmd	100	1	4	immune	nl	immune_XZ_nl_uncond_mmd_lam100_s4
SCVI	0	mmd	1000	1	4	immune	nl	immune_XZ_nl_uncond_mmd_lam1000_s4
SCVI	0	sinkhorn	0.5	1	4	immune	nl	immune_XZ_nl_uncond_sinkhorn_lam0.5_s4
SCVI	0	sinkhorn	1	1	4	immune	nl	immune_XZ_nl_uncond_sinkhorn_lam1_s4
SCVI	0	sinkhorn	2	1	4	immune	nl	immune_XZ_nl_uncond_sinkhorn_lam2_s4
SCVI	0	sinkhorn	5	1	4	immune	nl	immune_XZ_nl_uncond_sinkhorn_lam5_s4
SCVI	0	sinkhorn	10	1	4	immune	nl	immune_XZ_nl_uncond_sinkhorn_lam10_s4
SCVI	0	sinkhorn	20	1	4	immune	nl	immune_XZ_nl_uncond_sinkhorn_lam20_s4
SCVI	0	sinkhorn	100	1	4	immune	nl	immune_XZ_nl_uncond_sinkhorn_lam100_s4
SCVI	0	sinkhorn	1000	1	4	immune	nl	immune_XZ_nl_uncond_sinkhorn_lam1000_s4
LinearSCVI	0	mmd	0.5	1	0	lung	lin	lung_XZ_lin_uncond_mmd_lam0.5_s0
LinearSCVI	0	mmd	1	1	0	lung	lin	lung_XZ_lin_uncond_mmd_lam1_s0
LinearSCVI	0	mmd	2	1	0	lung	lin	lung_XZ_lin_uncond_mmd_lam2_s0
LinearSCVI	0	mmd	5	1	0	lung	lin	lung_XZ_lin_uncond_mmd_lam5_s0
LinearSCVI	0	mmd	10	1	0	lung	lin	lung_XZ_lin_uncond_mmd_lam10_s0
LinearSCVI	0	mmd	20	1	0	lung	lin	lung_XZ_lin_uncond_mmd_lam20_s0
LinearSCVI	0	mmd	100	1	0	lung	lin	lung_XZ_lin_uncond_mmd_lam100_s0
LinearSCVI	0	mmd	1000	1	0	lung	lin	lung_XZ_lin_uncond_mmd_lam1000_s0
LinearSCVI	0	sinkhorn	0.5	1	0	lung	lin	lung_XZ_lin_uncond_sinkhorn_lam0.5_s0
LinearSCVI	0	sinkhorn	1	1	0	lung	lin	lung_XZ_lin_uncond_sinkhorn_lam1_s0
LinearSCVI	0	sinkhorn	2	1	0	lung	lin	lung_XZ_lin_uncond_sinkhorn_lam2_s0
LinearSCVI	0	sinkhorn	5	1	0	lung	lin	lung_XZ_lin_uncond_sinkhorn_lam5_s0
LinearSCVI	0	sinkhorn	10	1	0	lung	lin	lung_XZ_lin_uncond_sinkhorn_lam10_s0
LinearSCVI	0	sinkhorn	20	1	0	lung	lin	lung_XZ_lin_uncond_sinkhorn_lam20_s0
LinearSCVI	0	sinkhorn	100	1	0	lung	lin	lung_XZ_lin_uncond_sinkhorn_lam100_s0
LinearSCVI	0	sinkhorn	1000	1	0	lung	lin	lung_XZ_lin_uncond_sinkhorn_lam1000_s0
LinearSCVI	0	mmd	0.5	1	1	lung	lin	lung_XZ_lin_uncond_mmd_lam0.5_s1
LinearSCVI	0	mmd	1	1	1	lung	lin	lung_XZ_lin_uncond_mmd_lam1_s1
LinearSCVI	0	mmd	2	1	1	lung	lin	lung_XZ_lin_uncond_mmd_lam2_s1
LinearSCVI	0	mmd	5	1	1	lung	lin	lung_XZ_lin_uncond_mmd_lam5_s1
LinearSCVI	0	mmd	10	1	1	lung	lin	lung_XZ_lin_uncond_mmd_lam10_s1
LinearSCVI	0	mmd	20	1	1	lung	lin	lung_XZ_lin_uncond_mmd_lam20_s1
LinearSCVI	0	mmd	100	1	1	lung	lin	lung_XZ_lin_uncond_mmd_lam100_s1
LinearSCVI	0	mmd	1000	1	1	lung	lin	lung_XZ_lin_uncond_mmd_lam1000_s1
LinearSCVI	0	sinkhorn	0.5	1	1	lung	lin	lung_XZ_lin_uncond_sinkhorn_lam0.5_s1
LinearSCVI	0	sinkhorn	1	1	1	lung	lin	lung_XZ_lin_uncond_sinkhorn_lam1_s1
LinearSCVI	0	sinkhorn	2	1	1	lung	lin	lung_XZ_lin_uncond_sinkhorn_lam2_s1
LinearSCVI	0	sinkhorn	5	1	1	lung	lin	lung_XZ_lin_uncond_sinkhorn_lam5_s1
LinearSCVI	0	sinkhorn	10	1	1	lung	lin	lung_XZ_lin_uncond_sinkhorn_lam10_s1
LinearSCVI	0	sinkhorn	20	1	1	lung	lin	lung_XZ_lin_uncond_sinkhorn_lam20_s1
LinearSCVI	0	sinkhorn	100	1	1	lung	lin	lung_XZ_lin_uncond_sinkhorn_lam100_s1
LinearSCVI	0	sinkhorn	1000	1	1	lung	lin	lung_XZ_lin_uncond_sinkhorn_lam1000_s1
LinearSCVI	0	mmd	0.5	1	2	lung	lin	lung_XZ_lin_uncond_mmd_lam0.5_s2
LinearSCVI	0	mmd	1	1	2	lung	lin	lung_XZ_lin_uncond_mmd_lam1_s2
LinearSCVI	0	mmd	2	1	2	lung	lin	lung_XZ_lin_uncond_mmd_lam2_s2
LinearSCVI	0	mmd	5	1	2	lung	lin	lung_XZ_lin_uncond_mmd_lam5_s2
LinearSCVI	0	mmd	10	1	2	lung	lin	lung_XZ_lin_uncond_mmd_lam10_s2
LinearSCVI	0	mmd	20	1	2	lung	lin	lung_XZ_lin_uncond_mmd_lam20_s2
LinearSCVI	0	mmd	100	1	2	lung	lin	lung_XZ_lin_uncond_mmd_lam100_s2
LinearSCVI	0	mmd	1000	1	2	lung	lin	lung_XZ_lin_uncond_mmd_lam1000_s2
LinearSCVI	0	sinkhorn	0.5	1	2	lung	lin	lung_XZ_lin_uncond_sinkhorn_lam0.5_s2
LinearSCVI	0	sinkhorn	1	1	2	lung	lin	lung_XZ_lin_uncond_sinkhorn_lam1_s2
LinearSCVI	0	sinkhorn	2	1	2	lung	lin	lung_XZ_lin_uncond_sinkhorn_lam2_s2
LinearSCVI	0	sinkhorn	5	1	2	lung	lin	lung_XZ_lin_uncond_sinkhorn_lam5_s2
LinearSCVI	0	sinkhorn	10	1	2	lung	lin	lung_XZ_lin_uncond_sinkhorn_lam10_s2
LinearSCVI	0	sinkhorn	20	1	2	lung	lin	lung_XZ_lin_uncond_sinkhorn_lam20_s2
LinearSCVI	0	sinkhorn	100	1	2	lung	lin	lung_XZ_lin_uncond_sinkhorn_lam100_s2
LinearSCVI	0	sinkhorn	1000	1	2	lung	lin	lung_XZ_lin_uncond_sinkhorn_lam1000_s2
LinearSCVI	0	mmd	0.5	1	3	lung	lin	lung_XZ_lin_uncond_mmd_lam0.5_s3
LinearSCVI	0	mmd	1	1	3	lung	lin	lung_XZ_lin_uncond_mmd_lam1_s3
LinearSCVI	0	mmd	2	1	3	lung	lin	lung_XZ_lin_uncond_mmd_lam2_s3
LinearSCVI	0	mmd	5	1	3	lung	lin	lung_XZ_lin_uncond_mmd_lam5_s3
LinearSCVI	0	mmd	10	1	3	lung	lin	lung_XZ_lin_uncond_mmd_lam10_s3
LinearSCVI	0	mmd	20	1	3	lung	lin	lung_XZ_lin_uncond_mmd_lam20_s3
LinearSCVI	0	mmd	100	1	3	lung	lin	lung_XZ_lin_uncond_mmd_lam100_s3
LinearSCVI	0	mmd	1000	1	3	lung	lin	lung_XZ_lin_uncond_mmd_lam1000_s3
LinearSCVI	0	sinkhorn	0.5	1	3	lung	lin	lung_XZ_lin_uncond_sinkhorn_lam0.5_s3
LinearSCVI	0	sinkhorn	1	1	3	lung	lin	lung_XZ_lin_uncond_sinkhorn_lam1_s3
LinearSCVI	0	sinkhorn	2	1	3	lung	lin	lung_XZ_lin_uncond_sinkhorn_lam2_s3
LinearSCVI	0	sinkhorn	5	1	3	lung	lin	lung_XZ_lin_uncond_sinkhorn_lam5_s3
LinearSCVI	0	sinkhorn	10	1	3	lung	lin	lung_XZ_lin_uncond_sinkhorn_lam10_s3
LinearSCVI	0	sinkhorn	20	1	3	lung	lin	lung_XZ_lin_uncond_sinkhorn_lam20_s3
LinearSCVI	0	sinkhorn	100	1	3	lung	lin	lung_XZ_lin_uncond_sinkhorn_lam100_s3
LinearSCVI	0	sinkhorn	1000	1	3	lung	lin	lung_XZ_lin_uncond_sinkhorn_lam1000_s3
LinearSCVI	0	mmd	0.5	1	4	lung	lin	lung_XZ_lin_uncond_mmd_lam0.5_s4
LinearSCVI	0	mmd	1	1	4	lung	lin	lung_XZ_lin_uncond_mmd_lam1_s4
LinearSCVI	0	mmd	2	1	4	lung	lin	lung_XZ_lin_uncond_mmd_lam2_s4
LinearSCVI	0	mmd	5	1	4	lung	lin	lung_XZ_lin_uncond_mmd_lam5_s4
LinearSCVI	0	mmd	10	1	4	lung	lin	lung_XZ_lin_uncond_mmd_lam10_s4
LinearSCVI	0	mmd	20	1	4	lung	lin	lung_XZ_lin_uncond_mmd_lam20_s4
LinearSCVI	0	mmd	100	1	4	lung	lin	lung_XZ_lin_uncond_mmd_lam100_s4
LinearSCVI	0	mmd	1000	1	4	lung	lin	lung_XZ_lin_uncond_mmd_lam1000_s4
LinearSCVI	0	sinkhorn	0.5	1	4	lung	lin	lung_XZ_lin_uncond_sinkhorn_lam0.5_s4
LinearSCVI	0	sinkhorn	1	1	4	lung	lin	lung_XZ_lin_uncond_sinkhorn_lam1_s4
LinearSCVI	0	sinkhorn	2	1	4	lung	lin	lung_XZ_lin_uncond_sinkhorn_lam2_s4
LinearSCVI	0	sinkhorn	5	1	4	lung	lin	lung_XZ_lin_uncond_sinkhorn_lam5_s4
LinearSCVI	0	sinkhorn	10	1	4	lung	lin	lung_XZ_lin_uncond_sinkhorn_lam10_s4
LinearSCVI	0	sinkhorn	20	1	4	lung	lin	lung_XZ_lin_uncond_sinkhorn_lam20_s4
LinearSCVI	0	sinkhorn	100	1	4	lung	lin	lung_XZ_lin_uncond_sinkhorn_lam100_s4
LinearSCVI	0	sinkhorn	1000	1	4	lung	lin	lung_XZ_lin_uncond_sinkhorn_lam1000_s4
SCVI	0	mmd	0.5	1	0	lung	nl	lung_XZ_nl_uncond_mmd_lam0.5_s0
SCVI	0	mmd	1	1	0	lung	nl	lung_XZ_nl_uncond_mmd_lam1_s0
SCVI	0	mmd	2	1	0	lung	nl	lung_XZ_nl_uncond_mmd_lam2_s0
SCVI	0	mmd	5	1	0	lung	nl	lung_XZ_nl_uncond_mmd_lam5_s0
SCVI	0	mmd	10	1	0	lung	nl	lung_XZ_nl_uncond_mmd_lam10_s0
SCVI	0	mmd	20	1	0	lung	nl	lung_XZ_nl_uncond_mmd_lam20_s0
SCVI	0	mmd	100	1	0	lung	nl	lung_XZ_nl_uncond_mmd_lam100_s0
SCVI	0	mmd	1000	1	0	lung	nl	lung_XZ_nl_uncond_mmd_lam1000_s0
SCVI	0	sinkhorn	0.5	1	0	lung	nl	lung_XZ_nl_uncond_sinkhorn_lam0.5_s0
SCVI	0	sinkhorn	1	1	0	lung	nl	lung_XZ_nl_uncond_sinkhorn_lam1_s0
SCVI	0	sinkhorn	2	1	0	lung	nl	lung_XZ_nl_uncond_sinkhorn_lam2_s0
SCVI	0	sinkhorn	5	1	0	lung	nl	lung_XZ_nl_uncond_sinkhorn_lam5_s0
SCVI	0	sinkhorn	10	1	0	lung	nl	lung_XZ_nl_uncond_sinkhorn_lam10_s0
SCVI	0	sinkhorn	20	1	0	lung	nl	lung_XZ_nl_uncond_sinkhorn_lam20_s0
SCVI	0	sinkhorn	100	1	0	lung	nl	lung_XZ_nl_uncond_sinkhorn_lam100_s0
SCVI	0	sinkhorn	1000	1	0	lung	nl	lung_XZ_nl_uncond_sinkhorn_lam1000_s0
SCVI	0	mmd	0.5	1	1	lung	nl	lung_XZ_nl_uncond_mmd_lam0.5_s1
SCVI	0	mmd	1	1	1	lung	nl	lung_XZ_nl_uncond_mmd_lam1_s1
SCVI	0	mmd	2	1	1	lung	nl	lung_XZ_nl_uncond_mmd_lam2_s1
SCVI	0	mmd	5	1	1	lung	nl	lung_XZ_nl_uncond_mmd_lam5_s1
SCVI	0	mmd	10	1	1	lung	nl	lung_XZ_nl_uncond_mmd_lam10_s1
SCVI	0	mmd	20	1	1	lung	nl	lung_XZ_nl_uncond_mmd_lam20_s1
SCVI	0	mmd	100	1	1	lung	nl	lung_XZ_nl_uncond_mmd_lam100_s1
SCVI	0	mmd	1000	1	1	lung	nl	lung_XZ_nl_uncond_mmd_lam1000_s1
SCVI	0	sinkhorn	0.5	1	1	lung	nl	lung_XZ_nl_uncond_sinkhorn_lam0.5_s1
SCVI	0	sinkhorn	1	1	1	lung	nl	lung_XZ_nl_uncond_sinkhorn_lam1_s1
SCVI	0	sinkhorn	2	1	1	lung	nl	lung_XZ_nl_uncond_sinkhorn_lam2_s1
SCVI	0	sinkhorn	5	1	1	lung	nl	lung_XZ_nl_uncond_sinkhorn_lam5_s1
SCVI	0	sinkhorn	10	1	1	lung	nl	lung_XZ_nl_uncond_sinkhorn_lam10_s1
SCVI	0	sinkhorn	20	1	1	lung	nl	lung_XZ_nl_uncond_sinkhorn_lam20_s1
SCVI	0	sinkhorn	100	1	1	lung	nl	lung_XZ_nl_uncond_sinkhorn_lam100_s1
SCVI	0	sinkhorn	1000	1	1	lung	nl	lung_XZ_nl_uncond_sinkhorn_lam1000_s1
SCVI	0	mmd	0.5	1	2	lung	nl	lung_XZ_nl_uncond_mmd_lam0.5_s2
SCVI	0	mmd	1	1	2	lung	nl	lung_XZ_nl_uncond_mmd_lam1_s2
SCVI	0	mmd	2	1	2	lung	nl	lung_XZ_nl_uncond_mmd_lam2_s2
SCVI	0	mmd	5	1	2	lung	nl	lung_XZ_nl_uncond_mmd_lam5_s2
SCVI	0	mmd	10	1	2	lung	nl	lung_XZ_nl_uncond_mmd_lam10_s2
SCVI	0	mmd	20	1	2	lung	nl	lung_XZ_nl_uncond_mmd_lam20_s2
SCVI	0	mmd	100	1	2	lung	nl	lung_XZ_nl_uncond_mmd_lam100_s2
SCVI	0	mmd	1000	1	2	lung	nl	lung_XZ_nl_uncond_mmd_lam1000_s2
SCVI	0	sinkhorn	0.5	1	2	lung	nl	lung_XZ_nl_uncond_sinkhorn_lam0.5_s2
SCVI	0	sinkhorn	1	1	2	lung	nl	lung_XZ_nl_uncond_sinkhorn_lam1_s2
SCVI	0	sinkhorn	2	1	2	lung	nl	lung_XZ_nl_uncond_sinkhorn_lam2_s2
SCVI	0	sinkhorn	5	1	2	lung	nl	lung_XZ_nl_uncond_sinkhorn_lam5_s2
SCVI	0	sinkhorn	10	1	2	lung	nl	lung_XZ_nl_uncond_sinkhorn_lam10_s2
SCVI	0	sinkhorn	20	1	2	lung	nl	lung_XZ_nl_uncond_sinkhorn_lam20_s2
SCVI	0	sinkhorn	100	1	2	lung	nl	lung_XZ_nl_uncond_sinkhorn_lam100_s2
SCVI	0	sinkhorn	1000	1	2	lung	nl	lung_XZ_nl_uncond_sinkhorn_lam1000_s2
SCVI	0	mmd	0.5	1	3	lung	nl	lung_XZ_nl_uncond_mmd_lam0.5_s3
SCVI	0	mmd	1	1	3	lung	nl	lung_XZ_nl_uncond_mmd_lam1_s3
SCVI	0	mmd	2	1	3	lung	nl	lung_XZ_nl_uncond_mmd_lam2_s3
SCVI	0	mmd	5	1	3	lung	nl	lung_XZ_nl_uncond_mmd_lam5_s3
SCVI	0	mmd	10	1	3	lung	nl	lung_XZ_nl_uncond_mmd_lam10_s3
SCVI	0	mmd	20	1	3	lung	nl	lung_XZ_nl_uncond_mmd_lam20_s3
SCVI	0	mmd	100	1	3	lung	nl	lung_XZ_nl_uncond_mmd_lam100_s3
SCVI	0	mmd	1000	1	3	lung	nl	lung_XZ_nl_uncond_mmd_lam1000_s3
SCVI	0	sinkhorn	0.5	1	3	lung	nl	lung_XZ_nl_uncond_sinkhorn_lam0.5_s3
SCVI	0	sinkhorn	1	1	3	lung	nl	lung_XZ_nl_uncond_sinkhorn_lam1_s3
SCVI	0	sinkhorn	2	1	3	lung	nl	lung_XZ_nl_uncond_sinkhorn_lam2_s3
SCVI	0	sinkhorn	5	1	3	lung	nl	lung_XZ_nl_uncond_sinkhorn_lam5_s3
SCVI	0	sinkhorn	10	1	3	lung	nl	lung_XZ_nl_uncond_sinkhorn_lam10_s3
SCVI	0	sinkhorn	20	1	3	lung	nl	lung_XZ_nl_uncond_sinkhorn_lam20_s3
SCVI	0	sinkhorn	100	1	3	lung	nl	lung_XZ_nl_uncond_sinkhorn_lam100_s3
SCVI	0	sinkhorn	1000	1	3	lung	nl	lung_XZ_nl_uncond_sinkhorn_lam1000_s3
SCVI	0	mmd	0.5	1	4	lung	nl	lung_XZ_nl_uncond_mmd_lam0.5_s4
SCVI	0	mmd	1	1	4	lung	nl	lung_XZ_nl_uncond_mmd_lam1_s4
SCVI	0	mmd	2	1	4	lung	nl	lung_XZ_nl_uncond_mmd_lam2_s4
SCVI	0	mmd	5	1	4	lung	nl	lung_XZ_nl_uncond_mmd_lam5_s4
SCVI	0	mmd	10	1	4	lung	nl	lung_XZ_nl_uncond_mmd_lam10_s4
SCVI	0	mmd	20	1	4	lung	nl	lung_XZ_nl_uncond_mmd_lam20_s4
SCVI	0	mmd	100	1	4	lung	nl	lung_XZ_nl_uncond_mmd_lam100_s4
SCVI	0	mmd	1000	1	4	lung	nl	lung_XZ_nl_uncond_mmd_lam1000_s4
SCVI	0	sinkhorn	0.5	1	4	lung	nl	lung_XZ_nl_uncond_sinkhorn_lam0.5_s4
SCVI	0	sinkhorn	1	1	4	lung	nl	lung_XZ_nl_uncond_sinkhorn_lam1_s4
SCVI	0	sinkhorn	2	1	4	lung	nl	lung_XZ_nl_uncond_sinkhorn_lam2_s4
SCVI	0	sinkhorn	5	1	4	lung	nl	lung_XZ_nl_uncond_sinkhorn_lam5_s4
SCVI	0	sinkhorn	10	1	4	lung	nl	lung_XZ_nl_uncond_sinkhorn_lam10_s4
SCVI	0	sinkhorn	20	1	4	lung	nl	lung_XZ_nl_uncond_sinkhorn_lam20_s4
SCVI	0	sinkhorn	100	1	4	lung	nl	lung_XZ_nl_uncond_sinkhorn_lam100_s4
SCVI	0	sinkhorn	1000	1	4	lung	nl	lung_XZ_nl_uncond_sinkhorn_lam1000_s4
LinearSCVI	0	mmd	0.5	1	0	sim1	lin	sim1_XZ_lin_uncond_mmd_lam0.5_s0
LinearSCVI	0	mmd	1	1	0	sim1	lin	sim1_XZ_lin_uncond_mmd_lam1_s0
LinearSCVI	0	mmd	2	1	0	sim1	lin	sim1_XZ_lin_uncond_mmd_lam2_s0
LinearSCVI	0	mmd	5	1	0	sim1	lin	sim1_XZ_lin_uncond_mmd_lam5_s0
LinearSCVI	0	mmd	10	1	0	sim1	lin	sim1_XZ_lin_uncond_mmd_lam10_s0
LinearSCVI	0	mmd	20	1	0	sim1	lin	sim1_XZ_lin_uncond_mmd_lam20_s0
LinearSCVI	0	mmd	100	1	0	sim1	lin	sim1_XZ_lin_uncond_mmd_lam100_s0
LinearSCVI	0	mmd	1000	1	0	sim1	lin	sim1_XZ_lin_uncond_mmd_lam1000_s0
LinearSCVI	0	sinkhorn	0.5	1	0	sim1	lin	sim1_XZ_lin_uncond_sinkhorn_lam0.5_s0
LinearSCVI	0	sinkhorn	1	1	0	sim1	lin	sim1_XZ_lin_uncond_sinkhorn_lam1_s0
LinearSCVI	0	sinkhorn	2	1	0	sim1	lin	sim1_XZ_lin_uncond_sinkhorn_lam2_s0
LinearSCVI	0	sinkhorn	5	1	0	sim1	lin	sim1_XZ_lin_uncond_sinkhorn_lam5_s0
LinearSCVI	0	sinkhorn	10	1	0	sim1	lin	sim1_XZ_lin_uncond_sinkhorn_lam10_s0
LinearSCVI	0	sinkhorn	20	1	0	sim1	lin	sim1_XZ_lin_uncond_sinkhorn_lam20_s0
LinearSCVI	0	sinkhorn	100	1	0	sim1	lin	sim1_XZ_lin_uncond_sinkhorn_lam100_s0
LinearSCVI	0	sinkhorn	1000	1	0	sim1	lin	sim1_XZ_lin_uncond_sinkhorn_lam1000_s0
LinearSCVI	0	mmd	0.5	1	1	sim1	lin	sim1_XZ_lin_uncond_mmd_lam0.5_s1
LinearSCVI	0	mmd	1	1	1	sim1	lin	sim1_XZ_lin_uncond_mmd_lam1_s1
LinearSCVI	0	mmd	2	1	1	sim1	lin	sim1_XZ_lin_uncond_mmd_lam2_s1
LinearSCVI	0	mmd	5	1	1	sim1	lin	sim1_XZ_lin_uncond_mmd_lam5_s1
LinearSCVI	0	mmd	10	1	1	sim1	lin	sim1_XZ_lin_uncond_mmd_lam10_s1
LinearSCVI	0	mmd	20	1	1	sim1	lin	sim1_XZ_lin_uncond_mmd_lam20_s1
LinearSCVI	0	mmd	100	1	1	sim1	lin	sim1_XZ_lin_uncond_mmd_lam100_s1
LinearSCVI	0	mmd	1000	1	1	sim1	lin	sim1_XZ_lin_uncond_mmd_lam1000_s1
LinearSCVI	0	sinkhorn	0.5	1	1	sim1	lin	sim1_XZ_lin_uncond_sinkhorn_lam0.5_s1
LinearSCVI	0	sinkhorn	1	1	1	sim1	lin	sim1_XZ_lin_uncond_sinkhorn_lam1_s1
LinearSCVI	0	sinkhorn	2	1	1	sim1	lin	sim1_XZ_lin_uncond_sinkhorn_lam2_s1
LinearSCVI	0	sinkhorn	5	1	1	sim1	lin	sim1_XZ_lin_uncond_sinkhorn_lam5_s1
LinearSCVI	0	sinkhorn	10	1	1	sim1	lin	sim1_XZ_lin_uncond_sinkhorn_lam10_s1
LinearSCVI	0	sinkhorn	20	1	1	sim1	lin	sim1_XZ_lin_uncond_sinkhorn_lam20_s1
LinearSCVI	0	sinkhorn	100	1	1	sim1	lin	sim1_XZ_lin_uncond_sinkhorn_lam100_s1
LinearSCVI	0	sinkhorn	1000	1	1	sim1	lin	sim1_XZ_lin_uncond_sinkhorn_lam1000_s1
LinearSCVI	0	mmd	0.5	1	2	sim1	lin	sim1_XZ_lin_uncond_mmd_lam0.5_s2
LinearSCVI	0	mmd	1	1	2	sim1	lin	sim1_XZ_lin_uncond_mmd_lam1_s2
LinearSCVI	0	mmd	2	1	2	sim1	lin	sim1_XZ_lin_uncond_mmd_lam2_s2
LinearSCVI	0	mmd	5	1	2	sim1	lin	sim1_XZ_lin_uncond_mmd_lam5_s2
LinearSCVI	0	mmd	10	1	2	sim1	lin	sim1_XZ_lin_uncond_mmd_lam10_s2
LinearSCVI	0	mmd	20	1	2	sim1	lin	sim1_XZ_lin_uncond_mmd_lam20_s2
LinearSCVI	0	mmd	100	1	2	sim1	lin	sim1_XZ_lin_uncond_mmd_lam100_s2
LinearSCVI	0	mmd	1000	1	2	sim1	lin	sim1_XZ_lin_uncond_mmd_lam1000_s2
LinearSCVI	0	sinkhorn	0.5	1	2	sim1	lin	sim1_XZ_lin_uncond_sinkhorn_lam0.5_s2
LinearSCVI	0	sinkhorn	1	1	2	sim1	lin	sim1_XZ_lin_uncond_sinkhorn_lam1_s2
LinearSCVI	0	sinkhorn	2	1	2	sim1	lin	sim1_XZ_lin_uncond_sinkhorn_lam2_s2
LinearSCVI	0	sinkhorn	5	1	2	sim1	lin	sim1_XZ_lin_uncond_sinkhorn_lam5_s2
LinearSCVI	0	sinkhorn	10	1	2	sim1	lin	sim1_XZ_lin_uncond_sinkhorn_lam10_s2
LinearSCVI	0	sinkhorn	20	1	2	sim1	lin	sim1_XZ_lin_uncond_sinkhorn_lam20_s2
LinearSCVI	0	sinkhorn	100	1	2	sim1	lin	sim1_XZ_lin_uncond_sinkhorn_lam100_s2
LinearSCVI	0	sinkhorn	1000	1	2	sim1	lin	sim1_XZ_lin_uncond_sinkhorn_lam1000_s2
LinearSCVI	0	mmd	0.5	1	3	sim1	lin	sim1_XZ_lin_uncond_mmd_lam0.5_s3
LinearSCVI	0	mmd	1	1	3	sim1	lin	sim1_XZ_lin_uncond_mmd_lam1_s3
LinearSCVI	0	mmd	2	1	3	sim1	lin	sim1_XZ_lin_uncond_mmd_lam2_s3
LinearSCVI	0	mmd	5	1	3	sim1	lin	sim1_XZ_lin_uncond_mmd_lam5_s3
LinearSCVI	0	mmd	10	1	3	sim1	lin	sim1_XZ_lin_uncond_mmd_lam10_s3
LinearSCVI	0	mmd	20	1	3	sim1	lin	sim1_XZ_lin_uncond_mmd_lam20_s3
LinearSCVI	0	mmd	100	1	3	sim1	lin	sim1_XZ_lin_uncond_mmd_lam100_s3
LinearSCVI	0	mmd	1000	1	3	sim1	lin	sim1_XZ_lin_uncond_mmd_lam1000_s3
LinearSCVI	0	sinkhorn	0.5	1	3	sim1	lin	sim1_XZ_lin_uncond_sinkhorn_lam0.5_s3
LinearSCVI	0	sinkhorn	1	1	3	sim1	lin	sim1_XZ_lin_uncond_sinkhorn_lam1_s3
LinearSCVI	0	sinkhorn	2	1	3	sim1	lin	sim1_XZ_lin_uncond_sinkhorn_lam2_s3
LinearSCVI	0	sinkhorn	5	1	3	sim1	lin	sim1_XZ_lin_uncond_sinkhorn_lam5_s3
LinearSCVI	0	sinkhorn	10	1	3	sim1	lin	sim1_XZ_lin_uncond_sinkhorn_lam10_s3
LinearSCVI	0	sinkhorn	20	1	3	sim1	lin	sim1_XZ_lin_uncond_sinkhorn_lam20_s3
LinearSCVI	0	sinkhorn	100	1	3	sim1	lin	sim1_XZ_lin_uncond_sinkhorn_lam100_s3
LinearSCVI	0	sinkhorn	1000	1	3	sim1	lin	sim1_XZ_lin_uncond_sinkhorn_lam1000_s3
LinearSCVI	0	mmd	0.5	1	4	sim1	lin	sim1_XZ_lin_uncond_mmd_lam0.5_s4
LinearSCVI	0	mmd	1	1	4	sim1	lin	sim1_XZ_lin_uncond_mmd_lam1_s4
LinearSCVI	0	mmd	2	1	4	sim1	lin	sim1_XZ_lin_uncond_mmd_lam2_s4
LinearSCVI	0	mmd	5	1	4	sim1	lin	sim1_XZ_lin_uncond_mmd_lam5_s4
LinearSCVI	0	mmd	10	1	4	sim1	lin	sim1_XZ_lin_uncond_mmd_lam10_s4
LinearSCVI	0	mmd	20	1	4	sim1	lin	sim1_XZ_lin_uncond_mmd_lam20_s4
LinearSCVI	0	mmd	100	1	4	sim1	lin	sim1_XZ_lin_uncond_mmd_lam100_s4
LinearSCVI	0	mmd	1000	1	4	sim1	lin	sim1_XZ_lin_uncond_mmd_lam1000_s4
LinearSCVI	0	sinkhorn	0.5	1	4	sim1	lin	sim1_XZ_lin_uncond_sinkhorn_lam0.5_s4
LinearSCVI	0	sinkhorn	1	1	4	sim1	lin	sim1_XZ_lin_uncond_sinkhorn_lam1_s4
LinearSCVI	0	sinkhorn	2	1	4	sim1	lin	sim1_XZ_lin_uncond_sinkhorn_lam2_s4
LinearSCVI	0	sinkhorn	5	1	4	sim1	lin	sim1_XZ_lin_uncond_sinkhorn_lam5_s4
LinearSCVI	0	sinkhorn	10	1	4	sim1	lin	sim1_XZ_lin_uncond_sinkhorn_lam10_s4
LinearSCVI	0	sinkhorn	20	1	4	sim1	lin	sim1_XZ_lin_uncond_sinkhorn_lam20_s4
LinearSCVI	0	sinkhorn	100	1	4	sim1	lin	sim1_XZ_lin_uncond_sinkhorn_lam100_s4
LinearSCVI	0	sinkhorn	1000	1	4	sim1	lin	sim1_XZ_lin_uncond_sinkhorn_lam1000_s4
SCVI	0	mmd	0.5	1	0	sim1	nl	sim1_XZ_nl_uncond_mmd_lam0.5_s0
SCVI	0	mmd	1	1	0	sim1	nl	sim1_XZ_nl_uncond_mmd_lam1_s0
SCVI	0	mmd	2	1	0	sim1	nl	sim1_XZ_nl_uncond_mmd_lam2_s0
SCVI	0	mmd	5	1	0	sim1	nl	sim1_XZ_nl_uncond_mmd_lam5_s0
SCVI	0	mmd	10	1	0	sim1	nl	sim1_XZ_nl_uncond_mmd_lam10_s0
SCVI	0	mmd	20	1	0	sim1	nl	sim1_XZ_nl_uncond_mmd_lam20_s0
SCVI	0	mmd	100	1	0	sim1	nl	sim1_XZ_nl_uncond_mmd_lam100_s0
SCVI	0	mmd	1000	1	0	sim1	nl	sim1_XZ_nl_uncond_mmd_lam1000_s0
SCVI	0	sinkhorn	0.5	1	0	sim1	nl	sim1_XZ_nl_uncond_sinkhorn_lam0.5_s0
SCVI	0	sinkhorn	1	1	0	sim1	nl	sim1_XZ_nl_uncond_sinkhorn_lam1_s0
SCVI	0	sinkhorn	2	1	0	sim1	nl	sim1_XZ_nl_uncond_sinkhorn_lam2_s0
SCVI	0	sinkhorn	5	1	0	sim1	nl	sim1_XZ_nl_uncond_sinkhorn_lam5_s0
SCVI	0	sinkhorn	10	1	0	sim1	nl	sim1_XZ_nl_uncond_sinkhorn_lam10_s0
SCVI	0	sinkhorn	20	1	0	sim1	nl	sim1_XZ_nl_uncond_sinkhorn_lam20_s0
SCVI	0	sinkhorn	100	1	0	sim1	nl	sim1_XZ_nl_uncond_sinkhorn_lam100_s0
SCVI	0	sinkhorn	1000	1	0	sim1	nl	sim1_XZ_nl_uncond_sinkhorn_lam1000_s0
SCVI	0	mmd	0.5	1	1	sim1	nl	sim1_XZ_nl_uncond_mmd_lam0.5_s1
SCVI	0	mmd	1	1	1	sim1	nl	sim1_XZ_nl_uncond_mmd_lam1_s1
SCVI	0	mmd	2	1	1	sim1	nl	sim1_XZ_nl_uncond_mmd_lam2_s1
SCVI	0	mmd	5	1	1	sim1	nl	sim1_XZ_nl_uncond_mmd_lam5_s1
SCVI	0	mmd	10	1	1	sim1	nl	sim1_XZ_nl_uncond_mmd_lam10_s1
SCVI	0	mmd	20	1	1	sim1	nl	sim1_XZ_nl_uncond_mmd_lam20_s1
SCVI	0	mmd	100	1	1	sim1	nl	sim1_XZ_nl_uncond_mmd_lam100_s1
SCVI	0	mmd	1000	1	1	sim1	nl	sim1_XZ_nl_uncond_mmd_lam1000_s1
SCVI	0	sinkhorn	0.5	1	1	sim1	nl	sim1_XZ_nl_uncond_sinkhorn_lam0.5_s1
SCVI	0	sinkhorn	1	1	1	sim1	nl	sim1_XZ_nl_uncond_sinkhorn_lam1_s1
SCVI	0	sinkhorn	2	1	1	sim1	nl	sim1_XZ_nl_uncond_sinkhorn_lam2_s1
SCVI	0	sinkhorn	5	1	1	sim1	nl	sim1_XZ_nl_uncond_sinkhorn_lam5_s1
SCVI	0	sinkhorn	10	1	1	sim1	nl	sim1_XZ_nl_uncond_sinkhorn_lam10_s1
SCVI	0	sinkhorn	20	1	1	sim1	nl	sim1_XZ_nl_uncond_sinkhorn_lam20_s1
SCVI	0	sinkhorn	100	1	1	sim1	nl	sim1_XZ_nl_uncond_sinkhorn_lam100_s1
SCVI	0	sinkhorn	1000	1	1	sim1	nl	sim1_XZ_nl_uncond_sinkhorn_lam1000_s1
SCVI	0	mmd	0.5	1	2	sim1	nl	sim1_XZ_nl_uncond_mmd_lam0.5_s2
SCVI	0	mmd	1	1	2	sim1	nl	sim1_XZ_nl_uncond_mmd_lam1_s2
SCVI	0	mmd	2	1	2	sim1	nl	sim1_XZ_nl_uncond_mmd_lam2_s2
SCVI	0	mmd	5	1	2	sim1	nl	sim1_XZ_nl_uncond_mmd_lam5_s2
SCVI	0	mmd	10	1	2	sim1	nl	sim1_XZ_nl_uncond_mmd_lam10_s2
SCVI	0	mmd	20	1	2	sim1	nl	sim1_XZ_nl_uncond_mmd_lam20_s2
SCVI	0	mmd	100	1	2	sim1	nl	sim1_XZ_nl_uncond_mmd_lam100_s2
SCVI	0	mmd	1000	1	2	sim1	nl	sim1_XZ_nl_uncond_mmd_lam1000_s2
SCVI	0	sinkhorn	0.5	1	2	sim1	nl	sim1_XZ_nl_uncond_sinkhorn_lam0.5_s2
SCVI	0	sinkhorn	1	1	2	sim1	nl	sim1_XZ_nl_uncond_sinkhorn_lam1_s2
SCVI	0	sinkhorn	2	1	2	sim1	nl	sim1_XZ_nl_uncond_sinkhorn_lam2_s2
SCVI	0	sinkhorn	5	1	2	sim1	nl	sim1_XZ_nl_uncond_sinkhorn_lam5_s2
SCVI	0	sinkhorn	10	1	2	sim1	nl	sim1_XZ_nl_uncond_sinkhorn_lam10_s2
SCVI	0	sinkhorn	20	1	2	sim1	nl	sim1_XZ_nl_uncond_sinkhorn_lam20_s2
SCVI	0	sinkhorn	100	1	2	sim1	nl	sim1_XZ_nl_uncond_sinkhorn_lam100_s2
SCVI	0	sinkhorn	1000	1	2	sim1	nl	sim1_XZ_nl_uncond_sinkhorn_lam1000_s2
SCVI	0	mmd	0.5	1	3	sim1	nl	sim1_XZ_nl_uncond_mmd_lam0.5_s3
SCVI	0	mmd	1	1	3	sim1	nl	sim1_XZ_nl_uncond_mmd_lam1_s3
SCVI	0	mmd	2	1	3	sim1	nl	sim1_XZ_nl_uncond_mmd_lam2_s3
SCVI	0	mmd	5	1	3	sim1	nl	sim1_XZ_nl_uncond_mmd_lam5_s3
SCVI	0	mmd	10	1	3	sim1	nl	sim1_XZ_nl_uncond_mmd_lam10_s3
SCVI	0	mmd	20	1	3	sim1	nl	sim1_XZ_nl_uncond_mmd_lam20_s3
SCVI	0	mmd	100	1	3	sim1	nl	sim1_XZ_nl_uncond_mmd_lam100_s3
SCVI	0	mmd	1000	1	3	sim1	nl	sim1_XZ_nl_uncond_mmd_lam1000_s3
SCVI	0	sinkhorn	0.5	1	3	sim1	nl	sim1_XZ_nl_uncond_sinkhorn_lam0.5_s3
SCVI	0	sinkhorn	1	1	3	sim1	nl	sim1_XZ_nl_uncond_sinkhorn_lam1_s3
SCVI	0	sinkhorn	2	1	3	sim1	nl	sim1_XZ_nl_uncond_sinkhorn_lam2_s3
SCVI	0	sinkhorn	5	1	3	sim1	nl	sim1_XZ_nl_uncond_sinkhorn_lam5_s3
SCVI	0	sinkhorn	10	1	3	sim1	nl	sim1_XZ_nl_uncond_sinkhorn_lam10_s3
SCVI	0	sinkhorn	20	1	3	sim1	nl	sim1_XZ_nl_uncond_sinkhorn_lam20_s3
SCVI	0	sinkhorn	100	1	3	sim1	nl	sim1_XZ_nl_uncond_sinkhorn_lam100_s3
SCVI	0	sinkhorn	1000	1	3	sim1	nl	sim1_XZ_nl_uncond_sinkhorn_lam1000_s3
SCVI	0	mmd	0.5	1	4	sim1	nl	sim1_XZ_nl_uncond_mmd_lam0.5_s4
SCVI	0	mmd	1	1	4	sim1	nl	sim1_XZ_nl_uncond_mmd_lam1_s4
SCVI	0	mmd	2	1	4	sim1	nl	sim1_XZ_nl_uncond_mmd_lam2_s4
SCVI	0	mmd	5	1	4	sim1	nl	sim1_XZ_nl_uncond_mmd_lam5_s4
SCVI	0	mmd	10	1	4	sim1	nl	sim1_XZ_nl_uncond_mmd_lam10_s4
SCVI	0	mmd	20	1	4	sim1	nl	sim1_XZ_nl_uncond_mmd_lam20_s4
SCVI	0	mmd	100	1	4	sim1	nl	sim1_XZ_nl_uncond_mmd_lam100_s4
SCVI	0	mmd	1000	1	4	sim1	nl	sim1_XZ_nl_uncond_mmd_lam1000_s4
SCVI	0	sinkhorn	0.5	1	4	sim1	nl	sim1_XZ_nl_uncond_sinkhorn_lam0.5_s4
SCVI	0	sinkhorn	1	1	4	sim1	nl	sim1_XZ_nl_uncond_sinkhorn_lam1_s4
SCVI	0	sinkhorn	2	1	4	sim1	nl	sim1_XZ_nl_uncond_sinkhorn_lam2_s4
SCVI	0	sinkhorn	5	1	4	sim1	nl	sim1_XZ_nl_uncond_sinkhorn_lam5_s4
SCVI	0	sinkhorn	10	1	4	sim1	nl	sim1_XZ_nl_uncond_sinkhorn_lam10_s4
SCVI	0	sinkhorn	20	1	4	sim1	nl	sim1_XZ_nl_uncond_sinkhorn_lam20_s4
SCVI	0	sinkhorn	100	1	4	sim1	nl	sim1_XZ_nl_uncond_sinkhorn_lam100_s4
SCVI	0	sinkhorn	1000	1	4	sim1	nl	sim1_XZ_nl_uncond_sinkhorn_lam1000_s4
LinearSCVI	0	mmd	0.5	1	0	sim2	lin	sim2_XZ_lin_uncond_mmd_lam0.5_s0
LinearSCVI	0	mmd	1	1	0	sim2	lin	sim2_XZ_lin_uncond_mmd_lam1_s0
LinearSCVI	0	mmd	2	1	0	sim2	lin	sim2_XZ_lin_uncond_mmd_lam2_s0
LinearSCVI	0	mmd	5	1	0	sim2	lin	sim2_XZ_lin_uncond_mmd_lam5_s0
LinearSCVI	0	mmd	10	1	0	sim2	lin	sim2_XZ_lin_uncond_mmd_lam10_s0
LinearSCVI	0	mmd	20	1	0	sim2	lin	sim2_XZ_lin_uncond_mmd_lam20_s0
LinearSCVI	0	mmd	100	1	0	sim2	lin	sim2_XZ_lin_uncond_mmd_lam100_s0
LinearSCVI	0	mmd	1000	1	0	sim2	lin	sim2_XZ_lin_uncond_mmd_lam1000_s0
LinearSCVI	0	sinkhorn	0.5	1	0	sim2	lin	sim2_XZ_lin_uncond_sinkhorn_lam0.5_s0
LinearSCVI	0	sinkhorn	1	1	0	sim2	lin	sim2_XZ_lin_uncond_sinkhorn_lam1_s0
LinearSCVI	0	sinkhorn	2	1	0	sim2	lin	sim2_XZ_lin_uncond_sinkhorn_lam2_s0
LinearSCVI	0	sinkhorn	5	1	0	sim2	lin	sim2_XZ_lin_uncond_sinkhorn_lam5_s0
LinearSCVI	0	sinkhorn	10	1	0	sim2	lin	sim2_XZ_lin_uncond_sinkhorn_lam10_s0
LinearSCVI	0	sinkhorn	20	1	0	sim2	lin	sim2_XZ_lin_uncond_sinkhorn_lam20_s0
LinearSCVI	0	sinkhorn	100	1	0	sim2	lin	sim2_XZ_lin_uncond_sinkhorn_lam100_s0
LinearSCVI	0	sinkhorn	1000	1	0	sim2	lin	sim2_XZ_lin_uncond_sinkhorn_lam1000_s0
LinearSCVI	0	mmd	0.5	1	1	sim2	lin	sim2_XZ_lin_uncond_mmd_lam0.5_s1
LinearSCVI	0	mmd	1	1	1	sim2	lin	sim2_XZ_lin_uncond_mmd_lam1_s1
LinearSCVI	0	mmd	2	1	1	sim2	lin	sim2_XZ_lin_uncond_mmd_lam2_s1
LinearSCVI	0	mmd	5	1	1	sim2	lin	sim2_XZ_lin_uncond_mmd_lam5_s1
LinearSCVI	0	mmd	10	1	1	sim2	lin	sim2_XZ_lin_uncond_mmd_lam10_s1
LinearSCVI	0	mmd	20	1	1	sim2	lin	sim2_XZ_lin_uncond_mmd_lam20_s1
LinearSCVI	0	mmd	100	1	1	sim2	lin	sim2_XZ_lin_uncond_mmd_lam100_s1
LinearSCVI	0	mmd	1000	1	1	sim2	lin	sim2_XZ_lin_uncond_mmd_lam1000_s1
LinearSCVI	0	sinkhorn	0.5	1	1	sim2	lin	sim2_XZ_lin_uncond_sinkhorn_lam0.5_s1
LinearSCVI	0	sinkhorn	1	1	1	sim2	lin	sim2_XZ_lin_uncond_sinkhorn_lam1_s1
LinearSCVI	0	sinkhorn	2	1	1	sim2	lin	sim2_XZ_lin_uncond_sinkhorn_lam2_s1
LinearSCVI	0	sinkhorn	5	1	1	sim2	lin	sim2_XZ_lin_uncond_sinkhorn_lam5_s1
LinearSCVI	0	sinkhorn	10	1	1	sim2	lin	sim2_XZ_lin_uncond_sinkhorn_lam10_s1
LinearSCVI	0	sinkhorn	20	1	1	sim2	lin	sim2_XZ_lin_uncond_sinkhorn_lam20_s1
LinearSCVI	0	sinkhorn	100	1	1	sim2	lin	sim2_XZ_lin_uncond_sinkhorn_lam100_s1
LinearSCVI	0	sinkhorn	1000	1	1	sim2	lin	sim2_XZ_lin_uncond_sinkhorn_lam1000_s1
LinearSCVI	0	mmd	0.5	1	2	sim2	lin	sim2_XZ_lin_uncond_mmd_lam0.5_s2
LinearSCVI	0	mmd	1	1	2	sim2	lin	sim2_XZ_lin_uncond_mmd_lam1_s2
LinearSCVI	0	mmd	2	1	2	sim2	lin	sim2_XZ_lin_uncond_mmd_lam2_s2
LinearSCVI	0	mmd	5	1	2	sim2	lin	sim2_XZ_lin_uncond_mmd_lam5_s2
LinearSCVI	0	mmd	10	1	2	sim2	lin	sim2_XZ_lin_uncond_mmd_lam10_s2
LinearSCVI	0	mmd	20	1	2	sim2	lin	sim2_XZ_lin_uncond_mmd_lam20_s2
LinearSCVI	0	mmd	100	1	2	sim2	lin	sim2_XZ_lin_uncond_mmd_lam100_s2
LinearSCVI	0	mmd	1000	1	2	sim2	lin	sim2_XZ_lin_uncond_mmd_lam1000_s2
LinearSCVI	0	sinkhorn	0.5	1	2	sim2	lin	sim2_XZ_lin_uncond_sinkhorn_lam0.5_s2
LinearSCVI	0	sinkhorn	1	1	2	sim2	lin	sim2_XZ_lin_uncond_sinkhorn_lam1_s2
LinearSCVI	0	sinkhorn	2	1	2	sim2	lin	sim2_XZ_lin_uncond_sinkhorn_lam2_s2
LinearSCVI	0	sinkhorn	5	1	2	sim2	lin	sim2_XZ_lin_uncond_sinkhorn_lam5_s2
LinearSCVI	0	sinkhorn	10	1	2	sim2	lin	sim2_XZ_lin_uncond_sinkhorn_lam10_s2
LinearSCVI	0	sinkhorn	20	1	2	sim2	lin	sim2_XZ_lin_uncond_sinkhorn_lam20_s2
LinearSCVI	0	sinkhorn	100	1	2	sim2	lin	sim2_XZ_lin_uncond_sinkhorn_lam100_s2
LinearSCVI	0	sinkhorn	1000	1	2	sim2	lin	sim2_XZ_lin_uncond_sinkhorn_lam1000_s2
LinearSCVI	0	mmd	0.5	1	3	sim2	lin	sim2_XZ_lin_uncond_mmd_lam0.5_s3
LinearSCVI	0	mmd	1	1	3	sim2	lin	sim2_XZ_lin_uncond_mmd_lam1_s3
LinearSCVI	0	mmd	2	1	3	sim2	lin	sim2_XZ_lin_uncond_mmd_lam2_s3
LinearSCVI	0	mmd	5	1	3	sim2	lin	sim2_XZ_lin_uncond_mmd_lam5_s3
LinearSCVI	0	mmd	10	1	3	sim2	lin	sim2_XZ_lin_uncond_mmd_lam10_s3
LinearSCVI	0	mmd	20	1	3	sim2	lin	sim2_XZ_lin_uncond_mmd_lam20_s3
LinearSCVI	0	mmd	100	1	3	sim2	lin	sim2_XZ_lin_uncond_mmd_lam100_s3
LinearSCVI	0	mmd	1000	1	3	sim2	lin	sim2_XZ_lin_uncond_mmd_lam1000_s3
LinearSCVI	0	sinkhorn	0.5	1	3	sim2	lin	sim2_XZ_lin_uncond_sinkhorn_lam0.5_s3
LinearSCVI	0	sinkhorn	1	1	3	sim2	lin	sim2_XZ_lin_uncond_sinkhorn_lam1_s3
LinearSCVI	0	sinkhorn	2	1	3	sim2	lin	sim2_XZ_lin_uncond_sinkhorn_lam2_s3
LinearSCVI	0	sinkhorn	5	1	3	sim2	lin	sim2_XZ_lin_uncond_sinkhorn_lam5_s3
LinearSCVI	0	sinkhorn	10	1	3	sim2	lin	sim2_XZ_lin_uncond_sinkhorn_lam10_s3
LinearSCVI	0	sinkhorn	20	1	3	sim2	lin	sim2_XZ_lin_uncond_sinkhorn_lam20_s3
LinearSCVI	0	sinkhorn	100	1	3	sim2	lin	sim2_XZ_lin_uncond_sinkhorn_lam100_s3
LinearSCVI	0	sinkhorn	1000	1	3	sim2	lin	sim2_XZ_lin_uncond_sinkhorn_lam1000_s3
LinearSCVI	0	mmd	0.5	1	4	sim2	lin	sim2_XZ_lin_uncond_mmd_lam0.5_s4
LinearSCVI	0	mmd	1	1	4	sim2	lin	sim2_XZ_lin_uncond_mmd_lam1_s4
LinearSCVI	0	mmd	2	1	4	sim2	lin	sim2_XZ_lin_uncond_mmd_lam2_s4
LinearSCVI	0	mmd	5	1	4	sim2	lin	sim2_XZ_lin_uncond_mmd_lam5_s4
LinearSCVI	0	mmd	10	1	4	sim2	lin	sim2_XZ_lin_uncond_mmd_lam10_s4
LinearSCVI	0	mmd	20	1	4	sim2	lin	sim2_XZ_lin_uncond_mmd_lam20_s4
LinearSCVI	0	mmd	100	1	4	sim2	lin	sim2_XZ_lin_uncond_mmd_lam100_s4
LinearSCVI	0	mmd	1000	1	4	sim2	lin	sim2_XZ_lin_uncond_mmd_lam1000_s4
LinearSCVI	0	sinkhorn	0.5	1	4	sim2	lin	sim2_XZ_lin_uncond_sinkhorn_lam0.5_s4
LinearSCVI	0	sinkhorn	1	1	4	sim2	lin	sim2_XZ_lin_uncond_sinkhorn_lam1_s4
LinearSCVI	0	sinkhorn	2	1	4	sim2	lin	sim2_XZ_lin_uncond_sinkhorn_lam2_s4
LinearSCVI	0	sinkhorn	5	1	4	sim2	lin	sim2_XZ_lin_uncond_sinkhorn_lam5_s4
LinearSCVI	0	sinkhorn	10	1	4	sim2	lin	sim2_XZ_lin_uncond_sinkhorn_lam10_s4
LinearSCVI	0	sinkhorn	20	1	4	sim2	lin	sim2_XZ_lin_uncond_sinkhorn_lam20_s4
LinearSCVI	0	sinkhorn	100	1	4	sim2	lin	sim2_XZ_lin_uncond_sinkhorn_lam100_s4
LinearSCVI	0	sinkhorn	1000	1	4	sim2	lin	sim2_XZ_lin_uncond_sinkhorn_lam1000_s4
SCVI	0	mmd	0.5	1	0	sim2	nl	sim2_XZ_nl_uncond_mmd_lam0.5_s0
SCVI	0	mmd	1	1	0	sim2	nl	sim2_XZ_nl_uncond_mmd_lam1_s0
SCVI	0	mmd	2	1	0	sim2	nl	sim2_XZ_nl_uncond_mmd_lam2_s0
SCVI	0	mmd	5	1	0	sim2	nl	sim2_XZ_nl_uncond_mmd_lam5_s0
SCVI	0	mmd	10	1	0	sim2	nl	sim2_XZ_nl_uncond_mmd_lam10_s0
SCVI	0	mmd	20	1	0	sim2	nl	sim2_XZ_nl_uncond_mmd_lam20_s0
SCVI	0	mmd	100	1	0	sim2	nl	sim2_XZ_nl_uncond_mmd_lam100_s0
SCVI	0	mmd	1000	1	0	sim2	nl	sim2_XZ_nl_uncond_mmd_lam1000_s0
SCVI	0	sinkhorn	0.5	1	0	sim2	nl	sim2_XZ_nl_uncond_sinkhorn_lam0.5_s0
SCVI	0	sinkhorn	1	1	0	sim2	nl	sim2_XZ_nl_uncond_sinkhorn_lam1_s0
SCVI	0	sinkhorn	2	1	0	sim2	nl	sim2_XZ_nl_uncond_sinkhorn_lam2_s0
SCVI	0	sinkhorn	5	1	0	sim2	nl	sim2_XZ_nl_uncond_sinkhorn_lam5_s0
SCVI	0	sinkhorn	10	1	0	sim2	nl	sim2_XZ_nl_uncond_sinkhorn_lam10_s0
SCVI	0	sinkhorn	20	1	0	sim2	nl	sim2_XZ_nl_uncond_sinkhorn_lam20_s0
SCVI	0	sinkhorn	100	1	0	sim2	nl	sim2_XZ_nl_uncond_sinkhorn_lam100_s0
SCVI	0	sinkhorn	1000	1	0	sim2	nl	sim2_XZ_nl_uncond_sinkhorn_lam1000_s0
SCVI	0	mmd	0.5	1	1	sim2	nl	sim2_XZ_nl_uncond_mmd_lam0.5_s1
SCVI	0	mmd	1	1	1	sim2	nl	sim2_XZ_nl_uncond_mmd_lam1_s1
SCVI	0	mmd	2	1	1	sim2	nl	sim2_XZ_nl_uncond_mmd_lam2_s1
SCVI	0	mmd	5	1	1	sim2	nl	sim2_XZ_nl_uncond_mmd_lam5_s1
SCVI	0	mmd	10	1	1	sim2	nl	sim2_XZ_nl_uncond_mmd_lam10_s1
SCVI	0	mmd	20	1	1	sim2	nl	sim2_XZ_nl_uncond_mmd_lam20_s1
SCVI	0	mmd	100	1	1	sim2	nl	sim2_XZ_nl_uncond_mmd_lam100_s1
SCVI	0	mmd	1000	1	1	sim2	nl	sim2_XZ_nl_uncond_mmd_lam1000_s1
SCVI	0	sinkhorn	0.5	1	1	sim2	nl	sim2_XZ_nl_uncond_sinkhorn_lam0.5_s1
SCVI	0	sinkhorn	1	1	1	sim2	nl	sim2_XZ_nl_uncond_sinkhorn_lam1_s1
SCVI	0	sinkhorn	2	1	1	sim2	nl	sim2_XZ_nl_uncond_sinkhorn_lam2_s1
SCVI	0	sinkhorn	5	1	1	sim2	nl	sim2_XZ_nl_uncond_sinkhorn_lam5_s1
SCVI	0	sinkhorn	10	1	1	sim2	nl	sim2_XZ_nl_uncond_sinkhorn_lam10_s1
SCVI	0	sinkhorn	20	1	1	sim2	nl	sim2_XZ_nl_uncond_sinkhorn_lam20_s1
SCVI	0	sinkhorn	100	1	1	sim2	nl	sim2_XZ_nl_uncond_sinkhorn_lam100_s1
SCVI	0	sinkhorn	1000	1	1	sim2	nl	sim2_XZ_nl_uncond_sinkhorn_lam1000_s1
SCVI	0	mmd	0.5	1	2	sim2	nl	sim2_XZ_nl_uncond_mmd_lam0.5_s2
SCVI	0	mmd	1	1	2	sim2	nl	sim2_XZ_nl_uncond_mmd_lam1_s2
SCVI	0	mmd	2	1	2	sim2	nl	sim2_XZ_nl_uncond_mmd_lam2_s2
SCVI	0	mmd	5	1	2	sim2	nl	sim2_XZ_nl_uncond_mmd_lam5_s2
SCVI	0	mmd	10	1	2	sim2	nl	sim2_XZ_nl_uncond_mmd_lam10_s2
SCVI	0	mmd	20	1	2	sim2	nl	sim2_XZ_nl_uncond_mmd_lam20_s2
SCVI	0	mmd	100	1	2	sim2	nl	sim2_XZ_nl_uncond_mmd_lam100_s2
SCVI	0	mmd	1000	1	2	sim2	nl	sim2_XZ_nl_uncond_mmd_lam1000_s2
SCVI	0	sinkhorn	0.5	1	2	sim2	nl	sim2_XZ_nl_uncond_sinkhorn_lam0.5_s2
SCVI	0	sinkhorn	1	1	2	sim2	nl	sim2_XZ_nl_uncond_sinkhorn_lam1_s2
SCVI	0	sinkhorn	2	1	2	sim2	nl	sim2_XZ_nl_uncond_sinkhorn_lam2_s2
SCVI	0	sinkhorn	5	1	2	sim2	nl	sim2_XZ_nl_uncond_sinkhorn_lam5_s2
SCVI	0	sinkhorn	10	1	2	sim2	nl	sim2_XZ_nl_uncond_sinkhorn_lam10_s2
SCVI	0	sinkhorn	20	1	2	sim2	nl	sim2_XZ_nl_uncond_sinkhorn_lam20_s2
SCVI	0	sinkhorn	100	1	2	sim2	nl	sim2_XZ_nl_uncond_sinkhorn_lam100_s2
SCVI	0	sinkhorn	1000	1	2	sim2	nl	sim2_XZ_nl_uncond_sinkhorn_lam1000_s2
SCVI	0	mmd	0.5	1	3	sim2	nl	sim2_XZ_nl_uncond_mmd_lam0.5_s3
SCVI	0	mmd	1	1	3	sim2	nl	sim2_XZ_nl_uncond_mmd_lam1_s3
SCVI	0	mmd	2	1	3	sim2	nl	sim2_XZ_nl_uncond_mmd_lam2_s3
SCVI	0	mmd	5	1	3	sim2	nl	sim2_XZ_nl_uncond_mmd_lam5_s3
SCVI	0	mmd	10	1	3	sim2	nl	sim2_XZ_nl_uncond_mmd_lam10_s3
SCVI	0	mmd	20	1	3	sim2	nl	sim2_XZ_nl_uncond_mmd_lam20_s3
SCVI	0	mmd	100	1	3	sim2	nl	sim2_XZ_nl_uncond_mmd_lam100_s3
SCVI	0	mmd	1000	1	3	sim2	nl	sim2_XZ_nl_uncond_mmd_lam1000_s3
SCVI	0	sinkhorn	0.5	1	3	sim2	nl	sim2_XZ_nl_uncond_sinkhorn_lam0.5_s3
SCVI	0	sinkhorn	1	1	3	sim2	nl	sim2_XZ_nl_uncond_sinkhorn_lam1_s3
SCVI	0	sinkhorn	2	1	3	sim2	nl	sim2_XZ_nl_uncond_sinkhorn_lam2_s3
SCVI	0	sinkhorn	5	1	3	sim2	nl	sim2_XZ_nl_uncond_sinkhorn_lam5_s3
SCVI	0	sinkhorn	10	1	3	sim2	nl	sim2_XZ_nl_uncond_sinkhorn_lam10_s3
SCVI	0	sinkhorn	20	1	3	sim2	nl	sim2_XZ_nl_uncond_sinkhorn_lam20_s3
SCVI	0	sinkhorn	100	1	3	sim2	nl	sim2_XZ_nl_uncond_sinkhorn_lam100_s3
SCVI	0	sinkhorn	1000	1	3	sim2	nl	sim2_XZ_nl_uncond_sinkhorn_lam1000_s3
SCVI	0	mmd	0.5	1	4	sim2	nl	sim2_XZ_nl_uncond_mmd_lam0.5_s4
SCVI	0	mmd	1	1	4	sim2	nl	sim2_XZ_nl_uncond_mmd_lam1_s4
SCVI	0	mmd	2	1	4	sim2	nl	sim2_XZ_nl_uncond_mmd_lam2_s4
SCVI	0	mmd	5	1	4	sim2	nl	sim2_XZ_nl_uncond_mmd_lam5_s4
SCVI	0	mmd	10	1	4	sim2	nl	sim2_XZ_nl_uncond_mmd_lam10_s4
SCVI	0	mmd	20	1	4	sim2	nl	sim2_XZ_nl_uncond_mmd_lam20_s4
SCVI	0	mmd	100	1	4	sim2	nl	sim2_XZ_nl_uncond_mmd_lam100_s4
SCVI	0	mmd	1000	1	4	sim2	nl	sim2_XZ_nl_uncond_mmd_lam1000_s4
SCVI	0	sinkhorn	0.5	1	4	sim2	nl	sim2_XZ_nl_uncond_sinkhorn_lam0.5_s4
SCVI	0	sinkhorn	1	1	4	sim2	nl	sim2_XZ_nl_uncond_sinkhorn_lam1_s4
SCVI	0	sinkhorn	2	1	4	sim2	nl	sim2_XZ_nl_uncond_sinkhorn_lam2_s4
SCVI	0	sinkhorn	5	1	4	sim2	nl	sim2_XZ_nl_uncond_sinkhorn_lam5_s4
SCVI	0	sinkhorn	10	1	4	sim2	nl	sim2_XZ_nl_uncond_sinkhorn_lam10_s4
SCVI	0	sinkhorn	20	1	4	sim2	nl	sim2_XZ_nl_uncond_sinkhorn_lam20_s4
SCVI	0	sinkhorn	100	1	4	sim2	nl	sim2_XZ_nl_uncond_sinkhorn_lam100_s4
SCVI	0	sinkhorn	1000	1	4	sim2	nl	sim2_XZ_nl_uncond_sinkhorn_lam1000_s4
LinearSCVI	0	mmd	0.5	1	0	atac_small	lin	atac_small_XZ_lin_uncond_mmd_lam0.5_s0
LinearSCVI	0	mmd	1	1	0	atac_small	lin	atac_small_XZ_lin_uncond_mmd_lam1_s0
LinearSCVI	0	mmd	2	1	0	atac_small	lin	atac_small_XZ_lin_uncond_mmd_lam2_s0
LinearSCVI	0	mmd	5	1	0	atac_small	lin	atac_small_XZ_lin_uncond_mmd_lam5_s0
LinearSCVI	0	mmd	10	1	0	atac_small	lin	atac_small_XZ_lin_uncond_mmd_lam10_s0
LinearSCVI	0	mmd	20	1	0	atac_small	lin	atac_small_XZ_lin_uncond_mmd_lam20_s0
LinearSCVI	0	mmd	100	1	0	atac_small	lin	atac_small_XZ_lin_uncond_mmd_lam100_s0
LinearSCVI	0	mmd	1000	1	0	atac_small	lin	atac_small_XZ_lin_uncond_mmd_lam1000_s0
LinearSCVI	0	sinkhorn	0.5	1	0	atac_small	lin	atac_small_XZ_lin_uncond_sinkhorn_lam0.5_s0
LinearSCVI	0	sinkhorn	1	1	0	atac_small	lin	atac_small_XZ_lin_uncond_sinkhorn_lam1_s0
LinearSCVI	0	sinkhorn	2	1	0	atac_small	lin	atac_small_XZ_lin_uncond_sinkhorn_lam2_s0
LinearSCVI	0	sinkhorn	5	1	0	atac_small	lin	atac_small_XZ_lin_uncond_sinkhorn_lam5_s0
LinearSCVI	0	sinkhorn	10	1	0	atac_small	lin	atac_small_XZ_lin_uncond_sinkhorn_lam10_s0
LinearSCVI	0	sinkhorn	20	1	0	atac_small	lin	atac_small_XZ_lin_uncond_sinkhorn_lam20_s0
LinearSCVI	0	sinkhorn	100	1	0	atac_small	lin	atac_small_XZ_lin_uncond_sinkhorn_lam100_s0
LinearSCVI	0	sinkhorn	1000	1	0	atac_small	lin	atac_small_XZ_lin_uncond_sinkhorn_lam1000_s0
LinearSCVI	0	mmd	0.5	1	1	atac_small	lin	atac_small_XZ_lin_uncond_mmd_lam0.5_s1
LinearSCVI	0	mmd	1	1	1	atac_small	lin	atac_small_XZ_lin_uncond_mmd_lam1_s1
LinearSCVI	0	mmd	2	1	1	atac_small	lin	atac_small_XZ_lin_uncond_mmd_lam2_s1
LinearSCVI	0	mmd	5	1	1	atac_small	lin	atac_small_XZ_lin_uncond_mmd_lam5_s1
LinearSCVI	0	mmd	10	1	1	atac_small	lin	atac_small_XZ_lin_uncond_mmd_lam10_s1
LinearSCVI	0	mmd	20	1	1	atac_small	lin	atac_small_XZ_lin_uncond_mmd_lam20_s1
LinearSCVI	0	mmd	100	1	1	atac_small	lin	atac_small_XZ_lin_uncond_mmd_lam100_s1
LinearSCVI	0	mmd	1000	1	1	atac_small	lin	atac_small_XZ_lin_uncond_mmd_lam1000_s1
LinearSCVI	0	sinkhorn	0.5	1	1	atac_small	lin	atac_small_XZ_lin_uncond_sinkhorn_lam0.5_s1
LinearSCVI	0	sinkhorn	1	1	1	atac_small	lin	atac_small_XZ_lin_uncond_sinkhorn_lam1_s1
LinearSCVI	0	sinkhorn	2	1	1	atac_small	lin	atac_small_XZ_lin_uncond_sinkhorn_lam2_s1
LinearSCVI	0	sinkhorn	5	1	1	atac_small	lin	atac_small_XZ_lin_uncond_sinkhorn_lam5_s1
LinearSCVI	0	sinkhorn	10	1	1	atac_small	lin	atac_small_XZ_lin_uncond_sinkhorn_lam10_s1
LinearSCVI	0	sinkhorn	20	1	1	atac_small	lin	atac_small_XZ_lin_uncond_sinkhorn_lam20_s1
LinearSCVI	0	sinkhorn	100	1	1	atac_small	lin	atac_small_XZ_lin_uncond_sinkhorn_lam100_s1
LinearSCVI	0	sinkhorn	1000	1	1	atac_small	lin	atac_small_XZ_lin_uncond_sinkhorn_lam1000_s1
LinearSCVI	0	mmd	0.5	1	2	atac_small	lin	atac_small_XZ_lin_uncond_mmd_lam0.5_s2
LinearSCVI	0	mmd	1	1	2	atac_small	lin	atac_small_XZ_lin_uncond_mmd_lam1_s2
LinearSCVI	0	mmd	2	1	2	atac_small	lin	atac_small_XZ_lin_uncond_mmd_lam2_s2
LinearSCVI	0	mmd	5	1	2	atac_small	lin	atac_small_XZ_lin_uncond_mmd_lam5_s2
LinearSCVI	0	mmd	10	1	2	atac_small	lin	atac_small_XZ_lin_uncond_mmd_lam10_s2
LinearSCVI	0	mmd	20	1	2	atac_small	lin	atac_small_XZ_lin_uncond_mmd_lam20_s2
LinearSCVI	0	mmd	100	1	2	atac_small	lin	atac_small_XZ_lin_uncond_mmd_lam100_s2
LinearSCVI	0	mmd	1000	1	2	atac_small	lin	atac_small_XZ_lin_uncond_mmd_lam1000_s2
LinearSCVI	0	sinkhorn	0.5	1	2	atac_small	lin	atac_small_XZ_lin_uncond_sinkhorn_lam0.5_s2
LinearSCVI	0	sinkhorn	1	1	2	atac_small	lin	atac_small_XZ_lin_uncond_sinkhorn_lam1_s2
LinearSCVI	0	sinkhorn	2	1	2	atac_small	lin	atac_small_XZ_lin_uncond_sinkhorn_lam2_s2
LinearSCVI	0	sinkhorn	5	1	2	atac_small	lin	atac_small_XZ_lin_uncond_sinkhorn_lam5_s2
LinearSCVI	0	sinkhorn	10	1	2	atac_small	lin	atac_small_XZ_lin_uncond_sinkhorn_lam10_s2
LinearSCVI	0	sinkhorn	20	1	2	atac_small	lin	atac_small_XZ_lin_uncond_sinkhorn_lam20_s2
LinearSCVI	0	sinkhorn	100	1	2	atac_small	lin	atac_small_XZ_lin_uncond_sinkhorn_lam100_s2
LinearSCVI	0	sinkhorn	1000	1	2	atac_small	lin	atac_small_XZ_lin_uncond_sinkhorn_lam1000_s2
LinearSCVI	0	mmd	0.5	1	3	atac_small	lin	atac_small_XZ_lin_uncond_mmd_lam0.5_s3
LinearSCVI	0	mmd	1	1	3	atac_small	lin	atac_small_XZ_lin_uncond_mmd_lam1_s3
LinearSCVI	0	mmd	2	1	3	atac_small	lin	atac_small_XZ_lin_uncond_mmd_lam2_s3
LinearSCVI	0	mmd	5	1	3	atac_small	lin	atac_small_XZ_lin_uncond_mmd_lam5_s3
LinearSCVI	0	mmd	10	1	3	atac_small	lin	atac_small_XZ_lin_uncond_mmd_lam10_s3
LinearSCVI	0	mmd	20	1	3	atac_small	lin	atac_small_XZ_lin_uncond_mmd_lam20_s3
LinearSCVI	0	mmd	100	1	3	atac_small	lin	atac_small_XZ_lin_uncond_mmd_lam100_s3
LinearSCVI	0	mmd	1000	1	3	atac_small	lin	atac_small_XZ_lin_uncond_mmd_lam1000_s3
LinearSCVI	0	sinkhorn	0.5	1	3	atac_small	lin	atac_small_XZ_lin_uncond_sinkhorn_lam0.5_s3
LinearSCVI	0	sinkhorn	1	1	3	atac_small	lin	atac_small_XZ_lin_uncond_sinkhorn_lam1_s3
LinearSCVI	0	sinkhorn	2	1	3	atac_small	lin	atac_small_XZ_lin_uncond_sinkhorn_lam2_s3
LinearSCVI	0	sinkhorn	5	1	3	atac_small	lin	atac_small_XZ_lin_uncond_sinkhorn_lam5_s3
LinearSCVI	0	sinkhorn	10	1	3	atac_small	lin	atac_small_XZ_lin_uncond_sinkhorn_lam10_s3
LinearSCVI	0	sinkhorn	20	1	3	atac_small	lin	atac_small_XZ_lin_uncond_sinkhorn_lam20_s3
LinearSCVI	0	sinkhorn	100	1	3	atac_small	lin	atac_small_XZ_lin_uncond_sinkhorn_lam100_s3
LinearSCVI	0	sinkhorn	1000	1	3	atac_small	lin	atac_small_XZ_lin_uncond_sinkhorn_lam1000_s3
LinearSCVI	0	mmd	0.5	1	4	atac_small	lin	atac_small_XZ_lin_uncond_mmd_lam0.5_s4
LinearSCVI	0	mmd	1	1	4	atac_small	lin	atac_small_XZ_lin_uncond_mmd_lam1_s4
LinearSCVI	0	mmd	2	1	4	atac_small	lin	atac_small_XZ_lin_uncond_mmd_lam2_s4
LinearSCVI	0	mmd	5	1	4	atac_small	lin	atac_small_XZ_lin_uncond_mmd_lam5_s4
LinearSCVI	0	mmd	10	1	4	atac_small	lin	atac_small_XZ_lin_uncond_mmd_lam10_s4
LinearSCVI	0	mmd	20	1	4	atac_small	lin	atac_small_XZ_lin_uncond_mmd_lam20_s4
LinearSCVI	0	mmd	100	1	4	atac_small	lin	atac_small_XZ_lin_uncond_mmd_lam100_s4
LinearSCVI	0	mmd	1000	1	4	atac_small	lin	atac_small_XZ_lin_uncond_mmd_lam1000_s4
LinearSCVI	0	sinkhorn	0.5	1	4	atac_small	lin	atac_small_XZ_lin_uncond_sinkhorn_lam0.5_s4
LinearSCVI	0	sinkhorn	1	1	4	atac_small	lin	atac_small_XZ_lin_uncond_sinkhorn_lam1_s4
LinearSCVI	0	sinkhorn	2	1	4	atac_small	lin	atac_small_XZ_lin_uncond_sinkhorn_lam2_s4
LinearSCVI	0	sinkhorn	5	1	4	atac_small	lin	atac_small_XZ_lin_uncond_sinkhorn_lam5_s4
LinearSCVI	0	sinkhorn	10	1	4	atac_small	lin	atac_small_XZ_lin_uncond_sinkhorn_lam10_s4
LinearSCVI	0	sinkhorn	20	1	4	atac_small	lin	atac_small_XZ_lin_uncond_sinkhorn_lam20_s4
LinearSCVI	0	sinkhorn	100	1	4	atac_small	lin	atac_small_XZ_lin_uncond_sinkhorn_lam100_s4
LinearSCVI	0	sinkhorn	1000	1	4	atac_small	lin	atac_small_XZ_lin_uncond_sinkhorn_lam1000_s4
SCVI	0	mmd	0.5	1	0	atac_small	nl	atac_small_XZ_nl_uncond_mmd_lam0.5_s0
SCVI	0	mmd	1	1	0	atac_small	nl	atac_small_XZ_nl_uncond_mmd_lam1_s0
SCVI	0	mmd	2	1	0	atac_small	nl	atac_small_XZ_nl_uncond_mmd_lam2_s0
SCVI	0	mmd	5	1	0	atac_small	nl	atac_small_XZ_nl_uncond_mmd_lam5_s0
SCVI	0	mmd	10	1	0	atac_small	nl	atac_small_XZ_nl_uncond_mmd_lam10_s0
SCVI	0	mmd	20	1	0	atac_small	nl	atac_small_XZ_nl_uncond_mmd_lam20_s0
SCVI	0	mmd	100	1	0	atac_small	nl	atac_small_XZ_nl_uncond_mmd_lam100_s0
SCVI	0	mmd	1000	1	0	atac_small	nl	atac_small_XZ_nl_uncond_mmd_lam1000_s0
SCVI	0	sinkhorn	0.5	1	0	atac_small	nl	atac_small_XZ_nl_uncond_sinkhorn_lam0.5_s0
SCVI	0	sinkhorn	1	1	0	atac_small	nl	atac_small_XZ_nl_uncond_sinkhorn_lam1_s0
SCVI	0	sinkhorn	2	1	0	atac_small	nl	atac_small_XZ_nl_uncond_sinkhorn_lam2_s0
SCVI	0	sinkhorn	5	1	0	atac_small	nl	atac_small_XZ_nl_uncond_sinkhorn_lam5_s0
SCVI	0	sinkhorn	10	1	0	atac_small	nl	atac_small_XZ_nl_uncond_sinkhorn_lam10_s0
SCVI	0	sinkhorn	20	1	0	atac_small	nl	atac_small_XZ_nl_uncond_sinkhorn_lam20_s0
SCVI	0	sinkhorn	100	1	0	atac_small	nl	atac_small_XZ_nl_uncond_sinkhorn_lam100_s0
SCVI	0	sinkhorn	1000	1	0	atac_small	nl	atac_small_XZ_nl_uncond_sinkhorn_lam1000_s0
SCVI	0	mmd	0.5	1	1	atac_small	nl	atac_small_XZ_nl_uncond_mmd_lam0.5_s1
SCVI	0	mmd	1	1	1	atac_small	nl	atac_small_XZ_nl_uncond_mmd_lam1_s1
SCVI	0	mmd	2	1	1	atac_small	nl	atac_small_XZ_nl_uncond_mmd_lam2_s1
SCVI	0	mmd	5	1	1	atac_small	nl	atac_small_XZ_nl_uncond_mmd_lam5_s1
SCVI	0	mmd	10	1	1	atac_small	nl	atac_small_XZ_nl_uncond_mmd_lam10_s1
SCVI	0	mmd	20	1	1	atac_small	nl	atac_small_XZ_nl_uncond_mmd_lam20_s1
SCVI	0	mmd	100	1	1	atac_small	nl	atac_small_XZ_nl_uncond_mmd_lam100_s1
SCVI	0	mmd	1000	1	1	atac_small	nl	atac_small_XZ_nl_uncond_mmd_lam1000_s1
SCVI	0	sinkhorn	0.5	1	1	atac_small	nl	atac_small_XZ_nl_uncond_sinkhorn_lam0.5_s1
SCVI	0	sinkhorn	1	1	1	atac_small	nl	atac_small_XZ_nl_uncond_sinkhorn_lam1_s1
SCVI	0	sinkhorn	2	1	1	atac_small	nl	atac_small_XZ_nl_uncond_sinkhorn_lam2_s1
SCVI	0	sinkhorn	5	1	1	atac_small	nl	atac_small_XZ_nl_uncond_sinkhorn_lam5_s1
SCVI	0	sinkhorn	10	1	1	atac_small	nl	atac_small_XZ_nl_uncond_sinkhorn_lam10_s1
SCVI	0	sinkhorn	20	1	1	atac_small	nl	atac_small_XZ_nl_uncond_sinkhorn_lam20_s1
SCVI	0	sinkhorn	100	1	1	atac_small	nl	atac_small_XZ_nl_uncond_sinkhorn_lam100_s1
SCVI	0	sinkhorn	1000	1	1	atac_small	nl	atac_small_XZ_nl_uncond_sinkhorn_lam1000_s1
SCVI	0	mmd	0.5	1	2	atac_small	nl	atac_small_XZ_nl_uncond_mmd_lam0.5_s2
SCVI	0	mmd	1	1	2	atac_small	nl	atac_small_XZ_nl_uncond_mmd_lam1_s2
SCVI	0	mmd	2	1	2	atac_small	nl	atac_small_XZ_nl_uncond_mmd_lam2_s2
SCVI	0	mmd	5	1	2	atac_small	nl	atac_small_XZ_nl_uncond_mmd_lam5_s2
SCVI	0	mmd	10	1	2	atac_small	nl	atac_small_XZ_nl_uncond_mmd_lam10_s2
SCVI	0	mmd	20	1	2	atac_small	nl	atac_small_XZ_nl_uncond_mmd_lam20_s2
SCVI	0	mmd	100	1	2	atac_small	nl	atac_small_XZ_nl_uncond_mmd_lam100_s2
SCVI	0	mmd	1000	1	2	atac_small	nl	atac_small_XZ_nl_uncond_mmd_lam1000_s2
SCVI	0	sinkhorn	0.5	1	2	atac_small	nl	atac_small_XZ_nl_uncond_sinkhorn_lam0.5_s2
SCVI	0	sinkhorn	1	1	2	atac_small	nl	atac_small_XZ_nl_uncond_sinkhorn_lam1_s2
SCVI	0	sinkhorn	2	1	2	atac_small	nl	atac_small_XZ_nl_uncond_sinkhorn_lam2_s2
SCVI	0	sinkhorn	5	1	2	atac_small	nl	atac_small_XZ_nl_uncond_sinkhorn_lam5_s2
SCVI	0	sinkhorn	10	1	2	atac_small	nl	atac_small_XZ_nl_uncond_sinkhorn_lam10_s2
SCVI	0	sinkhorn	20	1	2	atac_small	nl	atac_small_XZ_nl_uncond_sinkhorn_lam20_s2
SCVI	0	sinkhorn	100	1	2	atac_small	nl	atac_small_XZ_nl_uncond_sinkhorn_lam100_s2
SCVI	0	sinkhorn	1000	1	2	atac_small	nl	atac_small_XZ_nl_uncond_sinkhorn_lam1000_s2
SCVI	0	mmd	0.5	1	3	atac_small	nl	atac_small_XZ_nl_uncond_mmd_lam0.5_s3
SCVI	0	mmd	1	1	3	atac_small	nl	atac_small_XZ_nl_uncond_mmd_lam1_s3
SCVI	0	mmd	2	1	3	atac_small	nl	atac_small_XZ_nl_uncond_mmd_lam2_s3
SCVI	0	mmd	5	1	3	atac_small	nl	atac_small_XZ_nl_uncond_mmd_lam5_s3
SCVI	0	mmd	10	1	3	atac_small	nl	atac_small_XZ_nl_uncond_mmd_lam10_s3
SCVI	0	mmd	20	1	3	atac_small	nl	atac_small_XZ_nl_uncond_mmd_lam20_s3
SCVI	0	mmd	100	1	3	atac_small	nl	atac_small_XZ_nl_uncond_mmd_lam100_s3
SCVI	0	mmd	1000	1	3	atac_small	nl	atac_small_XZ_nl_uncond_mmd_lam1000_s3
SCVI	0	sinkhorn	0.5	1	3	atac_small	nl	atac_small_XZ_nl_uncond_sinkhorn_lam0.5_s3
SCVI	0	sinkhorn	1	1	3	atac_small	nl	atac_small_XZ_nl_uncond_sinkhorn_lam1_s3
SCVI	0	sinkhorn	2	1	3	atac_small	nl	atac_small_XZ_nl_uncond_sinkhorn_lam2_s3
SCVI	0	sinkhorn	5	1	3	atac_small	nl	atac_small_XZ_nl_uncond_sinkhorn_lam5_s3
SCVI	0	sinkhorn	10	1	3	atac_small	nl	atac_small_XZ_nl_uncond_sinkhorn_lam10_s3
SCVI	0	sinkhorn	20	1	3	atac_small	nl	atac_small_XZ_nl_uncond_sinkhorn_lam20_s3
SCVI	0	sinkhorn	100	1	3	atac_small	nl	atac_small_XZ_nl_uncond_sinkhorn_lam100_s3
SCVI	0	sinkhorn	1000	1	3	atac_small	nl	atac_small_XZ_nl_uncond_sinkhorn_lam1000_s3
SCVI	0	mmd	0.5	1	4	atac_small	nl	atac_small_XZ_nl_uncond_mmd_lam0.5_s4
SCVI	0	mmd	1	1	4	atac_small	nl	atac_small_XZ_nl_uncond_mmd_lam1_s4
SCVI	0	mmd	2	1	4	atac_small	nl	atac_small_XZ_nl_uncond_mmd_lam2_s4
SCVI	0	mmd	5	1	4	atac_small	nl	atac_small_XZ_nl_uncond_mmd_lam5_s4
SCVI	0	mmd	10	1	4	atac_small	nl	atac_small_XZ_nl_uncond_mmd_lam10_s4
SCVI	0	mmd	20	1	4	atac_small	nl	atac_small_XZ_nl_uncond_mmd_lam20_s4
SCVI	0	mmd	100	1	4	atac_small	nl	atac_small_XZ_nl_uncond_mmd_lam100_s4
SCVI	0	mmd	1000	1	4	atac_small	nl	atac_small_XZ_nl_uncond_mmd_lam1000_s4
SCVI	0	sinkhorn	0.5	1	4	atac_small	nl	atac_small_XZ_nl_uncond_sinkhorn_lam0.5_s4
SCVI	0	sinkhorn	1	1	4	atac_small	nl	atac_small_XZ_nl_uncond_sinkhorn_lam1_s4
SCVI	0	sinkhorn	2	1	4	atac_small	nl	atac_small_XZ_nl_uncond_sinkhorn_lam2_s4
SCVI	0	sinkhorn	5	1	4	atac_small	nl	atac_small_XZ_nl_uncond_sinkhorn_lam5_s4
SCVI	0	sinkhorn	10	1	4	atac_small	nl	atac_small_XZ_nl_uncond_sinkhorn_lam10_s4
SCVI	0	sinkhorn	20	1	4	atac_small	nl	atac_small_XZ_nl_uncond_sinkhorn_lam20_s4
SCVI	0	sinkhorn	100	1	4	atac_small	nl	atac_small_XZ_nl_uncond_sinkhorn_lam100_s4
SCVI	0	sinkhorn	1000	1	4	atac_small	nl	atac_small_XZ_nl_uncond_sinkhorn_lam1000_s4
LinearSCVI	0	mmd	0.5	1	0	immune_hum_mou	lin	immune_hum_mou_XZ_lin_uncond_mmd_lam0.5_s0
LinearSCVI	0	mmd	1	1	0	immune_hum_mou	lin	immune_hum_mou_XZ_lin_uncond_mmd_lam1_s0
LinearSCVI	0	mmd	2	1	0	immune_hum_mou	lin	immune_hum_mou_XZ_lin_uncond_mmd_lam2_s0
LinearSCVI	0	mmd	5	1	0	immune_hum_mou	lin	immune_hum_mou_XZ_lin_uncond_mmd_lam5_s0
LinearSCVI	0	mmd	10	1	0	immune_hum_mou	lin	immune_hum_mou_XZ_lin_uncond_mmd_lam10_s0
LinearSCVI	0	mmd	20	1	0	immune_hum_mou	lin	immune_hum_mou_XZ_lin_uncond_mmd_lam20_s0
LinearSCVI	0	mmd	100	1	0	immune_hum_mou	lin	immune_hum_mou_XZ_lin_uncond_mmd_lam100_s0
LinearSCVI	0	mmd	1000	1	0	immune_hum_mou	lin	immune_hum_mou_XZ_lin_uncond_mmd_lam1000_s0
LinearSCVI	0	sinkhorn	0.5	1	0	immune_hum_mou	lin	immune_hum_mou_XZ_lin_uncond_sinkhorn_lam0.5_s0
LinearSCVI	0	sinkhorn	1	1	0	immune_hum_mou	lin	immune_hum_mou_XZ_lin_uncond_sinkhorn_lam1_s0
LinearSCVI	0	sinkhorn	2	1	0	immune_hum_mou	lin	immune_hum_mou_XZ_lin_uncond_sinkhorn_lam2_s0
LinearSCVI	0	sinkhorn	5	1	0	immune_hum_mou	lin	immune_hum_mou_XZ_lin_uncond_sinkhorn_lam5_s0
LinearSCVI	0	sinkhorn	10	1	0	immune_hum_mou	lin	immune_hum_mou_XZ_lin_uncond_sinkhorn_lam10_s0
LinearSCVI	0	sinkhorn	20	1	0	immune_hum_mou	lin	immune_hum_mou_XZ_lin_uncond_sinkhorn_lam20_s0
LinearSCVI	0	sinkhorn	100	1	0	immune_hum_mou	lin	immune_hum_mou_XZ_lin_uncond_sinkhorn_lam100_s0
LinearSCVI	0	sinkhorn	1000	1	0	immune_hum_mou	lin	immune_hum_mou_XZ_lin_uncond_sinkhorn_lam1000_s0
LinearSCVI	0	mmd	0.5	1	1	immune_hum_mou	lin	immune_hum_mou_XZ_lin_uncond_mmd_lam0.5_s1
LinearSCVI	0	mmd	1	1	1	immune_hum_mou	lin	immune_hum_mou_XZ_lin_uncond_mmd_lam1_s1
LinearSCVI	0	mmd	2	1	1	immune_hum_mou	lin	immune_hum_mou_XZ_lin_uncond_mmd_lam2_s1
LinearSCVI	0	mmd	5	1	1	immune_hum_mou	lin	immune_hum_mou_XZ_lin_uncond_mmd_lam5_s1
LinearSCVI	0	mmd	10	1	1	immune_hum_mou	lin	immune_hum_mou_XZ_lin_uncond_mmd_lam10_s1
LinearSCVI	0	mmd	20	1	1	immune_hum_mou	lin	immune_hum_mou_XZ_lin_uncond_mmd_lam20_s1
LinearSCVI	0	mmd	100	1	1	immune_hum_mou	lin	immune_hum_mou_XZ_lin_uncond_mmd_lam100_s1
LinearSCVI	0	mmd	1000	1	1	immune_hum_mou	lin	immune_hum_mou_XZ_lin_uncond_mmd_lam1000_s1
LinearSCVI	0	sinkhorn	0.5	1	1	immune_hum_mou	lin	immune_hum_mou_XZ_lin_uncond_sinkhorn_lam0.5_s1
LinearSCVI	0	sinkhorn	1	1	1	immune_hum_mou	lin	immune_hum_mou_XZ_lin_uncond_sinkhorn_lam1_s1
LinearSCVI	0	sinkhorn	2	1	1	immune_hum_mou	lin	immune_hum_mou_XZ_lin_uncond_sinkhorn_lam2_s1
LinearSCVI	0	sinkhorn	5	1	1	immune_hum_mou	lin	immune_hum_mou_XZ_lin_uncond_sinkhorn_lam5_s1
LinearSCVI	0	sinkhorn	10	1	1	immune_hum_mou	lin	immune_hum_mou_XZ_lin_uncond_sinkhorn_lam10_s1
LinearSCVI	0	sinkhorn	20	1	1	immune_hum_mou	lin	immune_hum_mou_XZ_lin_uncond_sinkhorn_lam20_s1
LinearSCVI	0	sinkhorn	100	1	1	immune_hum_mou	lin	immune_hum_mou_XZ_lin_uncond_sinkhorn_lam100_s1
LinearSCVI	0	sinkhorn	1000	1	1	immune_hum_mou	lin	immune_hum_mou_XZ_lin_uncond_sinkhorn_lam1000_s1
LinearSCVI	0	mmd	0.5	1	2	immune_hum_mou	lin	immune_hum_mou_XZ_lin_uncond_mmd_lam0.5_s2
LinearSCVI	0	mmd	1	1	2	immune_hum_mou	lin	immune_hum_mou_XZ_lin_uncond_mmd_lam1_s2
LinearSCVI	0	mmd	2	1	2	immune_hum_mou	lin	immune_hum_mou_XZ_lin_uncond_mmd_lam2_s2
LinearSCVI	0	mmd	5	1	2	immune_hum_mou	lin	immune_hum_mou_XZ_lin_uncond_mmd_lam5_s2
LinearSCVI	0	mmd	10	1	2	immune_hum_mou	lin	immune_hum_mou_XZ_lin_uncond_mmd_lam10_s2
LinearSCVI	0	mmd	20	1	2	immune_hum_mou	lin	immune_hum_mou_XZ_lin_uncond_mmd_lam20_s2
LinearSCVI	0	mmd	100	1	2	immune_hum_mou	lin	immune_hum_mou_XZ_lin_uncond_mmd_lam100_s2
LinearSCVI	0	mmd	1000	1	2	immune_hum_mou	lin	immune_hum_mou_XZ_lin_uncond_mmd_lam1000_s2
LinearSCVI	0	sinkhorn	0.5	1	2	immune_hum_mou	lin	immune_hum_mou_XZ_lin_uncond_sinkhorn_lam0.5_s2
LinearSCVI	0	sinkhorn	1	1	2	immune_hum_mou	lin	immune_hum_mou_XZ_lin_uncond_sinkhorn_lam1_s2
LinearSCVI	0	sinkhorn	2	1	2	immune_hum_mou	lin	immune_hum_mou_XZ_lin_uncond_sinkhorn_lam2_s2
LinearSCVI	0	sinkhorn	5	1	2	immune_hum_mou	lin	immune_hum_mou_XZ_lin_uncond_sinkhorn_lam5_s2
LinearSCVI	0	sinkhorn	10	1	2	immune_hum_mou	lin	immune_hum_mou_XZ_lin_uncond_sinkhorn_lam10_s2
LinearSCVI	0	sinkhorn	20	1	2	immune_hum_mou	lin	immune_hum_mou_XZ_lin_uncond_sinkhorn_lam20_s2
LinearSCVI	0	sinkhorn	100	1	2	immune_hum_mou	lin	immune_hum_mou_XZ_lin_uncond_sinkhorn_lam100_s2
LinearSCVI	0	sinkhorn	1000	1	2	immune_hum_mou	lin	immune_hum_mou_XZ_lin_uncond_sinkhorn_lam1000_s2
LinearSCVI	0	mmd	0.5	1	3	immune_hum_mou	lin	immune_hum_mou_XZ_lin_uncond_mmd_lam0.5_s3
LinearSCVI	0	mmd	1	1	3	immune_hum_mou	lin	immune_hum_mou_XZ_lin_uncond_mmd_lam1_s3
LinearSCVI	0	mmd	2	1	3	immune_hum_mou	lin	immune_hum_mou_XZ_lin_uncond_mmd_lam2_s3
LinearSCVI	0	mmd	5	1	3	immune_hum_mou	lin	immune_hum_mou_XZ_lin_uncond_mmd_lam5_s3
LinearSCVI	0	mmd	10	1	3	immune_hum_mou	lin	immune_hum_mou_XZ_lin_uncond_mmd_lam10_s3
LinearSCVI	0	mmd	20	1	3	immune_hum_mou	lin	immune_hum_mou_XZ_lin_uncond_mmd_lam20_s3
LinearSCVI	0	mmd	100	1	3	immune_hum_mou	lin	immune_hum_mou_XZ_lin_uncond_mmd_lam100_s3
LinearSCVI	0	mmd	1000	1	3	immune_hum_mou	lin	immune_hum_mou_XZ_lin_uncond_mmd_lam1000_s3
LinearSCVI	0	sinkhorn	0.5	1	3	immune_hum_mou	lin	immune_hum_mou_XZ_lin_uncond_sinkhorn_lam0.5_s3
LinearSCVI	0	sinkhorn	1	1	3	immune_hum_mou	lin	immune_hum_mou_XZ_lin_uncond_sinkhorn_lam1_s3
LinearSCVI	0	sinkhorn	2	1	3	immune_hum_mou	lin	immune_hum_mou_XZ_lin_uncond_sinkhorn_lam2_s3
LinearSCVI	0	sinkhorn	5	1	3	immune_hum_mou	lin	immune_hum_mou_XZ_lin_uncond_sinkhorn_lam5_s3
LinearSCVI	0	sinkhorn	10	1	3	immune_hum_mou	lin	immune_hum_mou_XZ_lin_uncond_sinkhorn_lam10_s3
LinearSCVI	0	sinkhorn	20	1	3	immune_hum_mou	lin	immune_hum_mou_XZ_lin_uncond_sinkhorn_lam20_s3
LinearSCVI	0	sinkhorn	100	1	3	immune_hum_mou	lin	immune_hum_mou_XZ_lin_uncond_sinkhorn_lam100_s3
LinearSCVI	0	sinkhorn	1000	1	3	immune_hum_mou	lin	immune_hum_mou_XZ_lin_uncond_sinkhorn_lam1000_s3
LinearSCVI	0	mmd	0.5	1	4	immune_hum_mou	lin	immune_hum_mou_XZ_lin_uncond_mmd_lam0.5_s4
LinearSCVI	0	mmd	1	1	4	immune_hum_mou	lin	immune_hum_mou_XZ_lin_uncond_mmd_lam1_s4
LinearSCVI	0	mmd	2	1	4	immune_hum_mou	lin	immune_hum_mou_XZ_lin_uncond_mmd_lam2_s4
LinearSCVI	0	mmd	5	1	4	immune_hum_mou	lin	immune_hum_mou_XZ_lin_uncond_mmd_lam5_s4
LinearSCVI	0	mmd	10	1	4	immune_hum_mou	lin	immune_hum_mou_XZ_lin_uncond_mmd_lam10_s4
LinearSCVI	0	mmd	20	1	4	immune_hum_mou	lin	immune_hum_mou_XZ_lin_uncond_mmd_lam20_s4
LinearSCVI	0	mmd	100	1	4	immune_hum_mou	lin	immune_hum_mou_XZ_lin_uncond_mmd_lam100_s4
LinearSCVI	0	mmd	1000	1	4	immune_hum_mou	lin	immune_hum_mou_XZ_lin_uncond_mmd_lam1000_s4
LinearSCVI	0	sinkhorn	0.5	1	4	immune_hum_mou	lin	immune_hum_mou_XZ_lin_uncond_sinkhorn_lam0.5_s4
LinearSCVI	0	sinkhorn	1	1	4	immune_hum_mou	lin	immune_hum_mou_XZ_lin_uncond_sinkhorn_lam1_s4
LinearSCVI	0	sinkhorn	2	1	4	immune_hum_mou	lin	immune_hum_mou_XZ_lin_uncond_sinkhorn_lam2_s4
LinearSCVI	0	sinkhorn	5	1	4	immune_hum_mou	lin	immune_hum_mou_XZ_lin_uncond_sinkhorn_lam5_s4
LinearSCVI	0	sinkhorn	10	1	4	immune_hum_mou	lin	immune_hum_mou_XZ_lin_uncond_sinkhorn_lam10_s4
LinearSCVI	0	sinkhorn	20	1	4	immune_hum_mou	lin	immune_hum_mou_XZ_lin_uncond_sinkhorn_lam20_s4
LinearSCVI	0	sinkhorn	100	1	4	immune_hum_mou	lin	immune_hum_mou_XZ_lin_uncond_sinkhorn_lam100_s4
LinearSCVI	0	sinkhorn	1000	1	4	immune_hum_mou	lin	immune_hum_mou_XZ_lin_uncond_sinkhorn_lam1000_s4
SCVI	0	mmd	0.5	1	0	immune_hum_mou	nl	immune_hum_mou_XZ_nl_uncond_mmd_lam0.5_s0
SCVI	0	mmd	1	1	0	immune_hum_mou	nl	immune_hum_mou_XZ_nl_uncond_mmd_lam1_s0
SCVI	0	mmd	2	1	0	immune_hum_mou	nl	immune_hum_mou_XZ_nl_uncond_mmd_lam2_s0
SCVI	0	mmd	5	1	0	immune_hum_mou	nl	immune_hum_mou_XZ_nl_uncond_mmd_lam5_s0
SCVI	0	mmd	10	1	0	immune_hum_mou	nl	immune_hum_mou_XZ_nl_uncond_mmd_lam10_s0
SCVI	0	mmd	20	1	0	immune_hum_mou	nl	immune_hum_mou_XZ_nl_uncond_mmd_lam20_s0
SCVI	0	mmd	100	1	0	immune_hum_mou	nl	immune_hum_mou_XZ_nl_uncond_mmd_lam100_s0
SCVI	0	mmd	1000	1	0	immune_hum_mou	nl	immune_hum_mou_XZ_nl_uncond_mmd_lam1000_s0
SCVI	0	sinkhorn	0.5	1	0	immune_hum_mou	nl	immune_hum_mou_XZ_nl_uncond_sinkhorn_lam0.5_s0
SCVI	0	sinkhorn	1	1	0	immune_hum_mou	nl	immune_hum_mou_XZ_nl_uncond_sinkhorn_lam1_s0
SCVI	0	sinkhorn	2	1	0	immune_hum_mou	nl	immune_hum_mou_XZ_nl_uncond_sinkhorn_lam2_s0
SCVI	0	sinkhorn	5	1	0	immune_hum_mou	nl	immune_hum_mou_XZ_nl_uncond_sinkhorn_lam5_s0
SCVI	0	sinkhorn	10	1	0	immune_hum_mou	nl	immune_hum_mou_XZ_nl_uncond_sinkhorn_lam10_s0
SCVI	0	sinkhorn	20	1	0	immune_hum_mou	nl	immune_hum_mou_XZ_nl_uncond_sinkhorn_lam20_s0
SCVI	0	sinkhorn	100	1	0	immune_hum_mou	nl	immune_hum_mou_XZ_nl_uncond_sinkhorn_lam100_s0
SCVI	0	sinkhorn	1000	1	0	immune_hum_mou	nl	immune_hum_mou_XZ_nl_uncond_sinkhorn_lam1000_s0
SCVI	0	mmd	0.5	1	1	immune_hum_mou	nl	immune_hum_mou_XZ_nl_uncond_mmd_lam0.5_s1
SCVI	0	mmd	1	1	1	immune_hum_mou	nl	immune_hum_mou_XZ_nl_uncond_mmd_lam1_s1
SCVI	0	mmd	2	1	1	immune_hum_mou	nl	immune_hum_mou_XZ_nl_uncond_mmd_lam2_s1
SCVI	0	mmd	5	1	1	immune_hum_mou	nl	immune_hum_mou_XZ_nl_uncond_mmd_lam5_s1
SCVI	0	mmd	10	1	1	immune_hum_mou	nl	immune_hum_mou_XZ_nl_uncond_mmd_lam10_s1
SCVI	0	mmd	20	1	1	immune_hum_mou	nl	immune_hum_mou_XZ_nl_uncond_mmd_lam20_s1
SCVI	0	mmd	100	1	1	immune_hum_mou	nl	immune_hum_mou_XZ_nl_uncond_mmd_lam100_s1
SCVI	0	mmd	1000	1	1	immune_hum_mou	nl	immune_hum_mou_XZ_nl_uncond_mmd_lam1000_s1
SCVI	0	sinkhorn	0.5	1	1	immune_hum_mou	nl	immune_hum_mou_XZ_nl_uncond_sinkhorn_lam0.5_s1
SCVI	0	sinkhorn	1	1	1	immune_hum_mou	nl	immune_hum_mou_XZ_nl_uncond_sinkhorn_lam1_s1
SCVI	0	sinkhorn	2	1	1	immune_hum_mou	nl	immune_hum_mou_XZ_nl_uncond_sinkhorn_lam2_s1
SCVI	0	sinkhorn	5	1	1	immune_hum_mou	nl	immune_hum_mou_XZ_nl_uncond_sinkhorn_lam5_s1
SCVI	0	sinkhorn	10	1	1	immune_hum_mou	nl	immune_hum_mou_XZ_nl_uncond_sinkhorn_lam10_s1
SCVI	0	sinkhorn	20	1	1	immune_hum_mou	nl	immune_hum_mou_XZ_nl_uncond_sinkhorn_lam20_s1
SCVI	0	sinkhorn	100	1	1	immune_hum_mou	nl	immune_hum_mou_XZ_nl_uncond_sinkhorn_lam100_s1
SCVI	0	sinkhorn	1000	1	1	immune_hum_mou	nl	immune_hum_mou_XZ_nl_uncond_sinkhorn_lam1000_s1
SCVI	0	mmd	0.5	1	2	immune_hum_mou	nl	immune_hum_mou_XZ_nl_uncond_mmd_lam0.5_s2
SCVI	0	mmd	1	1	2	immune_hum_mou	nl	immune_hum_mou_XZ_nl_uncond_mmd_lam1_s2
SCVI	0	mmd	2	1	2	immune_hum_mou	nl	immune_hum_mou_XZ_nl_uncond_mmd_lam2_s2
SCVI	0	mmd	5	1	2	immune_hum_mou	nl	immune_hum_mou_XZ_nl_uncond_mmd_lam5_s2
SCVI	0	mmd	10	1	2	immune_hum_mou	nl	immune_hum_mou_XZ_nl_uncond_mmd_lam10_s2
SCVI	0	mmd	20	1	2	immune_hum_mou	nl	immune_hum_mou_XZ_nl_uncond_mmd_lam20_s2
SCVI	0	mmd	100	1	2	immune_hum_mou	nl	immune_hum_mou_XZ_nl_uncond_mmd_lam100_s2
SCVI	0	mmd	1000	1	2	immune_hum_mou	nl	immune_hum_mou_XZ_nl_uncond_mmd_lam1000_s2
SCVI	0	sinkhorn	0.5	1	2	immune_hum_mou	nl	immune_hum_mou_XZ_nl_uncond_sinkhorn_lam0.5_s2
SCVI	0	sinkhorn	1	1	2	immune_hum_mou	nl	immune_hum_mou_XZ_nl_uncond_sinkhorn_lam1_s2
SCVI	0	sinkhorn	2	1	2	immune_hum_mou	nl	immune_hum_mou_XZ_nl_uncond_sinkhorn_lam2_s2
SCVI	0	sinkhorn	5	1	2	immune_hum_mou	nl	immune_hum_mou_XZ_nl_uncond_sinkhorn_lam5_s2
SCVI	0	sinkhorn	10	1	2	immune_hum_mou	nl	immune_hum_mou_XZ_nl_uncond_sinkhorn_lam10_s2
SCVI	0	sinkhorn	20	1	2	immune_hum_mou	nl	immune_hum_mou_XZ_nl_uncond_sinkhorn_lam20_s2
SCVI	0	sinkhorn	100	1	2	immune_hum_mou	nl	immune_hum_mou_XZ_nl_uncond_sinkhorn_lam100_s2
SCVI	0	sinkhorn	1000	1	2	immune_hum_mou	nl	immune_hum_mou_XZ_nl_uncond_sinkhorn_lam1000_s2
SCVI	0	mmd	0.5	1	3	immune_hum_mou	nl	immune_hum_mou_XZ_nl_uncond_mmd_lam0.5_s3
SCVI	0	mmd	1	1	3	immune_hum_mou	nl	immune_hum_mou_XZ_nl_uncond_mmd_lam1_s3
SCVI	0	mmd	2	1	3	immune_hum_mou	nl	immune_hum_mou_XZ_nl_uncond_mmd_lam2_s3
SCVI	0	mmd	5	1	3	immune_hum_mou	nl	immune_hum_mou_XZ_nl_uncond_mmd_lam5_s3
SCVI	0	mmd	10	1	3	immune_hum_mou	nl	immune_hum_mou_XZ_nl_uncond_mmd_lam10_s3
SCVI	0	mmd	20	1	3	immune_hum_mou	nl	immune_hum_mou_XZ_nl_uncond_mmd_lam20_s3
SCVI	0	mmd	100	1	3	immune_hum_mou	nl	immune_hum_mou_XZ_nl_uncond_mmd_lam100_s3
SCVI	0	mmd	1000	1	3	immune_hum_mou	nl	immune_hum_mou_XZ_nl_uncond_mmd_lam1000_s3
SCVI	0	sinkhorn	0.5	1	3	immune_hum_mou	nl	immune_hum_mou_XZ_nl_uncond_sinkhorn_lam0.5_s3
SCVI	0	sinkhorn	1	1	3	immune_hum_mou	nl	immune_hum_mou_XZ_nl_uncond_sinkhorn_lam1_s3
SCVI	0	sinkhorn	2	1	3	immune_hum_mou	nl	immune_hum_mou_XZ_nl_uncond_sinkhorn_lam2_s3
SCVI	0	sinkhorn	5	1	3	immune_hum_mou	nl	immune_hum_mou_XZ_nl_uncond_sinkhorn_lam5_s3
SCVI	0	sinkhorn	10	1	3	immune_hum_mou	nl	immune_hum_mou_XZ_nl_uncond_sinkhorn_lam10_s3
SCVI	0	sinkhorn	20	1	3	immune_hum_mou	nl	immune_hum_mou_XZ_nl_uncond_sinkhorn_lam20_s3
SCVI	0	sinkhorn	100	1	3	immune_hum_mou	nl	immune_hum_mou_XZ_nl_uncond_sinkhorn_lam100_s3
SCVI	0	sinkhorn	1000	1	3	immune_hum_mou	nl	immune_hum_mou_XZ_nl_uncond_sinkhorn_lam1000_s3
SCVI	0	mmd	0.5	1	4	immune_hum_mou	nl	immune_hum_mou_XZ_nl_uncond_mmd_lam0.5_s4
SCVI	0	mmd	1	1	4	immune_hum_mou	nl	immune_hum_mou_XZ_nl_uncond_mmd_lam1_s4
SCVI	0	mmd	2	1	4	immune_hum_mou	nl	immune_hum_mou_XZ_nl_uncond_mmd_lam2_s4
SCVI	0	mmd	5	1	4	immune_hum_mou	nl	immune_hum_mou_XZ_nl_uncond_mmd_lam5_s4
SCVI	0	mmd	10	1	4	immune_hum_mou	nl	immune_hum_mou_XZ_nl_uncond_mmd_lam10_s4
SCVI	0	mmd	20	1	4	immune_hum_mou	nl	immune_hum_mou_XZ_nl_uncond_mmd_lam20_s4
SCVI	0	mmd	100	1	4	immune_hum_mou	nl	immune_hum_mou_XZ_nl_uncond_mmd_lam100_s4
SCVI	0	mmd	1000	1	4	immune_hum_mou	nl	immune_hum_mou_XZ_nl_uncond_mmd_lam1000_s4
SCVI	0	sinkhorn	0.5	1	4	immune_hum_mou	nl	immune_hum_mou_XZ_nl_uncond_sinkhorn_lam0.5_s4
SCVI	0	sinkhorn	1	1	4	immune_hum_mou	nl	immune_hum_mou_XZ_nl_uncond_sinkhorn_lam1_s4
SCVI	0	sinkhorn	2	1	4	immune_hum_mou	nl	immune_hum_mou_XZ_nl_uncond_sinkhorn_lam2_s4
SCVI	0	sinkhorn	5	1	4	immune_hum_mou	nl	immune_hum_mou_XZ_nl_uncond_sinkhorn_lam5_s4
SCVI	0	sinkhorn	10	1	4	immune_hum_mou	nl	immune_hum_mou_XZ_nl_uncond_sinkhorn_lam10_s4
SCVI	0	sinkhorn	20	1	4	immune_hum_mou	nl	immune_hum_mou_XZ_nl_uncond_sinkhorn_lam20_s4
SCVI	0	sinkhorn	100	1	4	immune_hum_mou	nl	immune_hum_mou_XZ_nl_uncond_sinkhorn_lam100_s4
SCVI	0	sinkhorn	1000	1	4	immune_hum_mou	nl	immune_hum_mou_XZ_nl_uncond_sinkhorn_lam1000_s4
LinearSCVI	0	mmd	0.5	1	0	atac_large	lin	atac_large_XZ_lin_uncond_mmd_lam0.5_s0
LinearSCVI	0	mmd	1	1	0	atac_large	lin	atac_large_XZ_lin_uncond_mmd_lam1_s0
LinearSCVI	0	mmd	2	1	0	atac_large	lin	atac_large_XZ_lin_uncond_mmd_lam2_s0
LinearSCVI	0	mmd	5	1	0	atac_large	lin	atac_large_XZ_lin_uncond_mmd_lam5_s0
LinearSCVI	0	mmd	10	1	0	atac_large	lin	atac_large_XZ_lin_uncond_mmd_lam10_s0
LinearSCVI	0	mmd	20	1	0	atac_large	lin	atac_large_XZ_lin_uncond_mmd_lam20_s0
LinearSCVI	0	mmd	100	1	0	atac_large	lin	atac_large_XZ_lin_uncond_mmd_lam100_s0
LinearSCVI	0	mmd	1000	1	0	atac_large	lin	atac_large_XZ_lin_uncond_mmd_lam1000_s0
LinearSCVI	0	sinkhorn	0.5	1	0	atac_large	lin	atac_large_XZ_lin_uncond_sinkhorn_lam0.5_s0
LinearSCVI	0	sinkhorn	1	1	0	atac_large	lin	atac_large_XZ_lin_uncond_sinkhorn_lam1_s0
LinearSCVI	0	sinkhorn	2	1	0	atac_large	lin	atac_large_XZ_lin_uncond_sinkhorn_lam2_s0
LinearSCVI	0	sinkhorn	5	1	0	atac_large	lin	atac_large_XZ_lin_uncond_sinkhorn_lam5_s0
LinearSCVI	0	sinkhorn	10	1	0	atac_large	lin	atac_large_XZ_lin_uncond_sinkhorn_lam10_s0
LinearSCVI	0	sinkhorn	20	1	0	atac_large	lin	atac_large_XZ_lin_uncond_sinkhorn_lam20_s0
LinearSCVI	0	sinkhorn	100	1	0	atac_large	lin	atac_large_XZ_lin_uncond_sinkhorn_lam100_s0
LinearSCVI	0	sinkhorn	1000	1	0	atac_large	lin	atac_large_XZ_lin_uncond_sinkhorn_lam1000_s0
LinearSCVI	0	mmd	0.5	1	1	atac_large	lin	atac_large_XZ_lin_uncond_mmd_lam0.5_s1
LinearSCVI	0	mmd	1	1	1	atac_large	lin	atac_large_XZ_lin_uncond_mmd_lam1_s1
LinearSCVI	0	mmd	2	1	1	atac_large	lin	atac_large_XZ_lin_uncond_mmd_lam2_s1
LinearSCVI	0	mmd	5	1	1	atac_large	lin	atac_large_XZ_lin_uncond_mmd_lam5_s1
LinearSCVI	0	mmd	10	1	1	atac_large	lin	atac_large_XZ_lin_uncond_mmd_lam10_s1
LinearSCVI	0	mmd	20	1	1	atac_large	lin	atac_large_XZ_lin_uncond_mmd_lam20_s1
LinearSCVI	0	mmd	100	1	1	atac_large	lin	atac_large_XZ_lin_uncond_mmd_lam100_s1
LinearSCVI	0	mmd	1000	1	1	atac_large	lin	atac_large_XZ_lin_uncond_mmd_lam1000_s1
LinearSCVI	0	sinkhorn	0.5	1	1	atac_large	lin	atac_large_XZ_lin_uncond_sinkhorn_lam0.5_s1
LinearSCVI	0	sinkhorn	1	1	1	atac_large	lin	atac_large_XZ_lin_uncond_sinkhorn_lam1_s1
LinearSCVI	0	sinkhorn	2	1	1	atac_large	lin	atac_large_XZ_lin_uncond_sinkhorn_lam2_s1
LinearSCVI	0	sinkhorn	5	1	1	atac_large	lin	atac_large_XZ_lin_uncond_sinkhorn_lam5_s1
LinearSCVI	0	sinkhorn	10	1	1	atac_large	lin	atac_large_XZ_lin_uncond_sinkhorn_lam10_s1
LinearSCVI	0	sinkhorn	20	1	1	atac_large	lin	atac_large_XZ_lin_uncond_sinkhorn_lam20_s1
LinearSCVI	0	sinkhorn	100	1	1	atac_large	lin	atac_large_XZ_lin_uncond_sinkhorn_lam100_s1
LinearSCVI	0	sinkhorn	1000	1	1	atac_large	lin	atac_large_XZ_lin_uncond_sinkhorn_lam1000_s1
LinearSCVI	0	mmd	0.5	1	2	atac_large	lin	atac_large_XZ_lin_uncond_mmd_lam0.5_s2
LinearSCVI	0	mmd	1	1	2	atac_large	lin	atac_large_XZ_lin_uncond_mmd_lam1_s2
LinearSCVI	0	mmd	2	1	2	atac_large	lin	atac_large_XZ_lin_uncond_mmd_lam2_s2
LinearSCVI	0	mmd	5	1	2	atac_large	lin	atac_large_XZ_lin_uncond_mmd_lam5_s2
LinearSCVI	0	mmd	10	1	2	atac_large	lin	atac_large_XZ_lin_uncond_mmd_lam10_s2
LinearSCVI	0	mmd	20	1	2	atac_large	lin	atac_large_XZ_lin_uncond_mmd_lam20_s2
LinearSCVI	0	mmd	100	1	2	atac_large	lin	atac_large_XZ_lin_uncond_mmd_lam100_s2
LinearSCVI	0	mmd	1000	1	2	atac_large	lin	atac_large_XZ_lin_uncond_mmd_lam1000_s2
LinearSCVI	0	sinkhorn	0.5	1	2	atac_large	lin	atac_large_XZ_lin_uncond_sinkhorn_lam0.5_s2
LinearSCVI	0	sinkhorn	1	1	2	atac_large	lin	atac_large_XZ_lin_uncond_sinkhorn_lam1_s2
LinearSCVI	0	sinkhorn	2	1	2	atac_large	lin	atac_large_XZ_lin_uncond_sinkhorn_lam2_s2
LinearSCVI	0	sinkhorn	5	1	2	atac_large	lin	atac_large_XZ_lin_uncond_sinkhorn_lam5_s2
LinearSCVI	0	sinkhorn	10	1	2	atac_large	lin	atac_large_XZ_lin_uncond_sinkhorn_lam10_s2
LinearSCVI	0	sinkhorn	20	1	2	atac_large	lin	atac_large_XZ_lin_uncond_sinkhorn_lam20_s2
LinearSCVI	0	sinkhorn	100	1	2	atac_large	lin	atac_large_XZ_lin_uncond_sinkhorn_lam100_s2
LinearSCVI	0	sinkhorn	1000	1	2	atac_large	lin	atac_large_XZ_lin_uncond_sinkhorn_lam1000_s2
LinearSCVI	0	mmd	0.5	1	3	atac_large	lin	atac_large_XZ_lin_uncond_mmd_lam0.5_s3
LinearSCVI	0	mmd	1	1	3	atac_large	lin	atac_large_XZ_lin_uncond_mmd_lam1_s3
LinearSCVI	0	mmd	2	1	3	atac_large	lin	atac_large_XZ_lin_uncond_mmd_lam2_s3
LinearSCVI	0	mmd	5	1	3	atac_large	lin	atac_large_XZ_lin_uncond_mmd_lam5_s3
LinearSCVI	0	mmd	10	1	3	atac_large	lin	atac_large_XZ_lin_uncond_mmd_lam10_s3
LinearSCVI	0	mmd	20	1	3	atac_large	lin	atac_large_XZ_lin_uncond_mmd_lam20_s3
LinearSCVI	0	mmd	100	1	3	atac_large	lin	atac_large_XZ_lin_uncond_mmd_lam100_s3
LinearSCVI	0	mmd	1000	1	3	atac_large	lin	atac_large_XZ_lin_uncond_mmd_lam1000_s3
LinearSCVI	0	sinkhorn	0.5	1	3	atac_large	lin	atac_large_XZ_lin_uncond_sinkhorn_lam0.5_s3
LinearSCVI	0	sinkhorn	1	1	3	atac_large	lin	atac_large_XZ_lin_uncond_sinkhorn_lam1_s3
LinearSCVI	0	sinkhorn	2	1	3	atac_large	lin	atac_large_XZ_lin_uncond_sinkhorn_lam2_s3
LinearSCVI	0	sinkhorn	5	1	3	atac_large	lin	atac_large_XZ_lin_uncond_sinkhorn_lam5_s3
LinearSCVI	0	sinkhorn	10	1	3	atac_large	lin	atac_large_XZ_lin_uncond_sinkhorn_lam10_s3
LinearSCVI	0	sinkhorn	20	1	3	atac_large	lin	atac_large_XZ_lin_uncond_sinkhorn_lam20_s3
LinearSCVI	0	sinkhorn	100	1	3	atac_large	lin	atac_large_XZ_lin_uncond_sinkhorn_lam100_s3
LinearSCVI	0	sinkhorn	1000	1	3	atac_large	lin	atac_large_XZ_lin_uncond_sinkhorn_lam1000_s3
LinearSCVI	0	mmd	0.5	1	4	atac_large	lin	atac_large_XZ_lin_uncond_mmd_lam0.5_s4
LinearSCVI	0	mmd	1	1	4	atac_large	lin	atac_large_XZ_lin_uncond_mmd_lam1_s4
LinearSCVI	0	mmd	2	1	4	atac_large	lin	atac_large_XZ_lin_uncond_mmd_lam2_s4
LinearSCVI	0	mmd	5	1	4	atac_large	lin	atac_large_XZ_lin_uncond_mmd_lam5_s4
LinearSCVI	0	mmd	10	1	4	atac_large	lin	atac_large_XZ_lin_uncond_mmd_lam10_s4
LinearSCVI	0	mmd	20	1	4	atac_large	lin	atac_large_XZ_lin_uncond_mmd_lam20_s4
LinearSCVI	0	mmd	100	1	4	atac_large	lin	atac_large_XZ_lin_uncond_mmd_lam100_s4
LinearSCVI	0	mmd	1000	1	4	atac_large	lin	atac_large_XZ_lin_uncond_mmd_lam1000_s4
LinearSCVI	0	sinkhorn	0.5	1	4	atac_large	lin	atac_large_XZ_lin_uncond_sinkhorn_lam0.5_s4
LinearSCVI	0	sinkhorn	1	1	4	atac_large	lin	atac_large_XZ_lin_uncond_sinkhorn_lam1_s4
LinearSCVI	0	sinkhorn	2	1	4	atac_large	lin	atac_large_XZ_lin_uncond_sinkhorn_lam2_s4
LinearSCVI	0	sinkhorn	5	1	4	atac_large	lin	atac_large_XZ_lin_uncond_sinkhorn_lam5_s4
LinearSCVI	0	sinkhorn	10	1	4	atac_large	lin	atac_large_XZ_lin_uncond_sinkhorn_lam10_s4
LinearSCVI	0	sinkhorn	20	1	4	atac_large	lin	atac_large_XZ_lin_uncond_sinkhorn_lam20_s4
LinearSCVI	0	sinkhorn	100	1	4	atac_large	lin	atac_large_XZ_lin_uncond_sinkhorn_lam100_s4
LinearSCVI	0	sinkhorn	1000	1	4	atac_large	lin	atac_large_XZ_lin_uncond_sinkhorn_lam1000_s4
SCVI	0	mmd	0.5	1	0	atac_large	nl	atac_large_XZ_nl_uncond_mmd_lam0.5_s0
SCVI	0	mmd	1	1	0	atac_large	nl	atac_large_XZ_nl_uncond_mmd_lam1_s0
SCVI	0	mmd	2	1	0	atac_large	nl	atac_large_XZ_nl_uncond_mmd_lam2_s0
SCVI	0	mmd	5	1	0	atac_large	nl	atac_large_XZ_nl_uncond_mmd_lam5_s0
SCVI	0	mmd	10	1	0	atac_large	nl	atac_large_XZ_nl_uncond_mmd_lam10_s0
SCVI	0	mmd	20	1	0	atac_large	nl	atac_large_XZ_nl_uncond_mmd_lam20_s0
SCVI	0	mmd	100	1	0	atac_large	nl	atac_large_XZ_nl_uncond_mmd_lam100_s0
SCVI	0	mmd	1000	1	0	atac_large	nl	atac_large_XZ_nl_uncond_mmd_lam1000_s0
SCVI	0	sinkhorn	0.5	1	0	atac_large	nl	atac_large_XZ_nl_uncond_sinkhorn_lam0.5_s0
SCVI	0	sinkhorn	1	1	0	atac_large	nl	atac_large_XZ_nl_uncond_sinkhorn_lam1_s0
SCVI	0	sinkhorn	2	1	0	atac_large	nl	atac_large_XZ_nl_uncond_sinkhorn_lam2_s0
SCVI	0	sinkhorn	5	1	0	atac_large	nl	atac_large_XZ_nl_uncond_sinkhorn_lam5_s0
SCVI	0	sinkhorn	10	1	0	atac_large	nl	atac_large_XZ_nl_uncond_sinkhorn_lam10_s0
SCVI	0	sinkhorn	20	1	0	atac_large	nl	atac_large_XZ_nl_uncond_sinkhorn_lam20_s0
SCVI	0	sinkhorn	100	1	0	atac_large	nl	atac_large_XZ_nl_uncond_sinkhorn_lam100_s0
SCVI	0	sinkhorn	1000	1	0	atac_large	nl	atac_large_XZ_nl_uncond_sinkhorn_lam1000_s0
SCVI	0	mmd	0.5	1	1	atac_large	nl	atac_large_XZ_nl_uncond_mmd_lam0.5_s1
SCVI	0	mmd	1	1	1	atac_large	nl	atac_large_XZ_nl_uncond_mmd_lam1_s1
SCVI	0	mmd	2	1	1	atac_large	nl	atac_large_XZ_nl_uncond_mmd_lam2_s1
SCVI	0	mmd	5	1	1	atac_large	nl	atac_large_XZ_nl_uncond_mmd_lam5_s1
SCVI	0	mmd	10	1	1	atac_large	nl	atac_large_XZ_nl_uncond_mmd_lam10_s1
SCVI	0	mmd	20	1	1	atac_large	nl	atac_large_XZ_nl_uncond_mmd_lam20_s1
SCVI	0	mmd	100	1	1	atac_large	nl	atac_large_XZ_nl_uncond_mmd_lam100_s1
SCVI	0	mmd	1000	1	1	atac_large	nl	atac_large_XZ_nl_uncond_mmd_lam1000_s1
SCVI	0	sinkhorn	0.5	1	1	atac_large	nl	atac_large_XZ_nl_uncond_sinkhorn_lam0.5_s1
SCVI	0	sinkhorn	1	1	1	atac_large	nl	atac_large_XZ_nl_uncond_sinkhorn_lam1_s1
SCVI	0	sinkhorn	2	1	1	atac_large	nl	atac_large_XZ_nl_uncond_sinkhorn_lam2_s1
SCVI	0	sinkhorn	5	1	1	atac_large	nl	atac_large_XZ_nl_uncond_sinkhorn_lam5_s1
SCVI	0	sinkhorn	10	1	1	atac_large	nl	atac_large_XZ_nl_uncond_sinkhorn_lam10_s1
SCVI	0	sinkhorn	20	1	1	atac_large	nl	atac_large_XZ_nl_uncond_sinkhorn_lam20_s1
SCVI	0	sinkhorn	100	1	1	atac_large	nl	atac_large_XZ_nl_uncond_sinkhorn_lam100_s1
SCVI	0	sinkhorn	1000	1	1	atac_large	nl	atac_large_XZ_nl_uncond_sinkhorn_lam1000_s1
SCVI	0	mmd	0.5	1	2	atac_large	nl	atac_large_XZ_nl_uncond_mmd_lam0.5_s2
SCVI	0	mmd	1	1	2	atac_large	nl	atac_large_XZ_nl_uncond_mmd_lam1_s2
SCVI	0	mmd	2	1	2	atac_large	nl	atac_large_XZ_nl_uncond_mmd_lam2_s2
SCVI	0	mmd	5	1	2	atac_large	nl	atac_large_XZ_nl_uncond_mmd_lam5_s2
SCVI	0	mmd	10	1	2	atac_large	nl	atac_large_XZ_nl_uncond_mmd_lam10_s2
SCVI	0	mmd	20	1	2	atac_large	nl	atac_large_XZ_nl_uncond_mmd_lam20_s2
SCVI	0	mmd	100	1	2	atac_large	nl	atac_large_XZ_nl_uncond_mmd_lam100_s2
SCVI	0	mmd	1000	1	2	atac_large	nl	atac_large_XZ_nl_uncond_mmd_lam1000_s2
SCVI	0	sinkhorn	0.5	1	2	atac_large	nl	atac_large_XZ_nl_uncond_sinkhorn_lam0.5_s2
SCVI	0	sinkhorn	1	1	2	atac_large	nl	atac_large_XZ_nl_uncond_sinkhorn_lam1_s2
SCVI	0	sinkhorn	2	1	2	atac_large	nl	atac_large_XZ_nl_uncond_sinkhorn_lam2_s2
SCVI	0	sinkhorn	5	1	2	atac_large	nl	atac_large_XZ_nl_uncond_sinkhorn_lam5_s2
SCVI	0	sinkhorn	10	1	2	atac_large	nl	atac_large_XZ_nl_uncond_sinkhorn_lam10_s2
SCVI	0	sinkhorn	20	1	2	atac_large	nl	atac_large_XZ_nl_uncond_sinkhorn_lam20_s2
SCVI	0	sinkhorn	100	1	2	atac_large	nl	atac_large_XZ_nl_uncond_sinkhorn_lam100_s2
SCVI	0	sinkhorn	1000	1	2	atac_large	nl	atac_large_XZ_nl_uncond_sinkhorn_lam1000_s2
SCVI	0	mmd	0.5	1	3	atac_large	nl	atac_large_XZ_nl_uncond_mmd_lam0.5_s3
SCVI	0	mmd	1	1	3	atac_large	nl	atac_large_XZ_nl_uncond_mmd_lam1_s3
SCVI	0	mmd	2	1	3	atac_large	nl	atac_large_XZ_nl_uncond_mmd_lam2_s3
SCVI	0	mmd	5	1	3	atac_large	nl	atac_large_XZ_nl_uncond_mmd_lam5_s3
SCVI	0	mmd	10	1	3	atac_large	nl	atac_large_XZ_nl_uncond_mmd_lam10_s3
SCVI	0	mmd	20	1	3	atac_large	nl	atac_large_XZ_nl_uncond_mmd_lam20_s3
SCVI	0	mmd	100	1	3	atac_large	nl	atac_large_XZ_nl_uncond_mmd_lam100_s3
SCVI	0	mmd	1000	1	3	atac_large	nl	atac_large_XZ_nl_uncond_mmd_lam1000_s3
SCVI	0	sinkhorn	0.5	1	3	atac_large	nl	atac_large_XZ_nl_uncond_sinkhorn_lam0.5_s3
SCVI	0	sinkhorn	1	1	3	atac_large	nl	atac_large_XZ_nl_uncond_sinkhorn_lam1_s3
SCVI	0	sinkhorn	2	1	3	atac_large	nl	atac_large_XZ_nl_uncond_sinkhorn_lam2_s3
SCVI	0	sinkhorn	5	1	3	atac_large	nl	atac_large_XZ_nl_uncond_sinkhorn_lam5_s3
SCVI	0	sinkhorn	10	1	3	atac_large	nl	atac_large_XZ_nl_uncond_sinkhorn_lam10_s3
SCVI	0	sinkhorn	20	1	3	atac_large	nl	atac_large_XZ_nl_uncond_sinkhorn_lam20_s3
SCVI	0	sinkhorn	100	1	3	atac_large	nl	atac_large_XZ_nl_uncond_sinkhorn_lam100_s3
SCVI	0	sinkhorn	1000	1	3	atac_large	nl	atac_large_XZ_nl_uncond_sinkhorn_lam1000_s3
SCVI	0	mmd	0.5	1	4	atac_large	nl	atac_large_XZ_nl_uncond_mmd_lam0.5_s4
SCVI	0	mmd	1	1	4	atac_large	nl	atac_large_XZ_nl_uncond_mmd_lam1_s4
SCVI	0	mmd	2	1	4	atac_large	nl	atac_large_XZ_nl_uncond_mmd_lam2_s4
SCVI	0	mmd	5	1	4	atac_large	nl	atac_large_XZ_nl_uncond_mmd_lam5_s4
SCVI	0	mmd	10	1	4	atac_large	nl	atac_large_XZ_nl_uncond_mmd_lam10_s4
SCVI	0	mmd	20	1	4	atac_large	nl	atac_large_XZ_nl_uncond_mmd_lam20_s4
SCVI	0	mmd	100	1	4	atac_large	nl	atac_large_XZ_nl_uncond_mmd_lam100_s4
SCVI	0	mmd	1000	1	4	atac_large	nl	atac_large_XZ_nl_uncond_mmd_lam1000_s4
SCVI	0	sinkhorn	0.5	1	4	atac_large	nl	atac_large_XZ_nl_uncond_sinkhorn_lam0.5_s4
SCVI	0	sinkhorn	1	1	4	atac_large	nl	atac_large_XZ_nl_uncond_sinkhorn_lam1_s4
SCVI	0	sinkhorn	2	1	4	atac_large	nl	atac_large_XZ_nl_uncond_sinkhorn_lam2_s4
SCVI	0	sinkhorn	5	1	4	atac_large	nl	atac_large_XZ_nl_uncond_sinkhorn_lam5_s4
SCVI	0	sinkhorn	10	1	4	atac_large	nl	atac_large_XZ_nl_uncond_sinkhorn_lam10_s4
SCVI	0	sinkhorn	20	1	4	atac_large	nl	atac_large_XZ_nl_uncond_sinkhorn_lam20_s4
SCVI	0	sinkhorn	100	1	4	atac_large	nl	atac_large_XZ_nl_uncond_sinkhorn_lam100_s4
SCVI	0	sinkhorn	1000	1	4	atac_large	nl	atac_large_XZ_nl_uncond_sinkhorn_lam1000_s4
