old_tag,new_tag,task,arm,lam,seed,dose,iw,n_cells_old,n_cells_new,draw_new
X3_atac_small_none_l0_c1_s10_64635d78,X3_atac_small_none_l0_c1_s10_f06e468c,atac_small,none,0,10,0,,11270,8402,nested_v1
X3_atac_small_discriminator_lmatched_lo_c1_s10_5f3f2afa,X3_atac_small_discriminator_lmatched_lo_c1_s10_d1228dbc,atac_small,discriminator,matched_lo,10,0,,11270,8402,nested_v1
X3_atac_small_discriminator_lmatched_hi_c1_s10_fd7ed374,X3_atac_small_discriminator_lmatched_hi_c1_s10_0aa0e496,atac_small,discriminator,matched_hi,10,0,,11270,8402,nested_v1
X3_atac_small_reference_lmatched_lo_c1_s10_5feb7888,X3_atac_small_reference_lmatched_lo_c1_s10_22144076,atac_small,reference,matched_lo,10,0,,11270,8402,nested_v1
X3_atac_small_reference_lmatched_hi_c1_s10_46b43a12,X3_atac_small_reference_lmatched_hi_c1_s10_f4867592,atac_small,reference,matched_hi,10,0,,11270,8402,nested_v1
X3_atac_small_pooled_lmatched_lo_c1_s10_6484f532,X3_atac_small_pooled_lmatched_lo_c1_s10_4ba1c8e6,atac_small,pooled,matched_lo,10,0,,11270,8402,nested_v1
X3_atac_small_pooled_lmatched_hi_c1_s10_5df9eac5,X3_atac_small_pooled_lmatched_hi_c1_s10_d1892948,atac_small,pooled,matched_hi,10,0,,11270,8402,nested_v1
X3_atac_small_mmd_lmatched_lo_c1_s10_7a84c208,X3_atac_small_mmd_lmatched_lo_c1_s10_47267597,atac_small,mmd,matched_lo,10,0,,11270,8402,nested_v1
X3_atac_small_mmd_lmatched_hi_c1_s10_49916315,X3_atac_small_mmd_lmatched_hi_c1_s10_6729d2f7,atac_small,mmd,matched_hi,10,0,,11270,8402,nested_v1
X3_atac_small_none_l0_c1_s11_734a9db6,X3_atac_small_none_l0_c1_s11_bb7637d8,atac_small,none,0,11,0,,11270,8402,nested_v1
X3_atac_small_discriminator_lmatched_lo_c1_s11_3aed8483,X3_atac_small_discriminator_lmatched_lo_c1_s11_f78cdb62,atac_small,discriminator,matched_lo,11,0,,11270,8402,nested_v1
X3_atac_small_discriminator_lmatched_hi_c1_s11_cb3d4a87,X3_atac_small_discriminator_lmatched_hi_c1_s11_01a3c62a,atac_small,discriminator,matched_hi,11,0,,11270,8402,nested_v1
X3_atac_small_reference_lmatched_lo_c1_s11_8e34f243,X3_atac_small_reference_lmatched_lo_c1_s11_c5fe7f33,atac_small,reference,matched_lo,11,0,,11270,8402,nested_v1
X3_atac_small_reference_lmatched_hi_c1_s11_cb715a30,X3_atac_small_reference_lmatched_hi_c1_s11_3def9ed7,atac_small,reference,matched_hi,11,0,,11270,8402,nested_v1
X3_atac_small_pooled_lmatched_lo_c1_s11_83cd28cb,X3_atac_small_pooled_lmatched_lo_c1_s11_6f66d222,atac_small,pooled,matched_lo,11,0,,11270,8402,nested_v1
X3_atac_small_pooled_lmatched_hi_c1_s11_dd56bdcf,X3_atac_small_pooled_lmatched_hi_c1_s11_98e8cb9b,atac_small,pooled,matched_hi,11,0,,11270,8402,nested_v1
X3_atac_small_mmd_lmatched_lo_c1_s11_7f190f5e,X3_atac_small_mmd_lmatched_lo_c1_s11_b775c873,atac_small,mmd,matched_lo,11,0,,11270,8402,nested_v1
X3_atac_small_mmd_lmatched_hi_c1_s11_79f898b5,X3_atac_small_mmd_lmatched_hi_c1_s11_b1aff1b7,atac_small,mmd,matched_hi,11,0,,11270,8402,nested_v1
X3_atac_small_none_l0_c1_s12_fb58db17,X3_atac_small_none_l0_c1_s12_0cd6a6cc,atac_small,none,0,12,0,,11270,8402,nested_v1
X3_atac_small_discriminator_lmatched_lo_c1_s12_248dfc84,X3_atac_small_discriminator_lmatched_lo_c1_s12_939e19c5,atac_small,discriminator,matched_lo,12,0,,11270,8402,nested_v1
X3_atac_small_discriminator_lmatched_hi_c1_s12_16d29186,X3_atac_small_discriminator_lmatched_hi_c1_s12_42343cb0,atac_small,discriminator,matched_hi,12,0,,11270,8402,nested_v1
X3_atac_small_reference_lmatched_lo_c1_s12_7767131d,X3_atac_small_reference_lmatched_lo_c1_s12_20be3dfc,atac_small,reference,matched_lo,12,0,,11270,8402,nested_v1
X3_atac_small_reference_lmatched_hi_c1_s12_02387267,X3_atac_small_reference_lmatched_hi_c1_s12_2dff8bbb,atac_small,reference,matched_hi,12,0,,11270,8402,nested_v1
X3_atac_small_pooled_lmatched_lo_c1_s12_e7d6e69a,X3_atac_small_pooled_lmatched_lo_c1_s12_6885e085,atac_small,pooled,matched_lo,12,0,,11270,8402,nested_v1
X3_atac_small_pooled_lmatched_hi_c1_s12_250de550,X3_atac_small_pooled_lmatched_hi_c1_s12_1d581ead,atac_small,pooled,matched_hi,12,0,,11270,8402,nested_v1
X3_atac_small_mmd_lmatched_lo_c1_s12_b42608b1,X3_atac_small_mmd_lmatched_lo_c1_s12_e67a74b3,atac_small,mmd,matched_lo,12,0,,11270,8402,nested_v1
X3_atac_small_mmd_lmatched_hi_c1_s12_39b8b6db,X3_atac_small_mmd_lmatched_hi_c1_s12_2f5324fa,atac_small,mmd,matched_hi,12,0,,11270,8402,nested_v1
X3_atac_small_none_l0_c1_s10_ab3e5583,X3_atac_small_none_l0_c1_s10_e19314e1,atac_small,none,0,10,50,,11270,8402,nested_v1
X3_atac_small_discriminator_lmatched_lo_c1_s10_512a5bb1,X3_atac_small_discriminator_lmatched_lo_c1_s10_b4039634,atac_small,discriminator,matched_lo,10,50,,11270,8402,nested_v1
X3_atac_small_discriminator_lmatched_hi_c1_s10_07d5dcea,X3_atac_small_discriminator_lmatched_hi_c1_s10_57880ffc,atac_small,discriminator,matched_hi,10,50,,11270,8402,nested_v1
X3_atac_small_reference_lmatched_lo_c1_s10_28507706,X3_atac_small_reference_lmatched_lo_c1_s10_c43e0194,atac_small,reference,matched_lo,10,50,,11270,8402,nested_v1
X3_atac_small_reference_lmatched_hi_c1_s10_c5d52017,X3_atac_small_reference_lmatched_hi_c1_s10_b081dcfa,atac_small,reference,matched_hi,10,50,,11270,8402,nested_v1
X3_atac_small_pooled_lmatched_lo_c1_s10_0dac2186,X3_atac_small_pooled_lmatched_lo_c1_s10_c46f89f9,atac_small,pooled,matched_lo,10,50,,11270,8402,nested_v1
X3_atac_small_pooled_lmatched_hi_c1_s10_7a96ece6,X3_atac_small_pooled_lmatched_hi_c1_s10_952dac2f,atac_small,pooled,matched_hi,10,50,,11270,8402,nested_v1
X3_atac_small_mmd_lmatched_lo_c1_s10_2c379768,X3_atac_small_mmd_lmatched_lo_c1_s10_fb13b71b,atac_small,mmd,matched_lo,10,50,,11270,8402,nested_v1
X3_atac_small_mmd_lmatched_hi_c1_s10_5b71f1cc,X3_atac_small_mmd_lmatched_hi_c1_s10_d2489e7c,atac_small,mmd,matched_hi,10,50,,11270,8402,nested_v1
X3_atac_small_discriminator_lmatched_lo_c1_s10_a1f0b83c,X3_atac_small_discriminator_lmatched_lo_c1_s10_eca15e57,atac_small,discriminator,matched_lo,10,50,depletion_oracle,11270,8402,nested_v1
X3_atac_small_discriminator_lmatched_hi_c1_s10_fa947df5,X3_atac_small_discriminator_lmatched_hi_c1_s10_2cc8a805,atac_small,discriminator,matched_hi,10,50,depletion_oracle,11270,8402,nested_v1
X3_atac_small_reference_lmatched_lo_c1_s10_d11aa8ea,X3_atac_small_reference_lmatched_lo_c1_s10_fdfe3dc2,atac_small,reference,matched_lo,10,50,depletion_oracle,11270,8402,nested_v1
X3_atac_small_reference_lmatched_hi_c1_s10_22997929,X3_atac_small_reference_lmatched_hi_c1_s10_13981968,atac_small,reference,matched_hi,10,50,depletion_oracle,11270,8402,nested_v1
X3_atac_small_pooled_lmatched_lo_c1_s10_0512ea21,X3_atac_small_pooled_lmatched_lo_c1_s10_c96dbda0,atac_small,pooled,matched_lo,10,50,depletion_oracle,11270,8402,nested_v1
X3_atac_small_pooled_lmatched_hi_c1_s10_68ee3732,X3_atac_small_pooled_lmatched_hi_c1_s10_58426bc5,atac_small,pooled,matched_hi,10,50,depletion_oracle,11270,8402,nested_v1
X3_atac_small_mmd_lmatched_lo_c1_s10_fefee124,X3_atac_small_mmd_lmatched_lo_c1_s10_0d59b7dc,atac_small,mmd,matched_lo,10,50,depletion_oracle,11270,8402,nested_v1
X3_atac_small_mmd_lmatched_hi_c1_s10_d21cc94e,X3_atac_small_mmd_lmatched_hi_c1_s10_e606d991,atac_small,mmd,matched_hi,10,50,depletion_oracle,11270,8402,nested_v1
X3_atac_small_none_l0_c1_s11_d33826d9,X3_atac_small_none_l0_c1_s11_4263ac31,atac_small,none,0,11,50,,11270,8402,nested_v1
X3_atac_small_discriminator_lmatched_lo_c1_s11_3a3875ea,X3_atac_small_discriminator_lmatched_lo_c1_s11_8664fe71,atac_small,discriminator,matched_lo,11,50,,11270,8402,nested_v1
X3_atac_small_discriminator_lmatched_hi_c1_s11_ca2ee159,X3_atac_small_discriminator_lmatched_hi_c1_s11_39e433ac,atac_small,discriminator,matched_hi,11,50,,11270,8402,nested_v1
X3_atac_small_reference_lmatched_lo_c1_s11_5f7cce8a,X3_atac_small_reference_lmatched_lo_c1_s11_5dfb22f5,atac_small,reference,matched_lo,11,50,,11270,8402,nested_v1
X3_atac_small_reference_lmatched_hi_c1_s11_4191fef1,X3_atac_small_reference_lmatched_hi_c1_s11_ee5a9bc7,atac_small,reference,matched_hi,11,50,,11270,8402,nested_v1
X3_atac_small_pooled_lmatched_lo_c1_s11_a8c0821d,X3_atac_small_pooled_lmatched_lo_c1_s11_aa0008c2,atac_small,pooled,matched_lo,11,50,,11270,8402,nested_v1
X3_atac_small_pooled_lmatched_hi_c1_s11_53af120f,X3_atac_small_pooled_lmatched_hi_c1_s11_1b025248,atac_small,pooled,matched_hi,11,50,,11270,8402,nested_v1
X3_atac_small_mmd_lmatched_lo_c1_s11_2d4f382e,X3_atac_small_mmd_lmatched_lo_c1_s11_0380939b,atac_small,mmd,matched_lo,11,50,,11270,8402,nested_v1
X3_atac_small_mmd_lmatched_hi_c1_s11_47987ee6,X3_atac_small_mmd_lmatched_hi_c1_s11_eafd0443,atac_small,mmd,matched_hi,11,50,,11270,8402,nested_v1
X3_atac_small_discriminator_lmatched_lo_c1_s11_97f32573,X3_atac_small_discriminator_lmatched_lo_c1_s11_3d9d6468,atac_small,discriminator,matched_lo,11,50,depletion_oracle,11270,8402,nested_v1
X3_atac_small_discriminator_lmatched_hi_c1_s11_84d6c65e,X3_atac_small_discriminator_lmatched_hi_c1_s11_aa921ccf,atac_small,discriminator,matched_hi,11,50,depletion_oracle,11270,8402,nested_v1
X3_atac_small_reference_lmatched_lo_c1_s11_212c5168,X3_atac_small_reference_lmatched_lo_c1_s11_73893e6a,atac_small,reference,matched_lo,11,50,depletion_oracle,11270,8402,nested_v1
X3_atac_small_reference_lmatched_hi_c1_s11_7fd5b33d,X3_atac_small_reference_lmatched_hi_c1_s11_3c144f0e,atac_small,reference,matched_hi,11,50,depletion_oracle,11270,8402,nested_v1
X3_atac_small_pooled_lmatched_lo_c1_s11_e7b0c7e5,X3_atac_small_pooled_lmatched_lo_c1_s11_684119eb,atac_small,pooled,matched_lo,11,50,depletion_oracle,11270,8402,nested_v1
X3_atac_small_pooled_lmatched_hi_c1_s11_54161d13,X3_atac_small_pooled_lmatched_hi_c1_s11_90eedc1d,atac_small,pooled,matched_hi,11,50,depletion_oracle,11270,8402,nested_v1
X3_atac_small_mmd_lmatched_lo_c1_s11_68a99e19,X3_atac_small_mmd_lmatched_lo_c1_s11_a41cae47,atac_small,mmd,matched_lo,11,50,depletion_oracle,11270,8402,nested_v1
X3_atac_small_mmd_lmatched_hi_c1_s11_9ea536e8,X3_atac_small_mmd_lmatched_hi_c1_s11_3c84a4a7,atac_small,mmd,matched_hi,11,50,depletion_oracle,11270,8402,nested_v1
X3_atac_small_none_l0_c1_s12_ffb3afbb,X3_atac_small_none_l0_c1_s12_13e04148,atac_small,none,0,12,50,,11270,8402,nested_v1
X3_atac_small_discriminator_lmatched_lo_c1_s12_9496c10e,X3_atac_small_discriminator_lmatched_lo_c1_s12_077fc5fe,atac_small,discriminator,matched_lo,12,50,,11270,8402,nested_v1
X3_atac_small_discriminator_lmatched_hi_c1_s12_3a1cee48,X3_atac_small_discriminator_lmatched_hi_c1_s12_5fd304c3,atac_small,discriminator,matched_hi,12,50,,11270,8402,nested_v1
X3_atac_small_reference_lmatched_lo_c1_s12_8a176508,X3_atac_small_reference_lmatched_lo_c1_s12_5cca6def,atac_small,reference,matched_lo,12,50,,11270,8402,nested_v1
X3_atac_small_reference_lmatched_hi_c1_s12_51192fc0,X3_atac_small_reference_lmatched_hi_c1_s12_73a4c730,atac_small,reference,matched_hi,12,50,,11270,8402,nested_v1
X3_atac_small_pooled_lmatched_lo_c1_s12_6bccd6ff,X3_atac_small_pooled_lmatched_lo_c1_s12_46e99d3b,atac_small,pooled,matched_lo,12,50,,11270,8402,nested_v1
X3_atac_small_pooled_lmatched_hi_c1_s12_9c9f9bec,X3_atac_small_pooled_lmatched_hi_c1_s12_35577c44,atac_small,pooled,matched_hi,12,50,,11270,8402,nested_v1
X3_atac_small_mmd_lmatched_lo_c1_s12_d957ee08,X3_atac_small_mmd_lmatched_lo_c1_s12_b961287a,atac_small,mmd,matched_lo,12,50,,11270,8402,nested_v1
X3_atac_small_mmd_lmatched_hi_c1_s12_ff126646,X3_atac_small_mmd_lmatched_hi_c1_s12_02ac0a72,atac_small,mmd,matched_hi,12,50,,11270,8402,nested_v1
X3_atac_small_discriminator_lmatched_lo_c1_s12_2448f036,X3_atac_small_discriminator_lmatched_lo_c1_s12_8c286bab,atac_small,discriminator,matched_lo,12,50,depletion_oracle,11270,8402,nested_v1
X3_atac_small_discriminator_lmatched_hi_c1_s12_8b57b585,X3_atac_small_discriminator_lmatched_hi_c1_s12_d6fa4a41,atac_small,discriminator,matched_hi,12,50,depletion_oracle,11270,8402,nested_v1
X3_atac_small_reference_lmatched_lo_c1_s12_6d3bf244,X3_atac_small_reference_lmatched_lo_c1_s12_bbf83a14,atac_small,reference,matched_lo,12,50,depletion_oracle,11270,8402,nested_v1
X3_atac_small_reference_lmatched_hi_c1_s12_42a9f260,X3_atac_small_reference_lmatched_hi_c1_s12_fc1a2ccb,atac_small,reference,matched_hi,12,50,depletion_oracle,11270,8402,nested_v1
X3_atac_small_pooled_lmatched_lo_c1_s12_10c4f278,X3_atac_small_pooled_lmatched_lo_c1_s12_3e977571,atac_small,pooled,matched_lo,12,50,depletion_oracle,11270,8402,nested_v1
X3_atac_small_pooled_lmatched_hi_c1_s12_e116a9cf,X3_atac_small_pooled_lmatched_hi_c1_s12_1d0e80da,atac_small,pooled,matched_hi,12,50,depletion_oracle,11270,8402,nested_v1
X3_atac_small_mmd_lmatched_lo_c1_s12_9f092794,X3_atac_small_mmd_lmatched_lo_c1_s12_2db2d12e,atac_small,mmd,matched_lo,12,50,depletion_oracle,11270,8402,nested_v1
X3_atac_small_mmd_lmatched_hi_c1_s12_b14622a9,X3_atac_small_mmd_lmatched_hi_c1_s12_0c4c51d8,atac_small,mmd,matched_hi,12,50,depletion_oracle,11270,8402,nested_v1
X3_atac_small_none_l0_c1_s10_0ed97b02,X3_atac_small_none_l0_c1_s10_571f1c3f,atac_small,none,0,10,80,,11270,8402,nested_v1
X3_atac_small_discriminator_lmatched_lo_c1_s10_a8ab4fb0,X3_atac_small_discriminator_lmatched_lo_c1_s10_a92a40f1,atac_small,discriminator,matched_lo,10,80,,11270,8402,nested_v1
X3_atac_small_discriminator_lmatched_hi_c1_s10_a544bbfd,X3_atac_small_discriminator_lmatched_hi_c1_s10_81cdeab3,atac_small,discriminator,matched_hi,10,80,,11270,8402,nested_v1
X3_atac_small_reference_lmatched_lo_c1_s10_4f7bdf73,X3_atac_small_reference_lmatched_lo_c1_s10_02734f89,atac_small,reference,matched_lo,10,80,,11270,8402,nested_v1
X3_atac_small_reference_lmatched_hi_c1_s10_62a12ee0,X3_atac_small_reference_lmatched_hi_c1_s10_e76893e4,atac_small,reference,matched_hi,10,80,,11270,8402,nested_v1
X3_atac_small_pooled_lmatched_lo_c1_s10_b79744a3,X3_atac_small_pooled_lmatched_lo_c1_s10_aeedd378,atac_small,pooled,matched_lo,10,80,,11270,8402,nested_v1
X3_atac_small_pooled_lmatched_hi_c1_s10_45ec8146,X3_atac_small_pooled_lmatched_hi_c1_s10_758d7deb,atac_small,pooled,matched_hi,10,80,,11270,8402,nested_v1
X3_atac_small_mmd_lmatched_lo_c1_s10_5704f5f9,X3_atac_small_mmd_lmatched_lo_c1_s10_ff20b0e0,atac_small,mmd,matched_lo,10,80,,11270,8402,nested_v1
X3_atac_small_mmd_lmatched_hi_c1_s10_92ead046,X3_atac_small_mmd_lmatched_hi_c1_s10_13cb8762,atac_small,mmd,matched_hi,10,80,,11270,8402,nested_v1
X3_atac_small_discriminator_lmatched_lo_c1_s10_f1480fcc,X3_atac_small_discriminator_lmatched_lo_c1_s10_3ca63aaa,atac_small,discriminator,matched_lo,10,80,depletion_oracle,11270,8402,nested_v1
X3_atac_small_discriminator_lmatched_hi_c1_s10_8c0bd009,X3_atac_small_discriminator_lmatched_hi_c1_s10_38dc589e,atac_small,discriminator,matched_hi,10,80,depletion_oracle,11270,8402,nested_v1
X3_atac_small_reference_lmatched_lo_c1_s10_05b52387,X3_atac_small_reference_lmatched_lo_c1_s10_e4c315d8,atac_small,reference,matched_lo,10,80,depletion_oracle,11270,8402,nested_v1
X3_atac_small_reference_lmatched_hi_c1_s10_976ab366,X3_atac_small_reference_lmatched_hi_c1_s10_8159d24a,atac_small,reference,matched_hi,10,80,depletion_oracle,11270,8402,nested_v1
X3_atac_small_pooled_lmatched_lo_c1_s10_b5dc70fd,X3_atac_small_pooled_lmatched_lo_c1_s10_27b2b906,atac_small,pooled,matched_lo,10,80,depletion_oracle,11270,8402,nested_v1
X3_atac_small_pooled_lmatched_hi_c1_s10_28bf7d12,X3_atac_small_pooled_lmatched_hi_c1_s10_884bcb47,atac_small,pooled,matched_hi,10,80,depletion_oracle,11270,8402,nested_v1
X3_atac_small_mmd_lmatched_lo_c1_s10_4e7aa0ec,X3_atac_small_mmd_lmatched_lo_c1_s10_6eceba9c,atac_small,mmd,matched_lo,10,80,depletion_oracle,11270,8402,nested_v1
X3_atac_small_mmd_lmatched_hi_c1_s10_fa7de81b,X3_atac_small_mmd_lmatched_hi_c1_s10_ba09a1ca,atac_small,mmd,matched_hi,10,80,depletion_oracle,11270,8402,nested_v1
X3_atac_small_none_l0_c1_s11_105ca6bc,X3_atac_small_none_l0_c1_s11_d0f0a81e,atac_small,none,0,11,80,,11270,8402,nested_v1
X3_atac_small_discriminator_lmatched_lo_c1_s11_24cb1d91,X3_atac_small_discriminator_lmatched_lo_c1_s11_ebefbbba,atac_small,discriminator,matched_lo,11,80,,11270,8402,nested_v1
X3_atac_small_discriminator_lmatched_hi_c1_s11_1ea36baf,X3_atac_small_discriminator_lmatched_hi_c1_s11_bd1186ae,atac_small,discriminator,matched_hi,11,80,,11270,8402,nested_v1
X3_atac_small_reference_lmatched_lo_c1_s11_49d39185,X3_atac_small_reference_lmatched_lo_c1_s11_e30adf8f,atac_small,reference,matched_lo,11,80,,11270,8402,nested_v1
X3_atac_small_reference_lmatched_hi_c1_s11_57d61293,X3_atac_small_reference_lmatched_hi_c1_s11_5ae21edf,atac_small,reference,matched_hi,11,80,,11270,8402,nested_v1
X3_atac_small_pooled_lmatched_lo_c1_s11_b5b16ef1,X3_atac_small_pooled_lmatched_lo_c1_s11_5de32f52,atac_small,pooled,matched_lo,11,80,,11270,8402,nested_v1
X3_atac_small_pooled_lmatched_hi_c1_s11_cd4e1c57,X3_atac_small_pooled_lmatched_hi_c1_s11_a7f05812,atac_small,pooled,matched_hi,11,80,,11270,8402,nested_v1
X3_atac_small_mmd_lmatched_lo_c1_s11_f77cb17f,X3_atac_small_mmd_lmatched_lo_c1_s11_92cc14e2,atac_small,mmd,matched_lo,11,80,,11270,8402,nested_v1
X3_atac_small_mmd_lmatched_hi_c1_s11_4fbdebd8,X3_atac_small_mmd_lmatched_hi_c1_s11_b749f150,atac_small,mmd,matched_hi,11,80,,11270,8402,nested_v1
X3_atac_small_discriminator_lmatched_lo_c1_s11_2147e640,X3_atac_small_discriminator_lmatched_lo_c1_s11_7f607dd3,atac_small,discriminator,matched_lo,11,80,depletion_oracle,11270,8402,nested_v1
X3_atac_small_discriminator_lmatched_hi_c1_s11_11bf5083,X3_atac_small_discriminator_lmatched_hi_c1_s11_7b1771f3,atac_small,discriminator,matched_hi,11,80,depletion_oracle,11270,8402,nested_v1
X3_atac_small_reference_lmatched_lo_c1_s11_3ec0b5ca,X3_atac_small_reference_lmatched_lo_c1_s11_de06c24b,atac_small,reference,matched_lo,11,80,depletion_oracle,11270,8402,nested_v1
X3_atac_small_reference_lmatched_hi_c1_s11_be5fd9a2,X3_atac_small_reference_lmatched_hi_c1_s11_49bc313e,atac_small,reference,matched_hi,11,80,depletion_oracle,11270,8402,nested_v1
X3_atac_small_pooled_lmatched_lo_c1_s11_6553fdc7,X3_atac_small_pooled_lmatched_lo_c1_s11_8f1b502a,atac_small,pooled,matched_lo,11,80,depletion_oracle,11270,8402,nested_v1
X3_atac_small_pooled_lmatched_hi_c1_s11_35f8ca64,X3_atac_small_pooled_lmatched_hi_c1_s11_0068cd47,atac_small,pooled,matched_hi,11,80,depletion_oracle,11270,8402,nested_v1
X3_atac_small_mmd_lmatched_lo_c1_s11_6f999afc,X3_atac_small_mmd_lmatched_lo_c1_s11_6a49d27c,atac_small,mmd,matched_lo,11,80,depletion_oracle,11270,8402,nested_v1
X3_atac_small_mmd_lmatched_hi_c1_s11_265274cb,X3_atac_small_mmd_lmatched_hi_c1_s11_38230cc1,atac_small,mmd,matched_hi,11,80,depletion_oracle,11270,8402,nested_v1
X3_atac_small_none_l0_c1_s12_f33954f2,X3_atac_small_none_l0_c1_s12_3c3231c4,atac_small,none,0,12,80,,11270,8402,nested_v1
X3_atac_small_discriminator_lmatched_lo_c1_s12_1b60ed4e,X3_atac_small_discriminator_lmatched_lo_c1_s12_1ace3999,atac_small,discriminator,matched_lo,12,80,,11270,8402,nested_v1
X3_atac_small_discriminator_lmatched_hi_c1_s12_2c573b67,X3_atac_small_discriminator_lmatched_hi_c1_s12_c401ba3e,atac_small,discriminator,matched_hi,12,80,,11270,8402,nested_v1
X3_atac_small_reference_lmatched_lo_c1_s12_3455d775,X3_atac_small_reference_lmatched_lo_c1_s12_a81dd2f2,atac_small,reference,matched_lo,12,80,,11270,8402,nested_v1
X3_atac_small_reference_lmatched_hi_c1_s12_6c5f7102,X3_atac_small_reference_lmatched_hi_c1_s12_e42d2299,atac_small,reference,matched_hi,12,80,,11270,8402,nested_v1
X3_atac_small_pooled_lmatched_lo_c1_s12_50425a3a,X3_atac_small_pooled_lmatched_lo_c1_s12_d744a439,atac_small,pooled,matched_lo,12,80,,11270,8402,nested_v1
X3_atac_small_pooled_lmatched_hi_c1_s12_6d1d5701,X3_atac_small_pooled_lmatched_hi_c1_s12_9fb30280,atac_small,pooled,matched_hi,12,80,,11270,8402,nested_v1
X3_atac_small_mmd_lmatched_lo_c1_s12_dda4aed5,X3_atac_small_mmd_lmatched_lo_c1_s12_244eff4f,atac_small,mmd,matched_lo,12,80,,11270,8402,nested_v1
X3_atac_small_mmd_lmatched_hi_c1_s12_b1077ff9,X3_atac_small_mmd_lmatched_hi_c1_s12_772b49a4,atac_small,mmd,matched_hi,12,80,,11270,8402,nested_v1
X3_atac_small_discriminator_lmatched_lo_c1_s12_e8a2c9ce,X3_atac_small_discriminator_lmatched_lo_c1_s12_1eaa6fc9,atac_small,discriminator,matched_lo,12,80,depletion_oracle,11270,8402,nested_v1
X3_atac_small_discriminator_lmatched_hi_c1_s12_bb1e9948,X3_atac_small_discriminator_lmatched_hi_c1_s12_167dbb08,atac_small,discriminator,matched_hi,12,80,depletion_oracle,11270,8402,nested_v1
X3_atac_small_reference_lmatched_lo_c1_s12_98ef251e,X3_atac_small_reference_lmatched_lo_c1_s12_18837d60,atac_small,reference,matched_lo,12,80,depletion_oracle,11270,8402,nested_v1
X3_atac_small_reference_lmatched_hi_c1_s12_c3ce5d0f,X3_atac_small_reference_lmatched_hi_c1_s12_d3091a62,atac_small,reference,matched_hi,12,80,depletion_oracle,11270,8402,nested_v1
X3_atac_small_pooled_lmatched_lo_c1_s12_17715af5,X3_atac_small_pooled_lmatched_lo_c1_s12_eff810ad,atac_small,pooled,matched_lo,12,80,depletion_oracle,11270,8402,nested_v1
X3_atac_small_pooled_lmatched_hi_c1_s12_909e5ed9,X3_atac_small_pooled_lmatched_hi_c1_s12_e2a2bb78,atac_small,pooled,matched_hi,12,80,depletion_oracle,11270,8402,nested_v1
X3_atac_small_mmd_lmatched_lo_c1_s12_1f995ced,X3_atac_small_mmd_lmatched_lo_c1_s12_ac932a47,atac_small,mmd,matched_lo,12,80,depletion_oracle,11270,8402,nested_v1
X3_atac_small_mmd_lmatched_hi_c1_s12_0da6f39f,X3_atac_small_mmd_lmatched_hi_c1_s12_cff66be1,atac_small,mmd,matched_hi,12,80,depletion_oracle,11270,8402,nested_v1
X3_atac_small_none_l0_c1_s10_9091db91,X3_atac_small_none_l0_c1_s10_7d972250,atac_small,none,0,10,95,,11270,8402,nested_v1
X3_atac_small_discriminator_lmatched_lo_c1_s10_b88c50b2,X3_atac_small_discriminator_lmatched_lo_c1_s10_810007a4,atac_small,discriminator,matched_lo,10,95,,11270,8402,nested_v1
X3_atac_small_discriminator_lmatched_hi_c1_s10_04c4c43f,X3_atac_small_discriminator_lmatched_hi_c1_s10_b88f7a62,atac_small,discriminator,matched_hi,10,95,,11270,8402,nested_v1
X3_atac_small_reference_lmatched_lo_c1_s10_adfd680e,X3_atac_small_reference_lmatched_lo_c1_s10_1ad1a210,atac_small,reference,matched_lo,10,95,,11270,8402,nested_v1
X3_atac_small_reference_lmatched_hi_c1_s10_4f46dd8e,X3_atac_small_reference_lmatched_hi_c1_s10_f5523886,atac_small,reference,matched_hi,10,95,,11270,8402,nested_v1
X3_atac_small_pooled_lmatched_lo_c1_s10_3bab0167,X3_atac_small_pooled_lmatched_lo_c1_s10_01b4d28e,atac_small,pooled,matched_lo,10,95,,11270,8402,nested_v1
X3_atac_small_pooled_lmatched_hi_c1_s10_5b19757e,X3_atac_small_pooled_lmatched_hi_c1_s10_9914585c,atac_small,pooled,matched_hi,10,95,,11270,8402,nested_v1
X3_atac_small_mmd_lmatched_lo_c1_s10_9fffd89f,X3_atac_small_mmd_lmatched_lo_c1_s10_0b47d0eb,atac_small,mmd,matched_lo,10,95,,11270,8402,nested_v1
X3_atac_small_mmd_lmatched_hi_c1_s10_4a5647a2,X3_atac_small_mmd_lmatched_hi_c1_s10_09bdc624,atac_small,mmd,matched_hi,10,95,,11270,8402,nested_v1
X3_atac_small_discriminator_lmatched_lo_c1_s10_e6e16a58,X3_atac_small_discriminator_lmatched_lo_c1_s10_c9888703,atac_small,discriminator,matched_lo,10,95,depletion_oracle,11270,8402,nested_v1
X3_atac_small_discriminator_lmatched_hi_c1_s10_1457aaa1,X3_atac_small_discriminator_lmatched_hi_c1_s10_166be24e,atac_small,discriminator,matched_hi,10,95,depletion_oracle,11270,8402,nested_v1
X3_atac_small_reference_lmatched_lo_c1_s10_bc4f6a7a,X3_atac_small_reference_lmatched_lo_c1_s10_fb32fb95,atac_small,reference,matched_lo,10,95,depletion_oracle,11270,8402,nested_v1
X3_atac_small_reference_lmatched_hi_c1_s10_95db9a3c,X3_atac_small_reference_lmatched_hi_c1_s10_7b6144bc,atac_small,reference,matched_hi,10,95,depletion_oracle,11270,8402,nested_v1
X3_atac_small_pooled_lmatched_lo_c1_s10_f7dd0346,X3_atac_small_pooled_lmatched_lo_c1_s10_a3b93758,atac_small,pooled,matched_lo,10,95,depletion_oracle,11270,8402,nested_v1
X3_atac_small_pooled_lmatched_hi_c1_s10_ccfada08,X3_atac_small_pooled_lmatched_hi_c1_s10_48dd6498,atac_small,pooled,matched_hi,10,95,depletion_oracle,11270,8402,nested_v1
X3_atac_small_mmd_lmatched_lo_c1_s10_b7ab4999,X3_atac_small_mmd_lmatched_lo_c1_s10_57c57d9e,atac_small,mmd,matched_lo,10,95,depletion_oracle,11270,8402,nested_v1
X3_atac_small_mmd_lmatched_hi_c1_s10_1a90a0c4,X3_atac_small_mmd_lmatched_hi_c1_s10_715f9287,atac_small,mmd,matched_hi,10,95,depletion_oracle,11270,8402,nested_v1
X3_atac_small_none_l0_c1_s11_95eeadac,X3_atac_small_none_l0_c1_s11_8bed4ecf,atac_small,none,0,11,95,,11270,8402,nested_v1
X3_atac_small_discriminator_lmatched_lo_c1_s11_24dc2adf,X3_atac_small_discriminator_lmatched_lo_c1_s11_0a14a377,atac_small,discriminator,matched_lo,11,95,,11270,8402,nested_v1
X3_atac_small_discriminator_lmatched_hi_c1_s11_2aec5b74,X3_atac_small_discriminator_lmatched_hi_c1_s11_f338f365,atac_small,discriminator,matched_hi,11,95,,11270,8402,nested_v1
X3_atac_small_reference_lmatched_lo_c1_s11_babb449f,X3_atac_small_reference_lmatched_lo_c1_s11_98016c81,atac_small,reference,matched_lo,11,95,,11270,8402,nested_v1
X3_atac_small_reference_lmatched_hi_c1_s11_869d9590,X3_atac_small_reference_lmatched_hi_c1_s11_7ba5427f,atac_small,reference,matched_hi,11,95,,11270,8402,nested_v1
X3_atac_small_pooled_lmatched_lo_c1_s11_d391ff44,X3_atac_small_pooled_lmatched_lo_c1_s11_269cc0ce,atac_small,pooled,matched_lo,11,95,,11270,8402,nested_v1
X3_atac_small_pooled_lmatched_hi_c1_s11_c53b4bda,X3_atac_small_pooled_lmatched_hi_c1_s11_aec4ce0f,atac_small,pooled,matched_hi,11,95,,11270,8402,nested_v1
X3_atac_small_mmd_lmatched_lo_c1_s11_e0e3ad7c,X3_atac_small_mmd_lmatched_lo_c1_s11_eff5b7fe,atac_small,mmd,matched_lo,11,95,,11270,8402,nested_v1
X3_atac_small_mmd_lmatched_hi_c1_s11_3412be74,X3_atac_small_mmd_lmatched_hi_c1_s11_8b281c3f,atac_small,mmd,matched_hi,11,95,,11270,8402,nested_v1
X3_atac_small_discriminator_lmatched_lo_c1_s11_6a5266b9,X3_atac_small_discriminator_lmatched_lo_c1_s11_4fe56e2c,atac_small,discriminator,matched_lo,11,95,depletion_oracle,11270,8402,nested_v1
X3_atac_small_discriminator_lmatched_hi_c1_s11_d74960e5,X3_atac_small_discriminator_lmatched_hi_c1_s11_816aa8c6,atac_small,discriminator,matched_hi,11,95,depletion_oracle,11270,8402,nested_v1
X3_atac_small_reference_lmatched_lo_c1_s11_5f202d52,X3_atac_small_reference_lmatched_lo_c1_s11_ea75f861,atac_small,reference,matched_lo,11,95,depletion_oracle,11270,8402,nested_v1
X3_atac_small_reference_lmatched_hi_c1_s11_e0ec88c5,X3_atac_small_reference_lmatched_hi_c1_s11_72f079c5,atac_small,reference,matched_hi,11,95,depletion_oracle,11270,8402,nested_v1
X3_atac_small_pooled_lmatched_lo_c1_s11_a58bf1e7,X3_atac_small_pooled_lmatched_lo_c1_s11_ad40c911,atac_small,pooled,matched_lo,11,95,depletion_oracle,11270,8402,nested_v1
X3_atac_small_pooled_lmatched_hi_c1_s11_e6a38737,X3_atac_small_pooled_lmatched_hi_c1_s11_4c072def,atac_small,pooled,matched_hi,11,95,depletion_oracle,11270,8402,nested_v1
X3_atac_small_mmd_lmatched_lo_c1_s11_c2a720a0,X3_atac_small_mmd_lmatched_lo_c1_s11_4ee8044d,atac_small,mmd,matched_lo,11,95,depletion_oracle,11270,8402,nested_v1
X3_atac_small_mmd_lmatched_hi_c1_s11_8aa61b99,X3_atac_small_mmd_lmatched_hi_c1_s11_aed84f24,atac_small,mmd,matched_hi,11,95,depletion_oracle,11270,8402,nested_v1
X3_atac_small_none_l0_c1_s12_3263e007,X3_atac_small_none_l0_c1_s12_b733975e,atac_small,none,0,12,95,,11270,8402,nested_v1
X3_atac_small_discriminator_lmatched_lo_c1_s12_ba2fc165,X3_atac_small_discriminator_lmatched_lo_c1_s12_5a5e5d53,atac_small,discriminator,matched_lo,12,95,,11270,8402,nested_v1
X3_atac_small_discriminator_lmatched_hi_c1_s12_594ed4ef,X3_atac_small_discriminator_lmatched_hi_c1_s12_bc6d89f8,atac_small,discriminator,matched_hi,12,95,,11270,8402,nested_v1
X3_atac_small_reference_lmatched_lo_c1_s12_a06664bf,X3_atac_small_reference_lmatched_lo_c1_s12_cd50aa52,atac_small,reference,matched_lo,12,95,,11270,8402,nested_v1
X3_atac_small_reference_lmatched_hi_c1_s12_e6822901,X3_atac_small_reference_lmatched_hi_c1_s12_4e7b2338,atac_small,reference,matched_hi,12,95,,11270,8402,nested_v1
X3_atac_small_pooled_lmatched_lo_c1_s12_1902db40,X3_atac_small_pooled_lmatched_lo_c1_s12_e3c04478,atac_small,pooled,matched_lo,12,95,,11270,8402,nested_v1
X3_atac_small_pooled_lmatched_hi_c1_s12_9ebf6f54,X3_atac_small_pooled_lmatched_hi_c1_s12_f3e1281a,atac_small,pooled,matched_hi,12,95,,11270,8402,nested_v1
X3_atac_small_mmd_lmatched_lo_c1_s12_7b60b24f,X3_atac_small_mmd_lmatched_lo_c1_s12_80e0b133,atac_small,mmd,matched_lo,12,95,,11270,8402,nested_v1
X3_atac_small_mmd_lmatched_hi_c1_s12_2686f095,X3_atac_small_mmd_lmatched_hi_c1_s12_9e02481d,atac_small,mmd,matched_hi,12,95,,11270,8402,nested_v1
X3_atac_small_discriminator_lmatched_lo_c1_s12_aa644ff1,X3_atac_small_discriminator_lmatched_lo_c1_s12_552bf6b8,atac_small,discriminator,matched_lo,12,95,depletion_oracle,11270,8402,nested_v1
X3_atac_small_discriminator_lmatched_hi_c1_s12_9d4592ad,X3_atac_small_discriminator_lmatched_hi_c1_s12_0960c64b,atac_small,discriminator,matched_hi,12,95,depletion_oracle,11270,8402,nested_v1
X3_atac_small_reference_lmatched_lo_c1_s12_a2effe82,X3_atac_small_reference_lmatched_lo_c1_s12_341519b3,atac_small,reference,matched_lo,12,95,depletion_oracle,11270,8402,nested_v1
X3_atac_small_reference_lmatched_hi_c1_s12_3bd52560,X3_atac_small_reference_lmatched_hi_c1_s12_08946ef8,atac_small,reference,matched_hi,12,95,depletion_oracle,11270,8402,nested_v1
X3_atac_small_pooled_lmatched_lo_c1_s12_58ecedb3,X3_atac_small_pooled_lmatched_lo_c1_s12_7ffa943d,atac_small,pooled,matched_lo,12,95,depletion_oracle,11270,8402,nested_v1
X3_atac_small_pooled_lmatched_hi_c1_s12_6767fa1b,X3_atac_small_pooled_lmatched_hi_c1_s12_5ad9a1ab,atac_small,pooled,matched_hi,12,95,depletion_oracle,11270,8402,nested_v1
X3_atac_small_mmd_lmatched_lo_c1_s12_21ce8687,X3_atac_small_mmd_lmatched_lo_c1_s12_ce623293,atac_small,mmd,matched_lo,12,95,depletion_oracle,11270,8402,nested_v1
X3_atac_small_mmd_lmatched_hi_c1_s12_add13209,X3_atac_small_mmd_lmatched_hi_c1_s12_8895e1ef,atac_small,mmd,matched_hi,12,95,depletion_oracle,11270,8402,nested_v1
X3_atac_small_none_l0_c1_s10_6ec187f2,X3_atac_small_none_l0_c1_s10_241b34e6,atac_small,none,0,10,100,,11270,8402,nested_v1
X3_atac_small_discriminator_lmatched_lo_c1_s10_6d9c7e1b,X3_atac_small_discriminator_lmatched_lo_c1_s10_8da4ad31,atac_small,discriminator,matched_lo,10,100,,11270,8402,nested_v1
X3_atac_small_discriminator_lmatched_hi_c1_s10_e1d1d996,X3_atac_small_discriminator_lmatched_hi_c1_s10_58efee9d,atac_small,discriminator,matched_hi,10,100,,11270,8402,nested_v1
X3_atac_small_reference_lmatched_lo_c1_s10_8b397c50,X3_atac_small_reference_lmatched_lo_c1_s10_9e33ec2c,atac_small,reference,matched_lo,10,100,,11270,8402,nested_v1
X3_atac_small_reference_lmatched_hi_c1_s10_de59d104,X3_atac_small_reference_lmatched_hi_c1_s10_4d8ae6c0,atac_small,reference,matched_hi,10,100,,11270,8402,nested_v1
X3_atac_small_pooled_lmatched_lo_c1_s10_95966fed,X3_atac_small_pooled_lmatched_lo_c1_s10_ee68d01f,atac_small,pooled,matched_lo,10,100,,11270,8402,nested_v1
X3_atac_small_pooled_lmatched_hi_c1_s10_9cce975c,X3_atac_small_pooled_lmatched_hi_c1_s10_d27cad61,atac_small,pooled,matched_hi,10,100,,11270,8402,nested_v1
X3_atac_small_mmd_lmatched_lo_c1_s10_fd0f4d0b,X3_atac_small_mmd_lmatched_lo_c1_s10_093dc27c,atac_small,mmd,matched_lo,10,100,,11270,8402,nested_v1
X3_atac_small_mmd_lmatched_hi_c1_s10_dda0b6f9,X3_atac_small_mmd_lmatched_hi_c1_s10_d0d5c87b,atac_small,mmd,matched_hi,10,100,,11270,8402,nested_v1
X3_atac_small_none_l0_c1_s11_daf991af,X3_atac_small_none_l0_c1_s11_96728df6,atac_small,none,0,11,100,,11270,8402,nested_v1
X3_atac_small_discriminator_lmatched_lo_c1_s11_977759e0,X3_atac_small_discriminator_lmatched_lo_c1_s11_30213dfb,atac_small,discriminator,matched_lo,11,100,,11270,8402,nested_v1
X3_atac_small_discriminator_lmatched_hi_c1_s11_fa31db78,X3_atac_small_discriminator_lmatched_hi_c1_s11_6121084e,atac_small,discriminator,matched_hi,11,100,,11270,8402,nested_v1
X3_atac_small_reference_lmatched_lo_c1_s11_bfca1343,X3_atac_small_reference_lmatched_lo_c1_s11_80b4f51e,atac_small,reference,matched_lo,11,100,,11270,8402,nested_v1
X3_atac_small_reference_lmatched_hi_c1_s11_e6826b9f,X3_atac_small_reference_lmatched_hi_c1_s11_f9ad9f16,atac_small,reference,matched_hi,11,100,,11270,8402,nested_v1
X3_atac_small_pooled_lmatched_lo_c1_s11_7e814bbe,X3_atac_small_pooled_lmatched_lo_c1_s11_60ee4aaf,atac_small,pooled,matched_lo,11,100,,11270,8402,nested_v1
X3_atac_small_pooled_lmatched_hi_c1_s11_2fb2abfa,X3_atac_small_pooled_lmatched_hi_c1_s11_ae5ab314,atac_small,pooled,matched_hi,11,100,,11270,8402,nested_v1
X3_atac_small_mmd_lmatched_lo_c1_s11_92595612,X3_atac_small_mmd_lmatched_lo_c1_s11_f40da653,atac_small,mmd,matched_lo,11,100,,11270,8402,nested_v1
X3_atac_small_mmd_lmatched_hi_c1_s11_c7c08aa4,X3_atac_small_mmd_lmatched_hi_c1_s11_d87c6722,atac_small,mmd,matched_hi,11,100,,11270,8402,nested_v1
X3_atac_small_none_l0_c1_s12_fbb413a0,X3_atac_small_none_l0_c1_s12_40301db2,atac_small,none,0,12,100,,11270,8402,nested_v1
X3_atac_small_discriminator_lmatched_lo_c1_s12_9a8ce969,X3_atac_small_discriminator_lmatched_lo_c1_s12_08595708,atac_small,discriminator,matched_lo,12,100,,11270,8402,nested_v1
X3_atac_small_discriminator_lmatched_hi_c1_s12_5971c2cb,X3_atac_small_discriminator_lmatched_hi_c1_s12_30ee2c15,atac_small,discriminator,matched_hi,12,100,,11270,8402,nested_v1
X3_atac_small_reference_lmatched_lo_c1_s12_cea67bff,X3_atac_small_reference_lmatched_lo_c1_s12_e199317c,atac_small,reference,matched_lo,12,100,,11270,8402,nested_v1
X3_atac_small_reference_lmatched_hi_c1_s12_ee9e6b27,X3_atac_small_reference_lmatched_hi_c1_s12_b89e4264,atac_small,reference,matched_hi,12,100,,11270,8402,nested_v1
X3_atac_small_pooled_lmatched_lo_c1_s12_aef774e2,X3_atac_small_pooled_lmatched_lo_c1_s12_9af753cd,atac_small,pooled,matched_lo,12,100,,11270,8402,nested_v1
X3_atac_small_pooled_lmatched_hi_c1_s12_13f9bf5e,X3_atac_small_pooled_lmatched_hi_c1_s12_ba3b7cb3,atac_small,pooled,matched_hi,12,100,,11270,8402,nested_v1
X3_atac_small_mmd_lmatched_lo_c1_s12_b6cace23,X3_atac_small_mmd_lmatched_lo_c1_s12_ea203106,atac_small,mmd,matched_lo,12,100,,11270,8402,nested_v1
X3_atac_small_mmd_lmatched_hi_c1_s12_dfba06f3,X3_atac_small_mmd_lmatched_hi_c1_s12_e6d115b2,atac_small,mmd,matched_hi,12,100,,11270,8402,nested_v1
X3_immune_hum_mou_none_l0_c1_s10_2352756b,X3_immune_hum_mou_none_l0_c1_s10_4b360165,immune_hum_mou,none,0,10,0,,20000,20000,nested_v1
X3_immune_hum_mou_discriminator_lmatched_lo_c1_s10_b71f4ca0,X3_immune_hum_mou_discriminator_lmatched_lo_c1_s10_5b21f1a2,immune_hum_mou,discriminator,matched_lo,10,0,,20000,20000,nested_v1
X3_immune_hum_mou_discriminator_lmatched_hi_c1_s10_6f9dd88a,X3_immune_hum_mou_discriminator_lmatched_hi_c1_s10_a7f99ce6,immune_hum_mou,discriminator,matched_hi,10,0,,20000,20000,nested_v1
X3_immune_hum_mou_reference_lmatched_lo_c1_s10_dc879cdd,X3_immune_hum_mou_reference_lmatched_lo_c1_s10_cad8ac44,immune_hum_mou,reference,matched_lo,10,0,,20000,20000,nested_v1
X3_immune_hum_mou_reference_lmatched_hi_c1_s10_6daed49d,X3_immune_hum_mou_reference_lmatched_hi_c1_s10_cadf5b56,immune_hum_mou,reference,matched_hi,10,0,,20000,20000,nested_v1
X3_immune_hum_mou_pooled_lmatched_lo_c1_s10_a1b1053e,X3_immune_hum_mou_pooled_lmatched_lo_c1_s10_c97b4896,immune_hum_mou,pooled,matched_lo,10,0,,20000,20000,nested_v1
X3_immune_hum_mou_pooled_lmatched_hi_c1_s10_b4caf8ae,X3_immune_hum_mou_pooled_lmatched_hi_c1_s10_d1ca318c,immune_hum_mou,pooled,matched_hi,10,0,,20000,20000,nested_v1
X3_immune_hum_mou_mmd_lmatched_lo_c1_s10_a26824ff,X3_immune_hum_mou_mmd_lmatched_lo_c1_s10_ec3bea6d,immune_hum_mou,mmd,matched_lo,10,0,,20000,20000,nested_v1
X3_immune_hum_mou_mmd_lmatched_hi_c1_s10_bfc6cdcc,X3_immune_hum_mou_mmd_lmatched_hi_c1_s10_0acf4115,immune_hum_mou,mmd,matched_hi,10,0,,20000,20000,nested_v1
X3_immune_hum_mou_none_l0_c1_s11_3c6a38f8,X3_immune_hum_mou_none_l0_c1_s11_9eecf0ae,immune_hum_mou,none,0,11,0,,20000,20000,nested_v1
X3_immune_hum_mou_discriminator_lmatched_lo_c1_s11_6d63f7f7,X3_immune_hum_mou_discriminator_lmatched_lo_c1_s11_411d3e56,immune_hum_mou,discriminator,matched_lo,11,0,,20000,20000,nested_v1
X3_immune_hum_mou_discriminator_lmatched_hi_c1_s11_77c3dd5a,X3_immune_hum_mou_discriminator_lmatched_hi_c1_s11_833b9564,immune_hum_mou,discriminator,matched_hi,11,0,,20000,20000,nested_v1
X3_immune_hum_mou_reference_lmatched_lo_c1_s11_a60161c5,X3_immune_hum_mou_reference_lmatched_lo_c1_s11_e367c545,immune_hum_mou,reference,matched_lo,11,0,,20000,20000,nested_v1
X3_immune_hum_mou_reference_lmatched_hi_c1_s11_a0656b2f,X3_immune_hum_mou_reference_lmatched_hi_c1_s11_f063f255,immune_hum_mou,reference,matched_hi,11,0,,20000,20000,nested_v1
X3_immune_hum_mou_pooled_lmatched_lo_c1_s11_426083b3,X3_immune_hum_mou_pooled_lmatched_lo_c1_s11_081f39f4,immune_hum_mou,pooled,matched_lo,11,0,,20000,20000,nested_v1
X3_immune_hum_mou_pooled_lmatched_hi_c1_s11_0f5dbc4f,X3_immune_hum_mou_pooled_lmatched_hi_c1_s11_857f563a,immune_hum_mou,pooled,matched_hi,11,0,,20000,20000,nested_v1
X3_immune_hum_mou_mmd_lmatched_lo_c1_s11_c76b6c37,X3_immune_hum_mou_mmd_lmatched_lo_c1_s11_b86cd20a,immune_hum_mou,mmd,matched_lo,11,0,,20000,20000,nested_v1
X3_immune_hum_mou_mmd_lmatched_hi_c1_s11_13533184,X3_immune_hum_mou_mmd_lmatched_hi_c1_s11_d98aab2e,immune_hum_mou,mmd,matched_hi,11,0,,20000,20000,nested_v1
X3_immune_hum_mou_none_l0_c1_s12_73c2e893,X3_immune_hum_mou_none_l0_c1_s12_ee7f6465,immune_hum_mou,none,0,12,0,,20000,20000,nested_v1
X3_immune_hum_mou_discriminator_lmatched_lo_c1_s12_5c5c054f,X3_immune_hum_mou_discriminator_lmatched_lo_c1_s12_559a82fd,immune_hum_mou,discriminator,matched_lo,12,0,,20000,20000,nested_v1
X3_immune_hum_mou_discriminator_lmatched_hi_c1_s12_717f07ce,X3_immune_hum_mou_discriminator_lmatched_hi_c1_s12_9adfbc36,immune_hum_mou,discriminator,matched_hi,12,0,,20000,20000,nested_v1
X3_immune_hum_mou_reference_lmatched_lo_c1_s12_f142aa15,X3_immune_hum_mou_reference_lmatched_lo_c1_s12_c5bb365e,immune_hum_mou,reference,matched_lo,12,0,,20000,20000,nested_v1
X3_immune_hum_mou_reference_lmatched_hi_c1_s12_bf6ae688,X3_immune_hum_mou_reference_lmatched_hi_c1_s12_fc779fe5,immune_hum_mou,reference,matched_hi,12,0,,20000,20000,nested_v1
X3_immune_hum_mou_pooled_lmatched_lo_c1_s12_9a2514cb,X3_immune_hum_mou_pooled_lmatched_lo_c1_s12_5b98811b,immune_hum_mou,pooled,matched_lo,12,0,,20000,20000,nested_v1
X3_immune_hum_mou_pooled_lmatched_hi_c1_s12_46d761f3,X3_immune_hum_mou_pooled_lmatched_hi_c1_s12_f910d7cc,immune_hum_mou,pooled,matched_hi,12,0,,20000,20000,nested_v1
X3_immune_hum_mou_mmd_lmatched_lo_c1_s12_ae0079d9,X3_immune_hum_mou_mmd_lmatched_lo_c1_s12_df93b357,immune_hum_mou,mmd,matched_lo,12,0,,20000,20000,nested_v1
X3_immune_hum_mou_mmd_lmatched_hi_c1_s12_4de3d74e,X3_immune_hum_mou_mmd_lmatched_hi_c1_s12_4bb1551f,immune_hum_mou,mmd,matched_hi,12,0,,20000,20000,nested_v1
X3_immune_hum_mou_none_l0_c1_s10_a67fab10,X3_immune_hum_mou_none_l0_c1_s10_d11f60ea,immune_hum_mou,none,0,10,50,,20000,20000,nested_v1
X3_immune_hum_mou_discriminator_lmatched_lo_c1_s10_4940f4cd,X3_immune_hum_mou_discriminator_lmatched_lo_c1_s10_6e9b3918,immune_hum_mou,discriminator,matched_lo,10,50,,20000,20000,nested_v1
X3_immune_hum_mou_discriminator_lmatched_hi_c1_s10_e05bf0ed,X3_immune_hum_mou_discriminator_lmatched_hi_c1_s10_96180c9e,immune_hum_mou,discriminator,matched_hi,10,50,,20000,20000,nested_v1
X3_immune_hum_mou_reference_lmatched_lo_c1_s10_66455de4,X3_immune_hum_mou_reference_lmatched_lo_c1_s10_e6855995,immune_hum_mou,reference,matched_lo,10,50,,20000,20000,nested_v1
X3_immune_hum_mou_reference_lmatched_hi_c1_s10_0d691e8b,X3_immune_hum_mou_reference_lmatched_hi_c1_s10_e946d161,immune_hum_mou,reference,matched_hi,10,50,,20000,20000,nested_v1
X3_immune_hum_mou_pooled_lmatched_lo_c1_s10_1c5cc417,X3_immune_hum_mou_pooled_lmatched_lo_c1_s10_956cc2b7,immune_hum_mou,pooled,matched_lo,10,50,,20000,20000,nested_v1
X3_immune_hum_mou_pooled_lmatched_hi_c1_s10_f06aae20,X3_immune_hum_mou_pooled_lmatched_hi_c1_s10_ed38132a,immune_hum_mou,pooled,matched_hi,10,50,,20000,20000,nested_v1
X3_immune_hum_mou_mmd_lmatched_lo_c1_s10_8872ecbe,X3_immune_hum_mou_mmd_lmatched_lo_c1_s10_99c4589a,immune_hum_mou,mmd,matched_lo,10,50,,20000,20000,nested_v1
X3_immune_hum_mou_mmd_lmatched_hi_c1_s10_be728412,X3_immune_hum_mou_mmd_lmatched_hi_c1_s10_2f5b54e4,immune_hum_mou,mmd,matched_hi,10,50,,20000,20000,nested_v1
X3_immune_hum_mou_discriminator_lmatched_lo_c1_s10_5928e736,X3_immune_hum_mou_discriminator_lmatched_lo_c1_s10_d0dff6da,immune_hum_mou,discriminator,matched_lo,10,50,depletion_oracle,20000,20000,nested_v1
X3_immune_hum_mou_discriminator_lmatched_hi_c1_s10_371c6ac8,X3_immune_hum_mou_discriminator_lmatched_hi_c1_s10_3aca71f9,immune_hum_mou,discriminator,matched_hi,10,50,depletion_oracle,20000,20000,nested_v1
X3_immune_hum_mou_reference_lmatched_lo_c1_s10_0f0b8d1f,X3_immune_hum_mou_reference_lmatched_lo_c1_s10_6dbc22fa,immune_hum_mou,reference,matched_lo,10,50,depletion_oracle,20000,20000,nested_v1
X3_immune_hum_mou_reference_lmatched_hi_c1_s10_1b1604e9,X3_immune_hum_mou_reference_lmatched_hi_c1_s10_2a255ba9,immune_hum_mou,reference,matched_hi,10,50,depletion_oracle,20000,20000,nested_v1
X3_immune_hum_mou_pooled_lmatched_lo_c1_s10_9d23558d,X3_immune_hum_mou_pooled_lmatched_lo_c1_s10_125a5e05,immune_hum_mou,pooled,matched_lo,10,50,depletion_oracle,20000,20000,nested_v1
X3_immune_hum_mou_pooled_lmatched_hi_c1_s10_d2f849d1,X3_immune_hum_mou_pooled_lmatched_hi_c1_s10_1a479ec7,immune_hum_mou,pooled,matched_hi,10,50,depletion_oracle,20000,20000,nested_v1
X3_immune_hum_mou_mmd_lmatched_lo_c1_s10_447feb96,X3_immune_hum_mou_mmd_lmatched_lo_c1_s10_f8352eae,immune_hum_mou,mmd,matched_lo,10,50,depletion_oracle,20000,20000,nested_v1
X3_immune_hum_mou_mmd_lmatched_hi_c1_s10_a7a47a16,X3_immune_hum_mou_mmd_lmatched_hi_c1_s10_b50aa4d3,immune_hum_mou,mmd,matched_hi,10,50,depletion_oracle,20000,20000,nested_v1
X3_immune_hum_mou_none_l0_c1_s11_698ecac2,X3_immune_hum_mou_none_l0_c1_s11_817ce798,immune_hum_mou,none,0,11,50,,20000,20000,nested_v1
X3_immune_hum_mou_discriminator_lmatched_lo_c1_s11_3b55e1dc,X3_immune_hum_mou_discriminator_lmatched_lo_c1_s11_cef6e162,immune_hum_mou,discriminator,matched_lo,11,50,,20000,20000,nested_v1
X3_immune_hum_mou_discriminator_lmatched_hi_c1_s11_9538e9cc,X3_immune_hum_mou_discriminator_lmatched_hi_c1_s11_eb772cef,immune_hum_mou,discriminator,matched_hi,11,50,,20000,20000,nested_v1
X3_immune_hum_mou_reference_lmatched_lo_c1_s11_2baf8187,X3_immune_hum_mou_reference_lmatched_lo_c1_s11_b4b17ed5,immune_hum_mou,reference,matched_lo,11,50,,20000,20000,nested_v1
X3_immune_hum_mou_reference_lmatched_hi_c1_s11_2596dc52,X3_immune_hum_mou_reference_lmatched_hi_c1_s11_863741fa,immune_hum_mou,reference,matched_hi,11,50,,20000,20000,nested_v1
X3_immune_hum_mou_pooled_lmatched_lo_c1_s11_f5a9a821,X3_immune_hum_mou_pooled_lmatched_lo_c1_s11_b3e04979,immune_hum_mou,pooled,matched_lo,11,50,,20000,20000,nested_v1
X3_immune_hum_mou_pooled_lmatched_hi_c1_s11_7337fb2e,X3_immune_hum_mou_pooled_lmatched_hi_c1_s11_90a5e8d5,immune_hum_mou,pooled,matched_hi,11,50,,20000,20000,nested_v1
X3_immune_hum_mou_mmd_lmatched_lo_c1_s11_4d4ab845,X3_immune_hum_mou_mmd_lmatched_lo_c1_s11_45b33251,immune_hum_mou,mmd,matched_lo,11,50,,20000,20000,nested_v1
X3_immune_hum_mou_mmd_lmatched_hi_c1_s11_12070075,X3_immune_hum_mou_mmd_lmatched_hi_c1_s11_83b4e895,immune_hum_mou,mmd,matched_hi,11,50,,20000,20000,nested_v1
X3_immune_hum_mou_discriminator_lmatched_lo_c1_s11_d1b8de84,X3_immune_hum_mou_discriminator_lmatched_lo_c1_s11_2cc4b6c6,immune_hum_mou,discriminator,matched_lo,11,50,depletion_oracle,20000,20000,nested_v1
X3_immune_hum_mou_discriminator_lmatched_hi_c1_s11_77d82d6f,X3_immune_hum_mou_discriminator_lmatched_hi_c1_s11_7917fecd,immune_hum_mou,discriminator,matched_hi,11,50,depletion_oracle,20000,20000,nested_v1
X3_immune_hum_mou_reference_lmatched_lo_c1_s11_8fbe3b75,X3_immune_hum_mou_reference_lmatched_lo_c1_s11_ce05431e,immune_hum_mou,reference,matched_lo,11,50,depletion_oracle,20000,20000,nested_v1
X3_immune_hum_mou_reference_lmatched_hi_c1_s11_43ce83aa,X3_immune_hum_mou_reference_lmatched_hi_c1_s11_61f31a43,immune_hum_mou,reference,matched_hi,11,50,depletion_oracle,20000,20000,nested_v1
X3_immune_hum_mou_pooled_lmatched_lo_c1_s11_d3b67ad4,X3_immune_hum_mou_pooled_lmatched_lo_c1_s11_5d9e75ae,immune_hum_mou,pooled,matched_lo,11,50,depletion_oracle,20000,20000,nested_v1
X3_immune_hum_mou_pooled_lmatched_hi_c1_s11_c218aa18,X3_immune_hum_mou_pooled_lmatched_hi_c1_s11_22bbc4ef,immune_hum_mou,pooled,matched_hi,11,50,depletion_oracle,20000,20000,nested_v1
X3_immune_hum_mou_mmd_lmatched_lo_c1_s11_ea060835,X3_immune_hum_mou_mmd_lmatched_lo_c1_s11_13806169,immune_hum_mou,mmd,matched_lo,11,50,depletion_oracle,20000,20000,nested_v1
X3_immune_hum_mou_mmd_lmatched_hi_c1_s11_873c51e8,X3_immune_hum_mou_mmd_lmatched_hi_c1_s11_65f5eacd,immune_hum_mou,mmd,matched_hi,11,50,depletion_oracle,20000,20000,nested_v1
X3_immune_hum_mou_none_l0_c1_s12_61070ae5,X3_immune_hum_mou_none_l0_c1_s12_fcd0b97d,immune_hum_mou,none,0,12,50,,20000,20000,nested_v1
X3_immune_hum_mou_discriminator_lmatched_lo_c1_s12_731f95eb,X3_immune_hum_mou_discriminator_lmatched_lo_c1_s12_5f3c3e45,immune_hum_mou,discriminator,matched_lo,12,50,,20000,20000,nested_v1
X3_immune_hum_mou_discriminator_lmatched_hi_c1_s12_73be515d,X3_immune_hum_mou_discriminator_lmatched_hi_c1_s12_b3efee06,immune_hum_mou,discriminator,matched_hi,12,50,,20000,20000,nested_v1
X3_immune_hum_mou_reference_lmatched_lo_c1_s12_0c6f863f,X3_immune_hum_mou_reference_lmatched_lo_c1_s12_8d5a9452,immune_hum_mou,reference,matched_lo,12,50,,20000,20000,nested_v1
X3_immune_hum_mou_reference_lmatched_hi_c1_s12_7cc21cb1,X3_immune_hum_mou_reference_lmatched_hi_c1_s12_8e3ce4ec,immune_hum_mou,reference,matched_hi,12,50,,20000,20000,nested_v1
X3_immune_hum_mou_pooled_lmatched_lo_c1_s12_1f84fc1f,X3_immune_hum_mou_pooled_lmatched_lo_c1_s12_4964e6ba,immune_hum_mou,pooled,matched_lo,12,50,,20000,20000,nested_v1
X3_immune_hum_mou_pooled_lmatched_hi_c1_s12_32ac203d,X3_immune_hum_mou_pooled_lmatched_hi_c1_s12_62009922,immune_hum_mou,pooled,matched_hi,12,50,,20000,20000,nested_v1
X3_immune_hum_mou_mmd_lmatched_lo_c1_s12_3326d7cd,X3_immune_hum_mou_mmd_lmatched_lo_c1_s12_39820233,immune_hum_mou,mmd,matched_lo,12,50,,20000,20000,nested_v1
X3_immune_hum_mou_mmd_lmatched_hi_c1_s12_ac003982,X3_immune_hum_mou_mmd_lmatched_hi_c1_s12_e11c9afc,immune_hum_mou,mmd,matched_hi,12,50,,20000,20000,nested_v1
X3_immune_hum_mou_discriminator_lmatched_lo_c1_s12_ce1d6493,X3_immune_hum_mou_discriminator_lmatched_lo_c1_s12_c33f3310,immune_hum_mou,discriminator,matched_lo,12,50,depletion_oracle,20000,20000,nested_v1
X3_immune_hum_mou_discriminator_lmatched_hi_c1_s12_99fd8fa5,X3_immune_hum_mou_discriminator_lmatched_hi_c1_s12_cd8e00e1,immune_hum_mou,discriminator,matched_hi,12,50,depletion_oracle,20000,20000,nested_v1
X3_immune_hum_mou_reference_lmatched_lo_c1_s12_66fd7c62,X3_immune_hum_mou_reference_lmatched_lo_c1_s12_35c15f95,immune_hum_mou,reference,matched_lo,12,50,depletion_oracle,20000,20000,nested_v1
X3_immune_hum_mou_reference_lmatched_hi_c1_s12_fe0ba872,X3_immune_hum_mou_reference_lmatched_hi_c1_s12_81d98976,immune_hum_mou,reference,matched_hi,12,50,depletion_oracle,20000,20000,nested_v1
X3_immune_hum_mou_pooled_lmatched_lo_c1_s12_1a0428ce,X3_immune_hum_mou_pooled_lmatched_lo_c1_s12_b0fce547,immune_hum_mou,pooled,matched_lo,12,50,depletion_oracle,20000,20000,nested_v1
X3_immune_hum_mou_pooled_lmatched_hi_c1_s12_1a7204dd,X3_immune_hum_mou_pooled_lmatched_hi_c1_s12_e400bf55,immune_hum_mou,pooled,matched_hi,12,50,depletion_oracle,20000,20000,nested_v1
X3_immune_hum_mou_mmd_lmatched_lo_c1_s12_cd4801f7,X3_immune_hum_mou_mmd_lmatched_lo_c1_s12_073091b0,immune_hum_mou,mmd,matched_lo,12,50,depletion_oracle,20000,20000,nested_v1
X3_immune_hum_mou_mmd_lmatched_hi_c1_s12_a579fdbf,X3_immune_hum_mou_mmd_lmatched_hi_c1_s12_79296893,immune_hum_mou,mmd,matched_hi,12,50,depletion_oracle,20000,20000,nested_v1
X3_immune_hum_mou_none_l0_c1_s10_2a9de614,X3_immune_hum_mou_none_l0_c1_s10_010075f1,immune_hum_mou,none,0,10,80,,20000,20000,nested_v1
X3_immune_hum_mou_discriminator_lmatched_lo_c1_s10_d8ce5691,X3_immune_hum_mou_discriminator_lmatched_lo_c1_s10_432d09c7,immune_hum_mou,discriminator,matched_lo,10,80,,20000,20000,nested_v1
X3_immune_hum_mou_discriminator_lmatched_hi_c1_s10_08490568,X3_immune_hum_mou_discriminator_lmatched_hi_c1_s10_54e66689,immune_hum_mou,discriminator,matched_hi,10,80,,20000,20000,nested_v1
X3_immune_hum_mou_reference_lmatched_lo_c1_s10_4c461734,X3_immune_hum_mou_reference_lmatched_lo_c1_s10_e26e0581,immune_hum_mou,reference,matched_lo,10,80,,20000,20000,nested_v1
X3_immune_hum_mou_reference_lmatched_hi_c1_s10_ec7304be,X3_immune_hum_mou_reference_lmatched_hi_c1_s10_153d3651,immune_hum_mou,reference,matched_hi,10,80,,20000,20000,nested_v1
X3_immune_hum_mou_pooled_lmatched_lo_c1_s10_6c14e7c9,X3_immune_hum_mou_pooled_lmatched_lo_c1_s10_1cb83c51,immune_hum_mou,pooled,matched_lo,10,80,,20000,20000,nested_v1
X3_immune_hum_mou_pooled_lmatched_hi_c1_s10_bbff6dfc,X3_immune_hum_mou_pooled_lmatched_hi_c1_s10_a91c3557,immune_hum_mou,pooled,matched_hi,10,80,,20000,20000,nested_v1
X3_immune_hum_mou_mmd_lmatched_lo_c1_s10_4478f523,X3_immune_hum_mou_mmd_lmatched_lo_c1_s10_158ddb79,immune_hum_mou,mmd,matched_lo,10,80,,20000,20000,nested_v1
X3_immune_hum_mou_mmd_lmatched_hi_c1_s10_d0defc67,X3_immune_hum_mou_mmd_lmatched_hi_c1_s10_f0cf8cbd,immune_hum_mou,mmd,matched_hi,10,80,,20000,20000,nested_v1
X3_immune_hum_mou_discriminator_lmatched_lo_c1_s10_657fcc4b,X3_immune_hum_mou_discriminator_lmatched_lo_c1_s10_a2a23923,immune_hum_mou,discriminator,matched_lo,10,80,depletion_oracle,20000,20000,nested_v1
X3_immune_hum_mou_discriminator_lmatched_hi_c1_s10_d7bc2ca7,X3_immune_hum_mou_discriminator_lmatched_hi_c1_s10_6efcaf57,immune_hum_mou,discriminator,matched_hi,10,80,depletion_oracle,20000,20000,nested_v1
X3_immune_hum_mou_reference_lmatched_lo_c1_s10_5d26b9ca,X3_immune_hum_mou_reference_lmatched_lo_c1_s10_8403ee32,immune_hum_mou,reference,matched_lo,10,80,depletion_oracle,20000,20000,nested_v1
X3_immune_hum_mou_reference_lmatched_hi_c1_s10_204bba0a,X3_immune_hum_mou_reference_lmatched_hi_c1_s10_0f456f40,immune_hum_mou,reference,matched_hi,10,80,depletion_oracle,20000,20000,nested_v1
X3_immune_hum_mou_pooled_lmatched_lo_c1_s10_72a6defa,X3_immune_hum_mou_pooled_lmatched_lo_c1_s10_b2a0e95d,immune_hum_mou,pooled,matched_lo,10,80,depletion_oracle,20000,20000,nested_v1
X3_immune_hum_mou_pooled_lmatched_hi_c1_s10_a9eda032,X3_immune_hum_mou_pooled_lmatched_hi_c1_s10_3c9b8042,immune_hum_mou,pooled,matched_hi,10,80,depletion_oracle,20000,20000,nested_v1
X3_immune_hum_mou_mmd_lmatched_lo_c1_s10_3f6c1c0e,X3_immune_hum_mou_mmd_lmatched_lo_c1_s10_c2b2b956,immune_hum_mou,mmd,matched_lo,10,80,depletion_oracle,20000,20000,nested_v1
X3_immune_hum_mou_mmd_lmatched_hi_c1_s10_7c80b3c5,X3_immune_hum_mou_mmd_lmatched_hi_c1_s10_5554fc37,immune_hum_mou,mmd,matched_hi,10,80,depletion_oracle,20000,20000,nested_v1
X3_immune_hum_mou_none_l0_c1_s11_27f4156a,X3_immune_hum_mou_none_l0_c1_s11_0ccaff1d,immune_hum_mou,none,0,11,80,,20000,20000,nested_v1
X3_immune_hum_mou_discriminator_lmatched_lo_c1_s11_6ebf5c58,X3_immune_hum_mou_discriminator_lmatched_lo_c1_s11_a8e1e2a6,immune_hum_mou,discriminator,matched_lo,11,80,,20000,20000,nested_v1
X3_immune_hum_mou_discriminator_lmatched_hi_c1_s11_dcb08f0e,X3_immune_hum_mou_discriminator_lmatched_hi_c1_s11_3df9a910,immune_hum_mou,discriminator,matched_hi,11,80,,20000,20000,nested_v1
X3_immune_hum_mou_reference_lmatched_lo_c1_s11_0f9e7b69,X3_immune_hum_mou_reference_lmatched_lo_c1_s11_a27e644a,immune_hum_mou,reference,matched_lo,11,80,,20000,20000,nested_v1
X3_immune_hum_mou_reference_lmatched_hi_c1_s11_666f43e5,X3_immune_hum_mou_reference_lmatched_hi_c1_s11_69c08e08,immune_hum_mou,reference,matched_hi,11,80,,20000,20000,nested_v1
X3_immune_hum_mou_pooled_lmatched_lo_c1_s11_d64a26f7,X3_immune_hum_mou_pooled_lmatched_lo_c1_s11_bd73308b,immune_hum_mou,pooled,matched_lo,11,80,,20000,20000,nested_v1
X3_immune_hum_mou_pooled_lmatched_hi_c1_s11_f91a5e0d,X3_immune_hum_mou_pooled_lmatched_hi_c1_s11_096f9b37,immune_hum_mou,pooled,matched_hi,11,80,,20000,20000,nested_v1
X3_immune_hum_mou_mmd_lmatched_lo_c1_s11_760ae365,X3_immune_hum_mou_mmd_lmatched_lo_c1_s11_857c5449,immune_hum_mou,mmd,matched_lo,11,80,,20000,20000,nested_v1
X3_immune_hum_mou_mmd_lmatched_hi_c1_s11_10cd77c0,X3_immune_hum_mou_mmd_lmatched_hi_c1_s11_129debf7,immune_hum_mou,mmd,matched_hi,11,80,,20000,20000,nested_v1
X3_immune_hum_mou_discriminator_lmatched_lo_c1_s11_aa9a0aee,X3_immune_hum_mou_discriminator_lmatched_lo_c1_s11_cb85f8d7,immune_hum_mou,discriminator,matched_lo,11,80,depletion_oracle,20000,20000,nested_v1
X3_immune_hum_mou_discriminator_lmatched_hi_c1_s11_0cb86fcb,X3_immune_hum_mou_discriminator_lmatched_hi_c1_s11_a9880392,immune_hum_mou,discriminator,matched_hi,11,80,depletion_oracle,20000,20000,nested_v1
X3_immune_hum_mou_reference_lmatched_lo_c1_s11_049162c8,X3_immune_hum_mou_reference_lmatched_lo_c1_s11_0bd9dccb,immune_hum_mou,reference,matched_lo,11,80,depletion_oracle,20000,20000,nested_v1
X3_immune_hum_mou_reference_lmatched_hi_c1_s11_cdd01439,X3_immune_hum_mou_reference_lmatched_hi_c1_s11_015a91c8,immune_hum_mou,reference,matched_hi,11,80,depletion_oracle,20000,20000,nested_v1
X3_immune_hum_mou_pooled_lmatched_lo_c1_s11_fe9d33b7,X3_immune_hum_mou_pooled_lmatched_lo_c1_s11_e9edca4d,immune_hum_mou,pooled,matched_lo,11,80,depletion_oracle,20000,20000,nested_v1
X3_immune_hum_mou_pooled_lmatched_hi_c1_s11_9f1fb7c7,X3_immune_hum_mou_pooled_lmatched_hi_c1_s11_c63823de,immune_hum_mou,pooled,matched_hi,11,80,depletion_oracle,20000,20000,nested_v1
X3_immune_hum_mou_mmd_lmatched_lo_c1_s11_b67297d2,X3_immune_hum_mou_mmd_lmatched_lo_c1_s11_bbbdf04f,immune_hum_mou,mmd,matched_lo,11,80,depletion_oracle,20000,20000,nested_v1
X3_immune_hum_mou_mmd_lmatched_hi_c1_s11_d258297e,X3_immune_hum_mou_mmd_lmatched_hi_c1_s11_9c02cdb2,immune_hum_mou,mmd,matched_hi,11,80,depletion_oracle,20000,20000,nested_v1
X3_immune_hum_mou_none_l0_c1_s12_a39559e7,X3_immune_hum_mou_none_l0_c1_s12_25a396a2,immune_hum_mou,none,0,12,80,,20000,20000,nested_v1
X3_immune_hum_mou_discriminator_lmatched_lo_c1_s12_ccec9586,X3_immune_hum_mou_discriminator_lmatched_lo_c1_s12_5c43806b,immune_hum_mou,discriminator,matched_lo,12,80,,20000,20000,nested_v1
X3_immune_hum_mou_discriminator_lmatched_hi_c1_s12_440765c8,X3_immune_hum_mou_discriminator_lmatched_hi_c1_s12_48fc6598,immune_hum_mou,discriminator,matched_hi,12,80,,20000,20000,nested_v1
X3_immune_hum_mou_reference_lmatched_lo_c1_s12_3aa87c03,X3_immune_hum_mou_reference_lmatched_lo_c1_s12_af85832b,immune_hum_mou,reference,matched_lo,12,80,,20000,20000,nested_v1
X3_immune_hum_mou_reference_lmatched_hi_c1_s12_26b4693c,X3_immune_hum_mou_reference_lmatched_hi_c1_s12_3e60533f,immune_hum_mou,reference,matched_hi,12,80,,20000,20000,nested_v1
X3_immune_hum_mou_pooled_lmatched_lo_c1_s12_36c996ae,X3_immune_hum_mou_pooled_lmatched_lo_c1_s12_38bcc198,immune_hum_mou,pooled,matched_lo,12,80,,20000,20000,nested_v1
X3_immune_hum_mou_pooled_lmatched_hi_c1_s12_7a2f738e,X3_immune_hum_mou_pooled_lmatched_hi_c1_s12_e3f22b87,immune_hum_mou,pooled,matched_hi,12,80,,20000,20000,nested_v1
X3_immune_hum_mou_mmd_lmatched_lo_c1_s12_7a4c2d20,X3_immune_hum_mou_mmd_lmatched_lo_c1_s12_5e26aa0e,immune_hum_mou,mmd,matched_lo,12,80,,20000,20000,nested_v1
X3_immune_hum_mou_mmd_lmatched_hi_c1_s12_f62a3791,X3_immune_hum_mou_mmd_lmatched_hi_c1_s12_e19198a8,immune_hum_mou,mmd,matched_hi,12,80,,20000,20000,nested_v1
X3_immune_hum_mou_discriminator_lmatched_lo_c1_s12_f112adf6,X3_immune_hum_mou_discriminator_lmatched_lo_c1_s12_a41f48d9,immune_hum_mou,discriminator,matched_lo,12,80,depletion_oracle,20000,20000,nested_v1
X3_immune_hum_mou_discriminator_lmatched_hi_c1_s12_3cfcd2fe,X3_immune_hum_mou_discriminator_lmatched_hi_c1_s12_b6eb9a1c,immune_hum_mou,discriminator,matched_hi,12,80,depletion_oracle,20000,20000,nested_v1
X3_immune_hum_mou_reference_lmatched_lo_c1_s12_25aee12c,X3_immune_hum_mou_reference_lmatched_lo_c1_s12_6fa042d8,immune_hum_mou,reference,matched_lo,12,80,depletion_oracle,20000,20000,nested_v1
X3_immune_hum_mou_reference_lmatched_hi_c1_s12_17118572,X3_immune_hum_mou_reference_lmatched_hi_c1_s12_38f8c908,immune_hum_mou,reference,matched_hi,12,80,depletion_oracle,20000,20000,nested_v1
X3_immune_hum_mou_pooled_lmatched_lo_c1_s12_f73d67b1,X3_immune_hum_mou_pooled_lmatched_lo_c1_s12_c4a65b74,immune_hum_mou,pooled,matched_lo,12,80,depletion_oracle,20000,20000,nested_v1
X3_immune_hum_mou_pooled_lmatched_hi_c1_s12_7ec96246,X3_immune_hum_mou_pooled_lmatched_hi_c1_s12_b4ddb7e6,immune_hum_mou,pooled,matched_hi,12,80,depletion_oracle,20000,20000,nested_v1
X3_immune_hum_mou_mmd_lmatched_lo_c1_s12_f07f1473,X3_immune_hum_mou_mmd_lmatched_lo_c1_s12_3459736d,immune_hum_mou,mmd,matched_lo,12,80,depletion_oracle,20000,20000,nested_v1
X3_immune_hum_mou_mmd_lmatched_hi_c1_s12_17ef7d9d,X3_immune_hum_mou_mmd_lmatched_hi_c1_s12_c53aec6a,immune_hum_mou,mmd,matched_hi,12,80,depletion_oracle,20000,20000,nested_v1
X3_immune_hum_mou_none_l0_c1_s10_a79a0674,X3_immune_hum_mou_none_l0_c1_s10_e131b13a,immune_hum_mou,none,0,10,95,,20000,20000,nested_v1
X3_immune_hum_mou_discriminator_lmatched_lo_c1_s10_e84205d5,X3_immune_hum_mou_discriminator_lmatched_lo_c1_s10_a79f66a6,immune_hum_mou,discriminator,matched_lo,10,95,,20000,20000,nested_v1
X3_immune_hum_mou_discriminator_lmatched_hi_c1_s10_3716a762,X3_immune_hum_mou_discriminator_lmatched_hi_c1_s10_31b0d277,immune_hum_mou,discriminator,matched_hi,10,95,,20000,20000,nested_v1
X3_immune_hum_mou_reference_lmatched_lo_c1_s10_57bbbebe,X3_immune_hum_mou_reference_lmatched_lo_c1_s10_f2a7b13a,immune_hum_mou,reference,matched_lo,10,95,,20000,20000,nested_v1
X3_immune_hum_mou_reference_lmatched_hi_c1_s10_db948fb1,X3_immune_hum_mou_reference_lmatched_hi_c1_s10_0b0a8dbc,immune_hum_mou,reference,matched_hi,10,95,,20000,20000,nested_v1
X3_immune_hum_mou_pooled_lmatched_lo_c1_s10_5de78381,X3_immune_hum_mou_pooled_lmatched_lo_c1_s10_7a1a130b,immune_hum_mou,pooled,matched_lo,10,95,,20000,20000,nested_v1
X3_immune_hum_mou_pooled_lmatched_hi_c1_s10_2fb557c2,X3_immune_hum_mou_pooled_lmatched_hi_c1_s10_d561cbd8,immune_hum_mou,pooled,matched_hi,10,95,,20000,20000,nested_v1
X3_immune_hum_mou_mmd_lmatched_lo_c1_s10_d67cbb91,X3_immune_hum_mou_mmd_lmatched_lo_c1_s10_33d8a9c1,immune_hum_mou,mmd,matched_lo,10,95,,20000,20000,nested_v1
X3_immune_hum_mou_mmd_lmatched_hi_c1_s10_44a8e972,X3_immune_hum_mou_mmd_lmatched_hi_c1_s10_14b26f29,immune_hum_mou,mmd,matched_hi,10,95,,20000,20000,nested_v1
X3_immune_hum_mou_discriminator_lmatched_lo_c1_s10_68886fc4,X3_immune_hum_mou_discriminator_lmatched_lo_c1_s10_35737465,immune_hum_mou,discriminator,matched_lo,10,95,depletion_oracle,20000,20000,nested_v1
X3_immune_hum_mou_discriminator_lmatched_hi_c1_s10_b96fb4e9,X3_immune_hum_mou_discriminator_lmatched_hi_c1_s10_dd33ab19,immune_hum_mou,discriminator,matched_hi,10,95,depletion_oracle,20000,20000,nested_v1
X3_immune_hum_mou_reference_lmatched_lo_c1_s10_46bf74cc,X3_immune_hum_mou_reference_lmatched_lo_c1_s10_41933930,immune_hum_mou,reference,matched_lo,10,95,depletion_oracle,20000,20000,nested_v1
X3_immune_hum_mou_reference_lmatched_hi_c1_s10_a227282a,X3_immune_hum_mou_reference_lmatched_hi_c1_s10_f988deb3,immune_hum_mou,reference,matched_hi,10,95,depletion_oracle,20000,20000,nested_v1
X3_immune_hum_mou_pooled_lmatched_lo_c1_s10_e33fb60c,X3_immune_hum_mou_pooled_lmatched_lo_c1_s10_71fd40ac,immune_hum_mou,pooled,matched_lo,10,95,depletion_oracle,20000,20000,nested_v1
X3_immune_hum_mou_pooled_lmatched_hi_c1_s10_5ace18fb,X3_immune_hum_mou_pooled_lmatched_hi_c1_s10_8c92028b,immune_hum_mou,pooled,matched_hi,10,95,depletion_oracle,20000,20000,nested_v1
X3_immune_hum_mou_mmd_lmatched_lo_c1_s10_20983e7b,X3_immune_hum_mou_mmd_lmatched_lo_c1_s10_fe715579,immune_hum_mou,mmd,matched_lo,10,95,depletion_oracle,20000,20000,nested_v1
X3_immune_hum_mou_mmd_lmatched_hi_c1_s10_fb8cf91c,X3_immune_hum_mou_mmd_lmatched_hi_c1_s10_ea26b8b3,immune_hum_mou,mmd,matched_hi,10,95,depletion_oracle,20000,20000,nested_v1
X3_immune_hum_mou_none_l0_c1_s11_af5cc764,X3_immune_hum_mou_none_l0_c1_s11_b4db0b9a,immune_hum_mou,none,0,11,95,,20000,20000,nested_v1
X3_immune_hum_mou_discriminator_lmatched_lo_c1_s11_f18ec8d9,X3_immune_hum_mou_discriminator_lmatched_lo_c1_s11_63c1ec0e,immune_hum_mou,discriminator,matched_lo,11,95,,20000,20000,nested_v1
X3_immune_hum_mou_discriminator_lmatched_hi_c1_s11_08ab11fb,X3_immune_hum_mou_discriminator_lmatched_hi_c1_s11_e8c04bff,immune_hum_mou,discriminator,matched_hi,11,95,,20000,20000,nested_v1
X3_immune_hum_mou_reference_lmatched_lo_c1_s11_8ef217a4,X3_immune_hum_mou_reference_lmatched_lo_c1_s11_b8217b66,immune_hum_mou,reference,matched_lo,11,95,,20000,20000,nested_v1
X3_immune_hum_mou_reference_lmatched_hi_c1_s11_6e131c40,X3_immune_hum_mou_reference_lmatched_hi_c1_s11_638aa0e3,immune_hum_mou,reference,matched_hi,11,95,,20000,20000,nested_v1
X3_immune_hum_mou_pooled_lmatched_lo_c1_s11_eb89c12f,X3_immune_hum_mou_pooled_lmatched_lo_c1_s11_2983748f,immune_hum_mou,pooled,matched_lo,11,95,,20000,20000,nested_v1
X3_immune_hum_mou_pooled_lmatched_hi_c1_s11_0a77253e,X3_immune_hum_mou_pooled_lmatched_hi_c1_s11_9dd2f7c0,immune_hum_mou,pooled,matched_hi,11,95,,20000,20000,nested_v1
X3_immune_hum_mou_mmd_lmatched_lo_c1_s11_8b8778bb,X3_immune_hum_mou_mmd_lmatched_lo_c1_s11_7657c342,immune_hum_mou,mmd,matched_lo,11,95,,20000,20000,nested_v1
X3_immune_hum_mou_mmd_lmatched_hi_c1_s11_6a863d71,X3_immune_hum_mou_mmd_lmatched_hi_c1_s11_d0a52d4d,immune_hum_mou,mmd,matched_hi,11,95,,20000,20000,nested_v1
X3_immune_hum_mou_discriminator_lmatched_lo_c1_s11_0632eae8,X3_immune_hum_mou_discriminator_lmatched_lo_c1_s11_aa0d7fda,immune_hum_mou,discriminator,matched_lo,11,95,depletion_oracle,20000,20000,nested_v1
X3_immune_hum_mou_discriminator_lmatched_hi_c1_s11_6def17cf,X3_immune_hum_mou_discriminator_lmatched_hi_c1_s11_edce25d8,immune_hum_mou,discriminator,matched_hi,11,95,depletion_oracle,20000,20000,nested_v1
X3_immune_hum_mou_reference_lmatched_lo_c1_s11_c2f2f928,X3_immune_hum_mou_reference_lmatched_lo_c1_s11_52b31666,immune_hum_mou,reference,matched_lo,11,95,depletion_oracle,20000,20000,nested_v1
X3_immune_hum_mou_reference_lmatched_hi_c1_s11_aed56643,X3_immune_hum_mou_reference_lmatched_hi_c1_s11_e461d6fa,immune_hum_mou,reference,matched_hi,11,95,depletion_oracle,20000,20000,nested_v1
X3_immune_hum_mou_pooled_lmatched_lo_c1_s11_ba9dff52,X3_immune_hum_mou_pooled_lmatched_lo_c1_s11_9e917374,immune_hum_mou,pooled,matched_lo,11,95,depletion_oracle,20000,20000,nested_v1
X3_immune_hum_mou_pooled_lmatched_hi_c1_s11_6bf31f9d,X3_immune_hum_mou_pooled_lmatched_hi_c1_s11_8be6d85e,immune_hum_mou,pooled,matched_hi,11,95,depletion_oracle,20000,20000,nested_v1
X3_immune_hum_mou_mmd_lmatched_lo_c1_s11_f90225ef,X3_immune_hum_mou_mmd_lmatched_lo_c1_s11_adb24686,immune_hum_mou,mmd,matched_lo,11,95,depletion_oracle,20000,20000,nested_v1
X3_immune_hum_mou_mmd_lmatched_hi_c1_s11_60941d51,X3_immune_hum_mou_mmd_lmatched_hi_c1_s11_525f6984,immune_hum_mou,mmd,matched_hi,11,95,depletion_oracle,20000,20000,nested_v1
X3_immune_hum_mou_none_l0_c1_s12_7fabcd8f,X3_immune_hum_mou_none_l0_c1_s12_a3c6bd7c,immune_hum_mou,none,0,12,95,,20000,20000,nested_v1
X3_immune_hum_mou_discriminator_lmatched_lo_c1_s12_fcce5d7e,X3_immune_hum_mou_discriminator_lmatched_lo_c1_s12_22820452,immune_hum_mou,discriminator,matched_lo,12,95,,20000,20000,nested_v1
X3_immune_hum_mou_discriminator_lmatched_hi_c1_s12_e6b6baf4,X3_immune_hum_mou_discriminator_lmatched_hi_c1_s12_bea7964f,immune_hum_mou,discriminator,matched_hi,12,95,,20000,20000,nested_v1
X3_immune_hum_mou_reference_lmatched_lo_c1_s12_82874d0d,X3_immune_hum_mou_reference_lmatched_lo_c1_s12_d811dd20,immune_hum_mou,reference,matched_lo,12,95,,20000,20000,nested_v1
X3_immune_hum_mou_reference_lmatched_hi_c1_s12_698bd9cf,X3_immune_hum_mou_reference_lmatched_hi_c1_s12_79aa8486,immune_hum_mou,reference,matched_hi,12,95,,20000,20000,nested_v1
X3_immune_hum_mou_pooled_lmatched_lo_c1_s12_71cd1a19,X3_immune_hum_mou_pooled_lmatched_lo_c1_s12_3716b6b6,immune_hum_mou,pooled,matched_lo,12,95,,20000,20000,nested_v1
X3_immune_hum_mou_pooled_lmatched_hi_c1_s12_378264d4,X3_immune_hum_mou_pooled_lmatched_hi_c1_s12_b12a822b,immune_hum_mou,pooled,matched_hi,12,95,,20000,20000,nested_v1
X3_immune_hum_mou_mmd_lmatched_lo_c1_s12_d9a178ef,X3_immune_hum_mou_mmd_lmatched_lo_c1_s12_2248dbfb,immune_hum_mou,mmd,matched_lo,12,95,,20000,20000,nested_v1
X3_immune_hum_mou_mmd_lmatched_hi_c1_s12_52f2cb6e,X3_immune_hum_mou_mmd_lmatched_hi_c1_s12_b8f3c456,immune_hum_mou,mmd,matched_hi,12,95,,20000,20000,nested_v1
X3_immune_hum_mou_discriminator_lmatched_lo_c1_s12_ae7af06e,X3_immune_hum_mou_discriminator_lmatched_lo_c1_s12_469f1c11,immune_hum_mou,discriminator,matched_lo,12,95,depletion_oracle,20000,20000,nested_v1
X3_immune_hum_mou_discriminator_lmatched_hi_c1_s12_8f481e9e,X3_immune_hum_mou_discriminator_lmatched_hi_c1_s12_a837af2c,immune_hum_mou,discriminator,matched_hi,12,95,depletion_oracle,20000,20000,nested_v1
X3_immune_hum_mou_reference_lmatched_lo_c1_s12_f5455414,X3_immune_hum_mou_reference_lmatched_lo_c1_s12_e703f830,immune_hum_mou,reference,matched_lo,12,95,depletion_oracle,20000,20000,nested_v1
X3_immune_hum_mou_reference_lmatched_hi_c1_s12_cab3084f,X3_immune_hum_mou_reference_lmatched_hi_c1_s12_2111e381,immune_hum_mou,reference,matched_hi,12,95,depletion_oracle,20000,20000,nested_v1
X3_immune_hum_mou_pooled_lmatched_lo_c1_s12_79ebdbf9,X3_immune_hum_mou_pooled_lmatched_lo_c1_s12_c939b627,immune_hum_mou,pooled,matched_lo,12,95,depletion_oracle,20000,20000,nested_v1
X3_immune_hum_mou_pooled_lmatched_hi_c1_s12_59f40f3a,X3_immune_hum_mou_pooled_lmatched_hi_c1_s12_7fad3c3a,immune_hum_mou,pooled,matched_hi,12,95,depletion_oracle,20000,20000,nested_v1
X3_immune_hum_mou_mmd_lmatched_lo_c1_s12_8ad99efe,X3_immune_hum_mou_mmd_lmatched_lo_c1_s12_634383a7,immune_hum_mou,mmd,matched_lo,12,95,depletion_oracle,20000,20000,nested_v1
X3_immune_hum_mou_mmd_lmatched_hi_c1_s12_e0a9f6dc,X3_immune_hum_mou_mmd_lmatched_hi_c1_s12_86c85ca5,immune_hum_mou,mmd,matched_hi,12,95,depletion_oracle,20000,20000,nested_v1
X3_immune_hum_mou_none_l0_c1_s10_3f612eb6,X3_immune_hum_mou_none_l0_c1_s10_66548fa1,immune_hum_mou,none,0,10,100,,20000,20000,nested_v1
X3_immune_hum_mou_discriminator_lmatched_lo_c1_s10_b45c68c6,X3_immune_hum_mou_discriminator_lmatched_lo_c1_s10_a734d80f,immune_hum_mou,discriminator,matched_lo,10,100,,20000,20000,nested_v1
X3_immune_hum_mou_discriminator_lmatched_hi_c1_s10_56a2bb40,X3_immune_hum_mou_discriminator_lmatched_hi_c1_s10_97e92ba6,immune_hum_mou,discriminator,matched_hi,10,100,,20000,20000,nested_v1
X3_immune_hum_mou_reference_lmatched_lo_c1_s10_1634af83,X3_immune_hum_mou_reference_lmatched_lo_c1_s10_fa6ec788,immune_hum_mou,reference,matched_lo,10,100,,20000,20000,nested_v1
X3_immune_hum_mou_reference_lmatched_hi_c1_s10_c06d3cb1,X3_immune_hum_mou_reference_lmatched_hi_c1_s10_44a9567e,immune_hum_mou,reference,matched_hi,10,100,,20000,20000,nested_v1
X3_immune_hum_mou_pooled_lmatched_lo_c1_s10_43ed41e3,X3_immune_hum_mou_pooled_lmatched_lo_c1_s10_97798e90,immune_hum_mou,pooled,matched_lo,10,100,,20000,20000,nested_v1
X3_immune_hum_mou_pooled_lmatched_hi_c1_s10_a5337938,X3_immune_hum_mou_pooled_lmatched_hi_c1_s10_14bb37e5,immune_hum_mou,pooled,matched_hi,10,100,,20000,20000,nested_v1
X3_immune_hum_mou_mmd_lmatched_lo_c1_s10_e7b1f614,X3_immune_hum_mou_mmd_lmatched_lo_c1_s10_cd580456,immune_hum_mou,mmd,matched_lo,10,100,,20000,20000,nested_v1
X3_immune_hum_mou_mmd_lmatched_hi_c1_s10_da336851,X3_immune_hum_mou_mmd_lmatched_hi_c1_s10_775d68e3,immune_hum_mou,mmd,matched_hi,10,100,,20000,20000,nested_v1
X3_immune_hum_mou_none_l0_c1_s11_0c7f0abe,X3_immune_hum_mou_none_l0_c1_s11_e91a006b,immune_hum_mou,none,0,11,100,,20000,20000,nested_v1
X3_immune_hum_mou_discriminator_lmatched_lo_c1_s11_0707ef1a,X3_immune_hum_mou_discriminator_lmatched_lo_c1_s11_1cc7ce2d,immune_hum_mou,discriminator,matched_lo,11,100,,20000,20000,nested_v1
X3_immune_hum_mou_discriminator_lmatched_hi_c1_s11_d0dfd49a,X3_immune_hum_mou_discriminator_lmatched_hi_c1_s11_e5cd801a,immune_hum_mou,discriminator,matched_hi,11,100,,20000,20000,nested_v1
X3_immune_hum_mou_reference_lmatched_lo_c1_s11_71c5a5d4,X3_immune_hum_mou_reference_lmatched_lo_c1_s11_313c7c60,immune_hum_mou,reference,matched_lo,11,100,,20000,20000,nested_v1
X3_immune_hum_mou_reference_lmatched_hi_c1_s11_3c408077,X3_immune_hum_mou_reference_lmatched_hi_c1_s11_c1c9dac8,immune_hum_mou,reference,matched_hi,11,100,,20000,20000,nested_v1
X3_immune_hum_mou_pooled_lmatched_lo_c1_s11_5259c518,X3_immune_hum_mou_pooled_lmatched_lo_c1_s11_a7fefe78,immune_hum_mou,pooled,matched_lo,11,100,,20000,20000,nested_v1
X3_immune_hum_mou_pooled_lmatched_hi_c1_s11_f6c69fa6,X3_immune_hum_mou_pooled_lmatched_hi_c1_s11_5054175c,immune_hum_mou,pooled,matched_hi,11,100,,20000,20000,nested_v1
X3_immune_hum_mou_mmd_lmatched_lo_c1_s11_9c57477a,X3_immune_hum_mou_mmd_lmatched_lo_c1_s11_330edd5c,immune_hum_mou,mmd,matched_lo,11,100,,20000,20000,nested_v1
X3_immune_hum_mou_mmd_lmatched_hi_c1_s11_d8fbf771,X3_immune_hum_mou_mmd_lmatched_hi_c1_s11_241c2338,immune_hum_mou,mmd,matched_hi,11,100,,20000,20000,nested_v1
X3_immune_hum_mou_none_l0_c1_s12_00844d32,X3_immune_hum_mou_none_l0_c1_s12_b453ef1f,immune_hum_mou,none,0,12,100,,20000,20000,nested_v1
X3_immune_hum_mou_discriminator_lmatched_lo_c1_s12_870b5f38,X3_immune_hum_mou_discriminator_lmatched_lo_c1_s12_ceafe496,immune_hum_mou,discriminator,matched_lo,12,100,,20000,20000,nested_v1
X3_immune_hum_mou_discriminator_lmatched_hi_c1_s12_e6ee93ef,X3_immune_hum_mou_discriminator_lmatched_hi_c1_s12_e7b64ccc,immune_hum_mou,discriminator,matched_hi,12,100,,20000,20000,nested_v1
X3_immune_hum_mou_reference_lmatched_lo_c1_s12_1c1bd6d7,X3_immune_hum_mou_reference_lmatched_lo_c1_s12_88013761,immune_hum_mou,reference,matched_lo,12,100,,20000,20000,nested_v1
X3_immune_hum_mou_reference_lmatched_hi_c1_s12_30e92319,X3_immune_hum_mou_reference_lmatched_hi_c1_s12_27d5942f,immune_hum_mou,reference,matched_hi,12,100,,20000,20000,nested_v1
X3_immune_hum_mou_pooled_lmatched_lo_c1_s12_87b41717,X3_immune_hum_mou_pooled_lmatched_lo_c1_s12_3f88e69e,immune_hum_mou,pooled,matched_lo,12,100,,20000,20000,nested_v1
X3_immune_hum_mou_pooled_lmatched_hi_c1_s12_e7114c4a,X3_immune_hum_mou_pooled_lmatched_hi_c1_s12_f1b8993c,immune_hum_mou,pooled,matched_hi,12,100,,20000,20000,nested_v1
X3_immune_hum_mou_mmd_lmatched_lo_c1_s12_4dbc8ca5,X3_immune_hum_mou_mmd_lmatched_lo_c1_s12_feff6294,immune_hum_mou,mmd,matched_lo,12,100,,20000,20000,nested_v1
X3_immune_hum_mou_mmd_lmatched_hi_c1_s12_aecf56ce,X3_immune_hum_mou_mmd_lmatched_hi_c1_s12_985c1048,immune_hum_mou,mmd,matched_hi,12,100,,20000,20000,nested_v1
X3_sim2_none_l0_c1_s10_043cb85d,X3_sim2_none_l0_c1_s10_ce50daf6,sim2,none,0,10,0,,19318,17872,nested_v1
X3_sim2_discriminator_lmatched_lo_c1_s10_4850f6a2,X3_sim2_discriminator_lmatched_lo_c1_s10_05bf23b0,sim2,discriminator,matched_lo,10,0,,19318,17872,nested_v1
X3_sim2_discriminator_lmatched_hi_c1_s10_653ac618,X3_sim2_discriminator_lmatched_hi_c1_s10_1dcd1799,sim2,discriminator,matched_hi,10,0,,19318,17872,nested_v1
X3_sim2_reference_lmatched_lo_c1_s10_05743be9,X3_sim2_reference_lmatched_lo_c1_s10_7fce7ff8,sim2,reference,matched_lo,10,0,,19318,17872,nested_v1
X3_sim2_reference_lmatched_hi_c1_s10_8472a739,X3_sim2_reference_lmatched_hi_c1_s10_8fc98d36,sim2,reference,matched_hi,10,0,,19318,17872,nested_v1
X3_sim2_pooled_lmatched_lo_c1_s10_b3adc4cf,X3_sim2_pooled_lmatched_lo_c1_s10_d7214cce,sim2,pooled,matched_lo,10,0,,19318,17872,nested_v1
X3_sim2_pooled_lmatched_hi_c1_s10_6550ada4,X3_sim2_pooled_lmatched_hi_c1_s10_3d6061cf,sim2,pooled,matched_hi,10,0,,19318,17872,nested_v1
X3_sim2_mmd_lmatched_lo_c1_s10_3e585bd3,X3_sim2_mmd_lmatched_lo_c1_s10_2129b240,sim2,mmd,matched_lo,10,0,,19318,17872,nested_v1
X3_sim2_mmd_lmatched_hi_c1_s10_8c8f8159,X3_sim2_mmd_lmatched_hi_c1_s10_3fa26ff7,sim2,mmd,matched_hi,10,0,,19318,17872,nested_v1
X3_sim2_none_l0_c1_s11_3b5294d3,X3_sim2_none_l0_c1_s11_f30bd031,sim2,none,0,11,0,,19318,17872,nested_v1
X3_sim2_discriminator_lmatched_lo_c1_s11_eb1efc8d,X3_sim2_discriminator_lmatched_lo_c1_s11_f333f912,sim2,discriminator,matched_lo,11,0,,19318,17872,nested_v1
X3_sim2_discriminator_lmatched_hi_c1_s11_b05b1b71,X3_sim2_discriminator_lmatched_hi_c1_s11_c0aa8d01,sim2,discriminator,matched_hi,11,0,,19318,17872,nested_v1
X3_sim2_reference_lmatched_lo_c1_s11_dba7f741,X3_sim2_reference_lmatched_lo_c1_s11_402172b0,sim2,reference,matched_lo,11,0,,19318,17872,nested_v1
X3_sim2_reference_lmatched_hi_c1_s11_09854b11,X3_sim2_reference_lmatched_hi_c1_s11_4ed9c2f4,sim2,reference,matched_hi,11,0,,19318,17872,nested_v1
X3_sim2_pooled_lmatched_lo_c1_s11_9c6a9a86,X3_sim2_pooled_lmatched_lo_c1_s11_67786689,sim2,pooled,matched_lo,11,0,,19318,17872,nested_v1
X3_sim2_pooled_lmatched_hi_c1_s11_a19fbfbd,X3_sim2_pooled_lmatched_hi_c1_s11_fdcb11df,sim2,pooled,matched_hi,11,0,,19318,17872,nested_v1
X3_sim2_mmd_lmatched_lo_c1_s11_e96a83dd,X3_sim2_mmd_lmatched_lo_c1_s11_45a41675,sim2,mmd,matched_lo,11,0,,19318,17872,nested_v1
X3_sim2_mmd_lmatched_hi_c1_s11_f36c684c,X3_sim2_mmd_lmatched_hi_c1_s11_2005ee2a,sim2,mmd,matched_hi,11,0,,19318,17872,nested_v1
X3_sim2_none_l0_c1_s12_7c02c378,X3_sim2_none_l0_c1_s12_ab9cf997,sim2,none,0,12,0,,19318,17872,nested_v1
X3_sim2_discriminator_lmatched_lo_c1_s12_1f6945d2,X3_sim2_discriminator_lmatched_lo_c1_s12_2c3b925c,sim2,discriminator,matched_lo,12,0,,19318,17872,nested_v1
X3_sim2_discriminator_lmatched_hi_c1_s12_56a2c495,X3_sim2_discriminator_lmatched_hi_c1_s12_5a4f1ba6,sim2,discriminator,matched_hi,12,0,,19318,17872,nested_v1
X3_sim2_reference_lmatched_lo_c1_s12_28dd33ef,X3_sim2_reference_lmatched_lo_c1_s12_3fba3bd4,sim2,reference,matched_lo,12,0,,19318,17872,nested_v1
X3_sim2_reference_lmatched_hi_c1_s12_d835ba77,X3_sim2_reference_lmatched_hi_c1_s12_d5ec1ff8,sim2,reference,matched_hi,12,0,,19318,17872,nested_v1
X3_sim2_pooled_lmatched_lo_c1_s12_53ac8e69,X3_sim2_pooled_lmatched_lo_c1_s12_d05c496e,sim2,pooled,matched_lo,12,0,,19318,17872,nested_v1
X3_sim2_pooled_lmatched_hi_c1_s12_24846d04,X3_sim2_pooled_lmatched_hi_c1_s12_fb0ead21,sim2,pooled,matched_hi,12,0,,19318,17872,nested_v1
X3_sim2_mmd_lmatched_lo_c1_s12_0e1966c5,X3_sim2_mmd_lmatched_lo_c1_s12_e4594883,sim2,mmd,matched_lo,12,0,,19318,17872,nested_v1
X3_sim2_mmd_lmatched_hi_c1_s12_0aad8340,X3_sim2_mmd_lmatched_hi_c1_s12_8a956342,sim2,mmd,matched_hi,12,0,,19318,17872,nested_v1
X3_sim2_none_l0_c1_s10_45abf55f,X3_sim2_none_l0_c1_s10_8f7e1480,sim2,none,0,10,50,,19318,17872,nested_v1
X3_sim2_discriminator_lmatched_lo_c1_s10_56898dbb,X3_sim2_discriminator_lmatched_lo_c1_s10_40f19b16,sim2,discriminator,matched_lo,10,50,,19318,17872,nested_v1
X3_sim2_discriminator_lmatched_hi_c1_s10_dfaec93b,X3_sim2_discriminator_lmatched_hi_c1_s10_f278b7b0,sim2,discriminator,matched_hi,10,50,,19318,17872,nested_v1
X3_sim2_reference_lmatched_lo_c1_s10_8f9d0331,X3_sim2_reference_lmatched_lo_c1_s10_c88ddb8c,sim2,reference,matched_lo,10,50,,19318,17872,nested_v1
X3_sim2_reference_lmatched_hi_c1_s10_0aa60076,X3_sim2_reference_lmatched_hi_c1_s10_4ffaf1e5,sim2,reference,matched_hi,10,50,,19318,17872,nested_v1
X3_sim2_pooled_lmatched_lo_c1_s10_636e45c7,X3_sim2_pooled_lmatched_lo_c1_s10_283d819b,sim2,pooled,matched_lo,10,50,,19318,17872,nested_v1
X3_sim2_pooled_lmatched_hi_c1_s10_6d79fcda,X3_sim2_pooled_lmatched_hi_c1_s10_5c816113,sim2,pooled,matched_hi,10,50,,19318,17872,nested_v1
X3_sim2_mmd_lmatched_lo_c1_s10_de8183a0,X3_sim2_mmd_lmatched_lo_c1_s10_9b94a4d9,sim2,mmd,matched_lo,10,50,,19318,17872,nested_v1
X3_sim2_mmd_lmatched_hi_c1_s10_4d0df16b,X3_sim2_mmd_lmatched_hi_c1_s10_e65bc4a8,sim2,mmd,matched_hi,10,50,,19318,17872,nested_v1
X3_sim2_discriminator_lmatched_lo_c1_s10_fd8431ba,X3_sim2_discriminator_lmatched_lo_c1_s10_2e32a7fe,sim2,discriminator,matched_lo,10,50,depletion_oracle,19318,17872,nested_v1
X3_sim2_discriminator_lmatched_hi_c1_s10_7a96c220,X3_sim2_discriminator_lmatched_hi_c1_s10_fd4fc1a2,sim2,discriminator,matched_hi,10,50,depletion_oracle,19318,17872,nested_v1
X3_sim2_reference_lmatched_lo_c1_s10_7f94c669,X3_sim2_reference_lmatched_lo_c1_s10_790c27ea,sim2,reference,matched_lo,10,50,depletion_oracle,19318,17872,nested_v1
X3_sim2_reference_lmatched_hi_c1_s10_f003a550,X3_sim2_reference_lmatched_hi_c1_s10_00fa5c92,sim2,reference,matched_hi,10,50,depletion_oracle,19318,17872,nested_v1
X3_sim2_pooled_lmatched_lo_c1_s10_64dcaa3d,X3_sim2_pooled_lmatched_lo_c1_s10_b9e35b71,sim2,pooled,matched_lo,10,50,depletion_oracle,19318,17872,nested_v1
X3_sim2_pooled_lmatched_hi_c1_s10_7dfcae04,X3_sim2_pooled_lmatched_hi_c1_s10_104b941d,sim2,pooled,matched_hi,10,50,depletion_oracle,19318,17872,nested_v1
X3_sim2_mmd_lmatched_lo_c1_s10_683cfc5c,X3_sim2_mmd_lmatched_lo_c1_s10_f8cf3e52,sim2,mmd,matched_lo,10,50,depletion_oracle,19318,17872,nested_v1
X3_sim2_mmd_lmatched_hi_c1_s10_5664ec61,X3_sim2_mmd_lmatched_hi_c1_s10_aa410f7a,sim2,mmd,matched_hi,10,50,depletion_oracle,19318,17872,nested_v1
X3_sim2_none_l0_c1_s11_fb1f963c,X3_sim2_none_l0_c1_s11_2ea342cf,sim2,none,0,11,50,,19318,17872,nested_v1
X3_sim2_discriminator_lmatched_lo_c1_s11_a182e2a7,X3_sim2_discriminator_lmatched_lo_c1_s11_facd5d62,sim2,discriminator,matched_lo,11,50,,19318,17872,nested_v1
X3_sim2_discriminator_lmatched_hi_c1_s11_9f7cfab8,X3_sim2_discriminator_lmatched_hi_c1_s11_3b3591fd,sim2,discriminator,matched_hi,11,50,,19318,17872,nested_v1
X3_sim2_reference_lmatched_lo_c1_s11_bcfb0564,X3_sim2_reference_lmatched_lo_c1_s11_5f86667c,sim2,reference,matched_lo,11,50,,19318,17872,nested_v1
X3_sim2_reference_lmatched_hi_c1_s11_6f9d3d64,X3_sim2_reference_lmatched_hi_c1_s11_875fa96c,sim2,reference,matched_hi,11,50,,19318,17872,nested_v1
X3_sim2_pooled_lmatched_lo_c1_s11_1e7f913b,X3_sim2_pooled_lmatched_lo_c1_s11_6165d7e0,sim2,pooled,matched_lo,11,50,,19318,17872,nested_v1
X3_sim2_pooled_lmatched_hi_c1_s11_65ac5988,X3_sim2_pooled_lmatched_hi_c1_s11_3be21ebb,sim2,pooled,matched_hi,11,50,,19318,17872,nested_v1
X3_sim2_mmd_lmatched_lo_c1_s11_60f9445a,X3_sim2_mmd_lmatched_lo_c1_s11_be3391f9,sim2,mmd,matched_lo,11,50,,19318,17872,nested_v1
X3_sim2_mmd_lmatched_hi_c1_s11_a2b5d647,X3_sim2_mmd_lmatched_hi_c1_s11_3cc0b5e0,sim2,mmd,matched_hi,11,50,,19318,17872,nested_v1
X3_sim2_discriminator_lmatched_lo_c1_s11_736b5fad,X3_sim2_discriminator_lmatched_lo_c1_s11_a1b32b2d,sim2,discriminator,matched_lo,11,50,depletion_oracle,19318,17872,nested_v1
X3_sim2_discriminator_lmatched_hi_c1_s11_753036f0,X3_sim2_discriminator_lmatched_hi_c1_s11_e77f6be5,sim2,discriminator,matched_hi,11,50,depletion_oracle,19318,17872,nested_v1
X3_sim2_reference_lmatched_lo_c1_s11_6e03d333,X3_sim2_reference_lmatched_lo_c1_s11_0a82c01c,sim2,reference,matched_lo,11,50,depletion_oracle,19318,17872,nested_v1
X3_sim2_reference_lmatched_hi_c1_s11_25aacccc,X3_sim2_reference_lmatched_hi_c1_s11_1e8a5e66,sim2,reference,matched_hi,11,50,depletion_oracle,19318,17872,nested_v1
X3_sim2_pooled_lmatched_lo_c1_s11_0de3c4a7,X3_sim2_pooled_lmatched_lo_c1_s11_b69125b5,sim2,pooled,matched_lo,11,50,depletion_oracle,19318,17872,nested_v1
X3_sim2_pooled_lmatched_hi_c1_s11_67821839,X3_sim2_pooled_lmatched_hi_c1_s11_81082ca0,sim2,pooled,matched_hi,11,50,depletion_oracle,19318,17872,nested_v1
X3_sim2_mmd_lmatched_lo_c1_s11_a801f3d7,X3_sim2_mmd_lmatched_lo_c1_s11_6d534db7,sim2,mmd,matched_lo,11,50,depletion_oracle,19318,17872,nested_v1
X3_sim2_mmd_lmatched_hi_c1_s11_91bd85a6,X3_sim2_mmd_lmatched_hi_c1_s11_cfe33157,sim2,mmd,matched_hi,11,50,depletion_oracle,19318,17872,nested_v1
X3_sim2_none_l0_c1_s12_f9f130c3,X3_sim2_none_l0_c1_s12_0b1d26a1,sim2,none,0,12,50,,19318,17872,nested_v1
X3_sim2_discriminator_lmatched_lo_c1_s12_727676e2,X3_sim2_discriminator_lmatched_lo_c1_s12_022c719b,sim2,discriminator,matched_lo,12,50,,19318,17872,nested_v1
X3_sim2_discriminator_lmatched_hi_c1_s12_dae2afeb,X3_sim2_discriminator_lmatched_hi_c1_s12_8761b7c9,sim2,discriminator,matched_hi,12,50,,19318,17872,nested_v1
X3_sim2_reference_lmatched_lo_c1_s12_10b44dbc,X3_sim2_reference_lmatched_lo_c1_s12_2504067a,sim2,reference,matched_lo,12,50,,19318,17872,nested_v1
X3_sim2_reference_lmatched_hi_c1_s12_1deb9e38,X3_sim2_reference_lmatched_hi_c1_s12_1ebe88fc,sim2,reference,matched_hi,12,50,,19318,17872,nested_v1
X3_sim2_pooled_lmatched_lo_c1_s12_f6547f97,X3_sim2_pooled_lmatched_lo_c1_s12_51e4305c,sim2,pooled,matched_lo,12,50,,19318,17872,nested_v1
X3_sim2_pooled_lmatched_hi_c1_s12_b44d36a2,X3_sim2_pooled_lmatched_hi_c1_s12_f625cd61,sim2,pooled,matched_hi,12,50,,19318,17872,nested_v1
X3_sim2_mmd_lmatched_lo_c1_s12_6e14beb6,X3_sim2_mmd_lmatched_lo_c1_s12_c62dbbd4,sim2,mmd,matched_lo,12,50,,19318,17872,nested_v1
X3_sim2_mmd_lmatched_hi_c1_s12_f466452f,X3_sim2_mmd_lmatched_hi_c1_s12_516143d6,sim2,mmd,matched_hi,12,50,,19318,17872,nested_v1
X3_sim2_discriminator_lmatched_lo_c1_s12_2c99279d,X3_sim2_discriminator_lmatched_lo_c1_s12_78162e2c,sim2,discriminator,matched_lo,12,50,depletion_oracle,19318,17872,nested_v1
X3_sim2_discriminator_lmatched_hi_c1_s12_429047d1,X3_sim2_discriminator_lmatched_hi_c1_s12_491de187,sim2,discriminator,matched_hi,12,50,depletion_oracle,19318,17872,nested_v1
X3_sim2_reference_lmatched_lo_c1_s12_69ace59a,X3_sim2_reference_lmatched_lo_c1_s12_7821c2d8,sim2,reference,matched_lo,12,50,depletion_oracle,19318,17872,nested_v1
X3_sim2_reference_lmatched_hi_c1_s12_1cfe9d38,X3_sim2_reference_lmatched_hi_c1_s12_360975e8,sim2,reference,matched_hi,12,50,depletion_oracle,19318,17872,nested_v1
X3_sim2_pooled_lmatched_lo_c1_s12_7c3a41a0,X3_sim2_pooled_lmatched_lo_c1_s12_b5971445,sim2,pooled,matched_lo,12,50,depletion_oracle,19318,17872,nested_v1
X3_sim2_pooled_lmatched_hi_c1_s12_5ffe17ce,X3_sim2_pooled_lmatched_hi_c1_s12_3074a097,sim2,pooled,matched_hi,12,50,depletion_oracle,19318,17872,nested_v1
X3_sim2_mmd_lmatched_lo_c1_s12_d0348f63,X3_sim2_mmd_lmatched_lo_c1_s12_7e858644,sim2,mmd,matched_lo,12,50,depletion_oracle,19318,17872,nested_v1
X3_sim2_mmd_lmatched_hi_c1_s12_405d5471,X3_sim2_mmd_lmatched_hi_c1_s12_6e1054b1,sim2,mmd,matched_hi,12,50,depletion_oracle,19318,17872,nested_v1
X3_sim2_none_l0_c1_s10_9cb52861,X3_sim2_none_l0_c1_s10_6d4d2e55,sim2,none,0,10,80,,19318,17872,nested_v1
X3_sim2_discriminator_lmatched_lo_c1_s10_16477e8c,X3_sim2_discriminator_lmatched_lo_c1_s10_862f0399,sim2,discriminator,matched_lo,10,80,,19318,17872,nested_v1
X3_sim2_discriminator_lmatched_hi_c1_s10_a208a044,X3_sim2_discriminator_lmatched_hi_c1_s10_6055e0a7,sim2,discriminator,matched_hi,10,80,,19318,17872,nested_v1
X3_sim2_reference_lmatched_lo_c1_s10_4eb51733,X3_sim2_reference_lmatched_lo_c1_s10_9e800d77,sim2,reference,matched_lo,10,80,,19318,17872,nested_v1
X3_sim2_reference_lmatched_hi_c1_s10_58a4efbc,X3_sim2_reference_lmatched_hi_c1_s10_8c99a964,sim2,reference,matched_hi,10,80,,19318,17872,nested_v1
X3_sim2_pooled_lmatched_lo_c1_s10_8eaf2f2b,X3_sim2_pooled_lmatched_lo_c1_s10_38349882,sim2,pooled,matched_lo,10,80,,19318,17872,nested_v1
X3_sim2_pooled_lmatched_hi_c1_s10_558f0dc0,X3_sim2_pooled_lmatched_hi_c1_s10_cc40c076,sim2,pooled,matched_hi,10,80,,19318,17872,nested_v1
X3_sim2_mmd_lmatched_lo_c1_s10_348ec9cf,X3_sim2_mmd_lmatched_lo_c1_s10_0e300d80,sim2,mmd,matched_lo,10,80,,19318,17872,nested_v1
X3_sim2_mmd_lmatched_hi_c1_s10_bdffe60a,X3_sim2_mmd_lmatched_hi_c1_s10_7dc14324,sim2,mmd,matched_hi,10,80,,19318,17872,nested_v1
X3_sim2_discriminator_lmatched_lo_c1_s10_a5fb388b,X3_sim2_discriminator_lmatched_lo_c1_s10_957cbf7e,sim2,discriminator,matched_lo,10,80,depletion_oracle,19318,17872,nested_v1
X3_sim2_discriminator_lmatched_hi_c1_s10_acd5cdbc,X3_sim2_discriminator_lmatched_hi_c1_s10_0df41ccc,sim2,discriminator,matched_hi,10,80,depletion_oracle,19318,17872,nested_v1
X3_sim2_reference_lmatched_lo_c1_s10_3a89d277,X3_sim2_reference_lmatched_lo_c1_s10_b13a09df,sim2,reference,matched_lo,10,80,depletion_oracle,19318,17872,nested_v1
X3_sim2_reference_lmatched_hi_c1_s10_2f039f38,X3_sim2_reference_lmatched_hi_c1_s10_1bf5b3b0,sim2,reference,matched_hi,10,80,depletion_oracle,19318,17872,nested_v1
X3_sim2_pooled_lmatched_lo_c1_s10_ebd49df7,X3_sim2_pooled_lmatched_lo_c1_s10_24b37aa1,sim2,pooled,matched_lo,10,80,depletion_oracle,19318,17872,nested_v1
X3_sim2_pooled_lmatched_hi_c1_s10_edb81237,X3_sim2_pooled_lmatched_hi_c1_s10_77ea5008,sim2,pooled,matched_hi,10,80,depletion_oracle,19318,17872,nested_v1
X3_sim2_mmd_lmatched_lo_c1_s10_bfd3b6fd,X3_sim2_mmd_lmatched_lo_c1_s10_06f634c0,sim2,mmd,matched_lo,10,80,depletion_oracle,19318,17872,nested_v1
X3_sim2_mmd_lmatched_hi_c1_s10_e384a033,X3_sim2_mmd_lmatched_hi_c1_s10_aa6d4792,sim2,mmd,matched_hi,10,80,depletion_oracle,19318,17872,nested_v1
X3_sim2_none_l0_c1_s11_23a7d5f5,X3_sim2_none_l0_c1_s11_f6c7c5df,sim2,none,0,11,80,,19318,17872,nested_v1
X3_sim2_discriminator_lmatched_lo_c1_s11_f3021375,X3_sim2_discriminator_lmatched_lo_c1_s11_0c27cab2,sim2,discriminator,matched_lo,11,80,,19318,17872,nested_v1
X3_sim2_discriminator_lmatched_hi_c1_s11_7e90e1f2,X3_sim2_discriminator_lmatched_hi_c1_s11_9e1c3be4,sim2,discriminator,matched_hi,11,80,,19318,17872,nested_v1
X3_sim2_reference_lmatched_lo_c1_s11_5674c2be,X3_sim2_reference_lmatched_lo_c1_s11_645a743e,sim2,reference,matched_lo,11,80,,19318,17872,nested_v1
X3_sim2_reference_lmatched_hi_c1_s11_74d10c48,X3_sim2_reference_lmatched_hi_c1_s11_3df3f47f,sim2,reference,matched_hi,11,80,,19318,17872,nested_v1
X3_sim2_pooled_lmatched_lo_c1_s11_ab1fbcc9,X3_sim2_pooled_lmatched_lo_c1_s11_9ab23210,sim2,pooled,matched_lo,11,80,,19318,17872,nested_v1
X3_sim2_pooled_lmatched_hi_c1_s11_26d4d8a5,X3_sim2_pooled_lmatched_hi_c1_s11_fe40cd8e,sim2,pooled,matched_hi,11,80,,19318,17872,nested_v1
X3_sim2_mmd_lmatched_lo_c1_s11_6cca6e2f,X3_sim2_mmd_lmatched_lo_c1_s11_4480ca34,sim2,mmd,matched_lo,11,80,,19318,17872,nested_v1
X3_sim2_mmd_lmatched_hi_c1_s11_2c9d7922,X3_sim2_mmd_lmatched_hi_c1_s11_8a8cd82e,sim2,mmd,matched_hi,11,80,,19318,17872,nested_v1
X3_sim2_discriminator_lmatched_lo_c1_s11_aa06cc37,X3_sim2_discriminator_lmatched_lo_c1_s11_a84f03a3,sim2,discriminator,matched_lo,11,80,depletion_oracle,19318,17872,nested_v1
X3_sim2_discriminator_lmatched_hi_c1_s11_7a69eb39,X3_sim2_discriminator_lmatched_hi_c1_s11_55b609ee,sim2,discriminator,matched_hi,11,80,depletion_oracle,19318,17872,nested_v1
X3_sim2_reference_lmatched_lo_c1_s11_baf4a283,X3_sim2_reference_lmatched_lo_c1_s11_b7969731,sim2,reference,matched_lo,11,80,depletion_oracle,19318,17872,nested_v1
X3_sim2_reference_lmatched_hi_c1_s11_dc519a7c,X3_sim2_reference_lmatched_hi_c1_s11_710964a9,sim2,reference,matched_hi,11,80,depletion_oracle,19318,17872,nested_v1
X3_sim2_pooled_lmatched_lo_c1_s11_8dc75999,X3_sim2_pooled_lmatched_lo_c1_s11_8750fa06,sim2,pooled,matched_lo,11,80,depletion_oracle,19318,17872,nested_v1
X3_sim2_pooled_lmatched_hi_c1_s11_898529c3,X3_sim2_pooled_lmatched_hi_c1_s11_98f55447,sim2,pooled,matched_hi,11,80,depletion_oracle,19318,17872,nested_v1
X3_sim2_mmd_lmatched_lo_c1_s11_f34a4800,X3_sim2_mmd_lmatched_lo_c1_s11_541dbed1,sim2,mmd,matched_lo,11,80,depletion_oracle,19318,17872,nested_v1
X3_sim2_mmd_lmatched_hi_c1_s11_2734cf80,X3_sim2_mmd_lmatched_hi_c1_s11_f7596683,sim2,mmd,matched_hi,11,80,depletion_oracle,19318,17872,nested_v1
X3_sim2_none_l0_c1_s12_9f8631b8,X3_sim2_none_l0_c1_s12_4af6f621,sim2,none,0,12,80,,19318,17872,nested_v1
X3_sim2_discriminator_lmatched_lo_c1_s12_74d87102,X3_sim2_discriminator_lmatched_lo_c1_s12_1bc76001,sim2,discriminator,matched_lo,12,80,,19318,17872,nested_v1
X3_sim2_discriminator_lmatched_hi_c1_s12_782a7b77,X3_sim2_discriminator_lmatched_hi_c1_s12_0ccf1474,sim2,discriminator,matched_hi,12,80,,19318,17872,nested_v1
X3_sim2_reference_lmatched_lo_c1_s12_5a24c17b,X3_sim2_reference_lmatched_lo_c1_s12_5898143b,sim2,reference,matched_lo,12,80,,19318,17872,nested_v1
X3_sim2_reference_lmatched_hi_c1_s12_ed0e9955,X3_sim2_reference_lmatched_hi_c1_s12_0b096403,sim2,reference,matched_hi,12,80,,19318,17872,nested_v1
X3_sim2_pooled_lmatched_lo_c1_s12_6be62a9c,X3_sim2_pooled_lmatched_lo_c1_s12_a92a172d,sim2,pooled,matched_lo,12,80,,19318,17872,nested_v1
X3_sim2_pooled_lmatched_hi_c1_s12_c52f2ee4,X3_sim2_pooled_lmatched_hi_c1_s12_a9112ff5,sim2,pooled,matched_hi,12,80,,19318,17872,nested_v1
X3_sim2_mmd_lmatched_lo_c1_s12_2e922bc9,X3_sim2_mmd_lmatched_lo_c1_s12_0fe68ffc,sim2,mmd,matched_lo,12,80,,19318,17872,nested_v1
X3_sim2_mmd_lmatched_hi_c1_s12_94b7ad12,X3_sim2_mmd_lmatched_hi_c1_s12_cb613aaf,sim2,mmd,matched_hi,12,80,,19318,17872,nested_v1
X3_sim2_discriminator_lmatched_lo_c1_s12_6c2c2790,X3_sim2_discriminator_lmatched_lo_c1_s12_0ac7e81a,sim2,discriminator,matched_lo,12,80,depletion_oracle,19318,17872,nested_v1
X3_sim2_discriminator_lmatched_hi_c1_s12_ff9f0986,X3_sim2_discriminator_lmatched_hi_c1_s12_0e7cea4b,sim2,discriminator,matched_hi,12,80,depletion_oracle,19318,17872,nested_v1
X3_sim2_reference_lmatched_lo_c1_s12_109c1963,X3_sim2_reference_lmatched_lo_c1_s12_3f67694d,sim2,reference,matched_lo,12,80,depletion_oracle,19318,17872,nested_v1
X3_sim2_reference_lmatched_hi_c1_s12_ab2e302c,X3_sim2_reference_lmatched_hi_c1_s12_2901f20c,sim2,reference,matched_hi,12,80,depletion_oracle,19318,17872,nested_v1
X3_sim2_pooled_lmatched_lo_c1_s12_1184faa8,X3_sim2_pooled_lmatched_lo_c1_s12_2eba0d29,sim2,pooled,matched_lo,12,80,depletion_oracle,19318,17872,nested_v1
X3_sim2_pooled_lmatched_hi_c1_s12_a6cd7c0b,X3_sim2_pooled_lmatched_hi_c1_s12_7f3d7f08,sim2,pooled,matched_hi,12,80,depletion_oracle,19318,17872,nested_v1
X3_sim2_mmd_lmatched_lo_c1_s12_ace622c5,X3_sim2_mmd_lmatched_lo_c1_s12_caaa4907,sim2,mmd,matched_lo,12,80,depletion_oracle,19318,17872,nested_v1
X3_sim2_mmd_lmatched_hi_c1_s12_000d8451,X3_sim2_mmd_lmatched_hi_c1_s12_a750a637,sim2,mmd,matched_hi,12,80,depletion_oracle,19318,17872,nested_v1
X3_sim2_none_l0_c1_s10_f1dc6c66,X3_sim2_none_l0_c1_s10_42868236,sim2,none,0,10,95,,19318,17872,nested_v1
X3_sim2_discriminator_lmatched_lo_c1_s10_30ccd78e,X3_sim2_discriminator_lmatched_lo_c1_s10_4fb0fe6e,sim2,discriminator,matched_lo,10,95,,19318,17872,nested_v1
X3_sim2_discriminator_lmatched_hi_c1_s10_f77cc9d7,X3_sim2_discriminator_lmatched_hi_c1_s10_486767fc,sim2,discriminator,matched_hi,10,95,,19318,17872,nested_v1
X3_sim2_reference_lmatched_lo_c1_s10_4a7f0f8a,X3_sim2_reference_lmatched_lo_c1_s10_83c954f1,sim2,reference,matched_lo,10,95,,19318,17872,nested_v1
X3_sim2_reference_lmatched_hi_c1_s10_6d8c2a6c,X3_sim2_reference_lmatched_hi_c1_s10_6ceb9436,sim2,reference,matched_hi,10,95,,19318,17872,nested_v1
X3_sim2_pooled_lmatched_lo_c1_s10_65c2de19,X3_sim2_pooled_lmatched_lo_c1_s10_bd55e7b8,sim2,pooled,matched_lo,10,95,,19318,17872,nested_v1
X3_sim2_pooled_lmatched_hi_c1_s10_ba9ffd5b,X3_sim2_pooled_lmatched_hi_c1_s10_991607de,sim2,pooled,matched_hi,10,95,,19318,17872,nested_v1
X3_sim2_mmd_lmatched_lo_c1_s10_0c55f74c,X3_sim2_mmd_lmatched_lo_c1_s10_c959cace,sim2,mmd,matched_lo,10,95,,19318,17872,nested_v1
X3_sim2_mmd_lmatched_hi_c1_s10_c724259a,X3_sim2_mmd_lmatched_hi_c1_s10_aac294a6,sim2,mmd,matched_hi,10,95,,19318,17872,nested_v1
X3_sim2_discriminator_lmatched_lo_c1_s10_f6bc0850,X3_sim2_discriminator_lmatched_lo_c1_s10_44894be3,sim2,discriminator,matched_lo,10,95,depletion_oracle,19318,17872,nested_v1
X3_sim2_discriminator_lmatched_hi_c1_s10_a8074340,X3_sim2_discriminator_lmatched_hi_c1_s10_5564ec8f,sim2,discriminator,matched_hi,10,95,depletion_oracle,19318,17872,nested_v1
X3_sim2_reference_lmatched_lo_c1_s10_acfbc19a,X3_sim2_reference_lmatched_lo_c1_s10_ffdee875,sim2,reference,matched_lo,10,95,depletion_oracle,19318,17872,nested_v1
X3_sim2_reference_lmatched_hi_c1_s10_6dfadc2c,X3_sim2_reference_lmatched_hi_c1_s10_ee006fea,sim2,reference,matched_hi,10,95,depletion_oracle,19318,17872,nested_v1
X3_sim2_pooled_lmatched_lo_c1_s10_a4245f3d,X3_sim2_pooled_lmatched_lo_c1_s10_63023a08,sim2,pooled,matched_lo,10,95,depletion_oracle,19318,17872,nested_v1
X3_sim2_pooled_lmatched_hi_c1_s10_274f7edd,X3_sim2_pooled_lmatched_hi_c1_s10_7acebdf0,sim2,pooled,matched_hi,10,95,depletion_oracle,19318,17872,nested_v1
X3_sim2_mmd_lmatched_lo_c1_s10_e5d548ba,X3_sim2_mmd_lmatched_lo_c1_s10_0e243c26,sim2,mmd,matched_lo,10,95,depletion_oracle,19318,17872,nested_v1
X3_sim2_mmd_lmatched_hi_c1_s10_8f01fb4b,X3_sim2_mmd_lmatched_hi_c1_s10_fc21a7d5,sim2,mmd,matched_hi,10,95,depletion_oracle,19318,17872,nested_v1
X3_sim2_none_l0_c1_s11_de8cdb73,X3_sim2_none_l0_c1_s11_eca08c1c,sim2,none,0,11,95,,19318,17872,nested_v1
X3_sim2_discriminator_lmatched_lo_c1_s11_2c3aa1a3,X3_sim2_discriminator_lmatched_lo_c1_s11_1589e7bf,sim2,discriminator,matched_lo,11,95,,19318,17872,nested_v1
X3_sim2_discriminator_lmatched_hi_c1_s11_e9142845,X3_sim2_discriminator_lmatched_hi_c1_s11_e9fb06b3,sim2,discriminator,matched_hi,11,95,,19318,17872,nested_v1
X3_sim2_reference_lmatched_lo_c1_s11_f1c28c79,X3_sim2_reference_lmatched_lo_c1_s11_7f41bd72,sim2,reference,matched_lo,11,95,,19318,17872,nested_v1
X3_sim2_reference_lmatched_hi_c1_s11_808eab56,X3_sim2_reference_lmatched_hi_c1_s11_cb2fe4b0,sim2,reference,matched_hi,11,95,,19318,17872,nested_v1
X3_sim2_pooled_lmatched_lo_c1_s11_7ae41496,X3_sim2_pooled_lmatched_lo_c1_s11_cb66a700,sim2,pooled,matched_lo,11,95,,19318,17872,nested_v1
X3_sim2_pooled_lmatched_hi_c1_s11_4da04031,X3_sim2_pooled_lmatched_hi_c1_s11_e5f87efe,sim2,pooled,matched_hi,11,95,,19318,17872,nested_v1
X3_sim2_mmd_lmatched_lo_c1_s11_a2f6589c,X3_sim2_mmd_lmatched_lo_c1_s11_8b5ad334,sim2,mmd,matched_lo,11,95,,19318,17872,nested_v1
X3_sim2_mmd_lmatched_hi_c1_s11_d4a89391,X3_sim2_mmd_lmatched_hi_c1_s11_f5c1895e,sim2,mmd,matched_hi,11,95,,19318,17872,nested_v1
X3_sim2_discriminator_lmatched_lo_c1_s11_3145e63c,X3_sim2_discriminator_lmatched_lo_c1_s11_b78c61b3,sim2,discriminator,matched_lo,11,95,depletion_oracle,19318,17872,nested_v1
X3_sim2_discriminator_lmatched_hi_c1_s11_26f9f917,X3_sim2_discriminator_lmatched_hi_c1_s11_288eba88,sim2,discriminator,matched_hi,11,95,depletion_oracle,19318,17872,nested_v1
X3_sim2_reference_lmatched_lo_c1_s11_5f9d926f,X3_sim2_reference_lmatched_lo_c1_s11_65583454,sim2,reference,matched_lo,11,95,depletion_oracle,19318,17872,nested_v1
X3_sim2_reference_lmatched_hi_c1_s11_8ae9ddd7,X3_sim2_reference_lmatched_hi_c1_s11_3359ff61,sim2,reference,matched_hi,11,95,depletion_oracle,19318,17872,nested_v1
X3_sim2_pooled_lmatched_lo_c1_s11_87d9a92e,X3_sim2_pooled_lmatched_lo_c1_s11_5390b479,sim2,pooled,matched_lo,11,95,depletion_oracle,19318,17872,nested_v1
X3_sim2_pooled_lmatched_hi_c1_s11_2065c1c6,X3_sim2_pooled_lmatched_hi_c1_s11_6b598f2a,sim2,pooled,matched_hi,11,95,depletion_oracle,19318,17872,nested_v1
X3_sim2_mmd_lmatched_lo_c1_s11_2aef4de6,X3_sim2_mmd_lmatched_lo_c1_s11_8b37d137,sim2,mmd,matched_lo,11,95,depletion_oracle,19318,17872,nested_v1
X3_sim2_mmd_lmatched_hi_c1_s11_fb8d6da6,X3_sim2_mmd_lmatched_hi_c1_s11_1ed70574,sim2,mmd,matched_hi,11,95,depletion_oracle,19318,17872,nested_v1
X3_sim2_none_l0_c1_s12_416c6ea1,X3_sim2_none_l0_c1_s12_b30148b7,sim2,none,0,12,95,,19318,17872,nested_v1
X3_sim2_discriminator_lmatched_lo_c1_s12_f100efeb,X3_sim2_discriminator_lmatched_lo_c1_s12_5ad8c0fb,sim2,discriminator,matched_lo,12,95,,19318,17872,nested_v1
X3_sim2_discriminator_lmatched_hi_c1_s12_58354fb7,X3_sim2_discriminator_lmatched_hi_c1_s12_e37b321c,sim2,discriminator,matched_hi,12,95,,19318,17872,nested_v1
X3_sim2_reference_lmatched_lo_c1_s12_7bbafad0,X3_sim2_reference_lmatched_lo_c1_s12_08131e6d,sim2,reference,matched_lo,12,95,,19318,17872,nested_v1
X3_sim2_reference_lmatched_hi_c1_s12_97349499,X3_sim2_reference_lmatched_hi_c1_s12_31668528,sim2,reference,matched_hi,12,95,,19318,17872,nested_v1
X3_sim2_pooled_lmatched_lo_c1_s12_1344aad4,X3_sim2_pooled_lmatched_lo_c1_s12_03a5a47d,sim2,pooled,matched_lo,12,95,,19318,17872,nested_v1
X3_sim2_pooled_lmatched_hi_c1_s12_600fcefe,X3_sim2_pooled_lmatched_hi_c1_s12_a36efe75,sim2,pooled,matched_hi,12,95,,19318,17872,nested_v1
X3_sim2_mmd_lmatched_lo_c1_s12_209d9653,X3_sim2_mmd_lmatched_lo_c1_s12_a269d944,sim2,mmd,matched_lo,12,95,,19318,17872,nested_v1
X3_sim2_mmd_lmatched_hi_c1_s12_a16d3272,X3_sim2_mmd_lmatched_hi_c1_s12_7148a4c8,sim2,mmd,matched_hi,12,95,,19318,17872,nested_v1
X3_sim2_discriminator_lmatched_lo_c1_s12_f234922f,X3_sim2_discriminator_lmatched_lo_c1_s12_ecc4b22c,sim2,discriminator,matched_lo,12,95,depletion_oracle,19318,17872,nested_v1
X3_sim2_discriminator_lmatched_hi_c1_s12_0d58fe7b,X3_sim2_discriminator_lmatched_hi_c1_s12_cea84abf,sim2,discriminator,matched_hi,12,95,depletion_oracle,19318,17872,nested_v1
X3_sim2_reference_lmatched_lo_c1_s12_c4ac8b16,X3_sim2_reference_lmatched_lo_c1_s12_52d69e15,sim2,reference,matched_lo,12,95,depletion_oracle,19318,17872,nested_v1
X3_sim2_reference_lmatched_hi_c1_s12_f7f092ce,X3_sim2_reference_lmatched_hi_c1_s12_4a344674,sim2,reference,matched_hi,12,95,depletion_oracle,19318,17872,nested_v1
X3_sim2_pooled_lmatched_lo_c1_s12_49bc514d,X3_sim2_pooled_lmatched_lo_c1_s12_32a461fa,sim2,pooled,matched_lo,12,95,depletion_oracle,19318,17872,nested_v1
X3_sim2_pooled_lmatched_hi_c1_s12_e2e194ce,X3_sim2_pooled_lmatched_hi_c1_s12_a935d8f5,sim2,pooled,matched_hi,12,95,depletion_oracle,19318,17872,nested_v1
X3_sim2_mmd_lmatched_lo_c1_s12_d16f15a4,X3_sim2_mmd_lmatched_lo_c1_s12_b27a4eaa,sim2,mmd,matched_lo,12,95,depletion_oracle,19318,17872,nested_v1
X3_sim2_mmd_lmatched_hi_c1_s12_93e1cf7e,X3_sim2_mmd_lmatched_hi_c1_s12_8f97e71d,sim2,mmd,matched_hi,12,95,depletion_oracle,19318,17872,nested_v1
X3_sim2_none_l0_c1_s10_6ed1c80e,X3_sim2_none_l0_c1_s10_6b99b022,sim2,none,0,10,100,,19318,17872,nested_v1
X3_sim2_discriminator_lmatched_lo_c1_s10_d593e44f,X3_sim2_discriminator_lmatched_lo_c1_s10_4d868731,sim2,discriminator,matched_lo,10,100,,19318,17872,nested_v1
X3_sim2_discriminator_lmatched_hi_c1_s10_90ba6a93,X3_sim2_discriminator_lmatched_hi_c1_s10_8b1bc25d,sim2,discriminator,matched_hi,10,100,,19318,17872,nested_v1
X3_sim2_reference_lmatched_lo_c1_s10_6f774971,X3_sim2_reference_lmatched_lo_c1_s10_9a5279e5,sim2,reference,matched_lo,10,100,,19318,17872,nested_v1
X3_sim2_reference_lmatched_hi_c1_s10_42ffa4ab,X3_sim2_reference_lmatched_hi_c1_s10_fef67fdb,sim2,reference,matched_hi,10,100,,19318,17872,nested_v1
X3_sim2_pooled_lmatched_lo_c1_s10_af6ea32a,X3_sim2_pooled_lmatched_lo_c1_s10_dac1ed2d,sim2,pooled,matched_lo,10,100,,19318,17872,nested_v1
X3_sim2_pooled_lmatched_hi_c1_s10_52efea9b,X3_sim2_pooled_lmatched_hi_c1_s10_55a9f95a,sim2,pooled,matched_hi,10,100,,19318,17872,nested_v1
X3_sim2_mmd_lmatched_lo_c1_s10_2a2eadf1,X3_sim2_mmd_lmatched_lo_c1_s10_7615c963,sim2,mmd,matched_lo,10,100,,19318,17872,nested_v1
X3_sim2_mmd_lmatched_hi_c1_s10_08432757,X3_sim2_mmd_lmatched_hi_c1_s10_7888255a,sim2,mmd,matched_hi,10,100,,19318,17872,nested_v1
X3_sim2_none_l0_c1_s11_e5eb5c3c,X3_sim2_none_l0_c1_s11_a0c2b06d,sim2,none,0,11,100,,19318,17872,nested_v1
X3_sim2_discriminator_lmatched_lo_c1_s11_d563b187,X3_sim2_discriminator_lmatched_lo_c1_s11_4a248227,sim2,discriminator,matched_lo,11,100,,19318,17872,nested_v1
X3_sim2_discriminator_lmatched_hi_c1_s11_96ac377e,X3_sim2_discriminator_lmatched_hi_c1_s11_6924f314,sim2,discriminator,matched_hi,11,100,,19318,17872,nested_v1
X3_sim2_reference_lmatched_lo_c1_s11_6dd785fa,X3_sim2_reference_lmatched_lo_c1_s11_9daf2ee4,sim2,reference,matched_lo,11,100,,19318,17872,nested_v1
X3_sim2_reference_lmatched_hi_c1_s11_03e46c7b,X3_sim2_reference_lmatched_hi_c1_s11_be1efeb8,sim2,reference,matched_hi,11,100,,19318,17872,nested_v1
X3_sim2_pooled_lmatched_lo_c1_s11_a6675dbc,X3_sim2_pooled_lmatched_lo_c1_s11_23203aa1,sim2,pooled,matched_lo,11,100,,19318,17872,nested_v1
X3_sim2_pooled_lmatched_hi_c1_s11_1f7a9b7c,X3_sim2_pooled_lmatched_hi_c1_s11_768fe687,sim2,pooled,matched_hi,11,100,,19318,17872,nested_v1
X3_sim2_mmd_lmatched_lo_c1_s11_7f8aed2a,X3_sim2_mmd_lmatched_lo_c1_s11_b73ab6aa,sim2,mmd,matched_lo,11,100,,19318,17872,nested_v1
X3_sim2_mmd_lmatched_hi_c1_s11_601d4ebc,X3_sim2_mmd_lmatched_hi_c1_s11_d663f2a7,sim2,mmd,matched_hi,11,100,,19318,17872,nested_v1
X3_sim2_none_l0_c1_s12_9bdd0301,X3_sim2_none_l0_c1_s12_e196e817,sim2,none,0,12,100,,19318,17872,nested_v1
X3_sim2_discriminator_lmatched_lo_c1_s12_120c6c21,X3_sim2_discriminator_lmatched_lo_c1_s12_e9550999,sim2,discriminator,matched_lo,12,100,,19318,17872,nested_v1
X3_sim2_discriminator_lmatched_hi_c1_s12_0844cca9,X3_sim2_discriminator_lmatched_hi_c1_s12_d1b1a996,sim2,discriminator,matched_hi,12,100,,19318,17872,nested_v1
X3_sim2_reference_lmatched_lo_c1_s12_b953c86f,X3_sim2_reference_lmatched_lo_c1_s12_495ec31d,sim2,reference,matched_lo,12,100,,19318,17872,nested_v1
X3_sim2_reference_lmatched_hi_c1_s12_64891f34,X3_sim2_reference_lmatched_hi_c1_s12_9306a0b5,sim2,reference,matched_hi,12,100,,19318,17872,nested_v1
X3_sim2_pooled_lmatched_lo_c1_s12_24c69946,X3_sim2_pooled_lmatched_lo_c1_s12_f28c4970,sim2,pooled,matched_lo,12,100,,19318,17872,nested_v1
X3_sim2_pooled_lmatched_hi_c1_s12_5a44d9a4,X3_sim2_pooled_lmatched_hi_c1_s12_a48b26e4,sim2,pooled,matched_hi,12,100,,19318,17872,nested_v1
X3_sim2_mmd_lmatched_lo_c1_s12_a6734923,X3_sim2_mmd_lmatched_lo_c1_s12_08c6d2fb,sim2,mmd,matched_lo,12,100,,19318,17872,nested_v1
X3_sim2_mmd_lmatched_hi_c1_s12_cfba7b53,X3_sim2_mmd_lmatched_hi_c1_s12_7d3c956a,sim2,mmd,matched_hi,12,100,,19318,17872,nested_v1
X3_pancreas_none_l0_c1_s10_1d64f3cb,X3_pancreas_none_l0_c1_s10_ebe9903e,pancreas,none,0,10,0,,16382,14409,nested_v1
X3_pancreas_discriminator_lmatched_lo_c1_s10_9f1a8938,X3_pancreas_discriminator_lmatched_lo_c1_s10_dd0ec77d,pancreas,discriminator,matched_lo,10,0,,16382,14409,nested_v1
X3_pancreas_discriminator_lmatched_hi_c1_s10_34178f62,X3_pancreas_discriminator_lmatched_hi_c1_s10_32f44a9e,pancreas,discriminator,matched_hi,10,0,,16382,14409,nested_v1
X3_pancreas_reference_lmatched_lo_c1_s10_606668da,X3_pancreas_reference_lmatched_lo_c1_s10_add21146,pancreas,reference,matched_lo,10,0,,16382,14409,nested_v1
X3_pancreas_reference_lmatched_hi_c1_s10_ab529811,X3_pancreas_reference_lmatched_hi_c1_s10_721dd4e8,pancreas,reference,matched_hi,10,0,,16382,14409,nested_v1
X3_pancreas_pooled_lmatched_lo_c1_s10_08d0fd84,X3_pancreas_pooled_lmatched_lo_c1_s10_7caf26ff,pancreas,pooled,matched_lo,10,0,,16382,14409,nested_v1
X3_pancreas_pooled_lmatched_hi_c1_s10_647dc83f,X3_pancreas_pooled_lmatched_hi_c1_s10_77fbb819,pancreas,pooled,matched_hi,10,0,,16382,14409,nested_v1
X3_pancreas_mmd_lmatched_lo_c1_s10_2f90e285,X3_pancreas_mmd_lmatched_lo_c1_s10_bb75e204,pancreas,mmd,matched_lo,10,0,,16382,14409,nested_v1
X3_pancreas_mmd_lmatched_hi_c1_s10_64bf97f6,X3_pancreas_mmd_lmatched_hi_c1_s10_e8c516e3,pancreas,mmd,matched_hi,10,0,,16382,14409,nested_v1
X3_pancreas_none_l0_c1_s11_96478219,X3_pancreas_none_l0_c1_s11_96e9afbf,pancreas,none,0,11,0,,16382,14409,nested_v1
X3_pancreas_discriminator_lmatched_lo_c1_s11_8de48961,X3_pancreas_discriminator_lmatched_lo_c1_s11_e2cc2abf,pancreas,discriminator,matched_lo,11,0,,16382,14409,nested_v1
X3_pancreas_discriminator_lmatched_hi_c1_s11_7646568c,X3_pancreas_discriminator_lmatched_hi_c1_s11_e9c509b9,pancreas,discriminator,matched_hi,11,0,,16382,14409,nested_v1
X3_pancreas_reference_lmatched_lo_c1_s11_6ddac66b,X3_pancreas_reference_lmatched_lo_c1_s11_5a05e0e3,pancreas,reference,matched_lo,11,0,,16382,14409,nested_v1
X3_pancreas_reference_lmatched_hi_c1_s11_a9c974a4,X3_pancreas_reference_lmatched_hi_c1_s11_db6b12c7,pancreas,reference,matched_hi,11,0,,16382,14409,nested_v1
X3_pancreas_pooled_lmatched_lo_c1_s11_ef7b2039,X3_pancreas_pooled_lmatched_lo_c1_s11_c710da9e,pancreas,pooled,matched_lo,11,0,,16382,14409,nested_v1
X3_pancreas_pooled_lmatched_hi_c1_s11_d8cb575d,X3_pancreas_pooled_lmatched_hi_c1_s11_57b211db,pancreas,pooled,matched_hi,11,0,,16382,14409,nested_v1
X3_pancreas_mmd_lmatched_lo_c1_s11_8776070d,X3_pancreas_mmd_lmatched_lo_c1_s11_8082c8ce,pancreas,mmd,matched_lo,11,0,,16382,14409,nested_v1
X3_pancreas_mmd_lmatched_hi_c1_s11_4f5872ff,X3_pancreas_mmd_lmatched_hi_c1_s11_182345f2,pancreas,mmd,matched_hi,11,0,,16382,14409,nested_v1
X3_pancreas_none_l0_c1_s12_f23461c4,X3_pancreas_none_l0_c1_s12_e597fb1e,pancreas,none,0,12,0,,16382,14409,nested_v1
X3_pancreas_discriminator_lmatched_lo_c1_s12_ad358b5e,X3_pancreas_discriminator_lmatched_lo_c1_s12_4aefabeb,pancreas,discriminator,matched_lo,12,0,,16382,14409,nested_v1
X3_pancreas_discriminator_lmatched_hi_c1_s12_6f010683,X3_pancreas_discriminator_lmatched_hi_c1_s12_5897b7f8,pancreas,discriminator,matched_hi,12,0,,16382,14409,nested_v1
X3_pancreas_reference_lmatched_lo_c1_s12_51eb4b43,X3_pancreas_reference_lmatched_lo_c1_s12_1b695c1b,pancreas,reference,matched_lo,12,0,,16382,14409,nested_v1
X3_pancreas_reference_lmatched_hi_c1_s12_68229a2d,X3_pancreas_reference_lmatched_hi_c1_s12_8a04c1b4,pancreas,reference,matched_hi,12,0,,16382,14409,nested_v1
X3_pancreas_pooled_lmatched_lo_c1_s12_f759ee3f,X3_pancreas_pooled_lmatched_lo_c1_s12_c3afee2e,pancreas,pooled,matched_lo,12,0,,16382,14409,nested_v1
X3_pancreas_pooled_lmatched_hi_c1_s12_31bf3870,X3_pancreas_pooled_lmatched_hi_c1_s12_e5755af7,pancreas,pooled,matched_hi,12,0,,16382,14409,nested_v1
X3_pancreas_mmd_lmatched_lo_c1_s12_f495f314,X3_pancreas_mmd_lmatched_lo_c1_s12_1302638b,pancreas,mmd,matched_lo,12,0,,16382,14409,nested_v1
X3_pancreas_mmd_lmatched_hi_c1_s12_e747ff46,X3_pancreas_mmd_lmatched_hi_c1_s12_55f6c71f,pancreas,mmd,matched_hi,12,0,,16382,14409,nested_v1
X3_pancreas_none_l0_c1_s10_d9b05989,X3_pancreas_none_l0_c1_s10_31994c65,pancreas,none,0,10,50,,16382,14409,nested_v1
X3_pancreas_discriminator_lmatched_lo_c1_s10_8343407a,X3_pancreas_discriminator_lmatched_lo_c1_s10_b52ae14c,pancreas,discriminator,matched_lo,10,50,,16382,14409,nested_v1
X3_pancreas_discriminator_lmatched_hi_c1_s10_2e5c40d0,X3_pancreas_discriminator_lmatched_hi_c1_s10_28b1450f,pancreas,discriminator,matched_hi,10,50,,16382,14409,nested_v1
X3_pancreas_reference_lmatched_lo_c1_s10_20f41283,X3_pancreas_reference_lmatched_lo_c1_s10_1259f249,pancreas,reference,matched_lo,10,50,,16382,14409,nested_v1
X3_pancreas_reference_lmatched_hi_c1_s10_bd218baa,X3_pancreas_reference_lmatched_hi_c1_s10_5f41b1da,pancreas,reference,matched_hi,10,50,,16382,14409,nested_v1
X3_pancreas_pooled_lmatched_lo_c1_s10_781c8ab5,X3_pancreas_pooled_lmatched_lo_c1_s10_81d6740a,pancreas,pooled,matched_lo,10,50,,16382,14409,nested_v1
X3_pancreas_pooled_lmatched_hi_c1_s10_2707214e,X3_pancreas_pooled_lmatched_hi_c1_s10_dc7963bf,pancreas,pooled,matched_hi,10,50,,16382,14409,nested_v1
X3_pancreas_mmd_lmatched_lo_c1_s10_1b7b0997,X3_pancreas_mmd_lmatched_lo_c1_s10_e5d5aa5d,pancreas,mmd,matched_lo,10,50,,16382,14409,nested_v1
X3_pancreas_mmd_lmatched_hi_c1_s10_41dfb133,X3_pancreas_mmd_lmatched_hi_c1_s10_9dc2bc35,pancreas,mmd,matched_hi,10,50,,16382,14409,nested_v1
X3_pancreas_discriminator_lmatched_lo_c1_s10_87030950,X3_pancreas_discriminator_lmatched_lo_c1_s10_b718eb54,pancreas,discriminator,matched_lo,10,50,depletion_oracle,16382,14409,nested_v1
X3_pancreas_discriminator_lmatched_hi_c1_s10_1c76abb0,X3_pancreas_discriminator_lmatched_hi_c1_s10_7adcc674,pancreas,discriminator,matched_hi,10,50,depletion_oracle,16382,14409,nested_v1
X3_pancreas_reference_lmatched_lo_c1_s10_9b9616bc,X3_pancreas_reference_lmatched_lo_c1_s10_b0f20c47,pancreas,reference,matched_lo,10,50,depletion_oracle,16382,14409,nested_v1
X3_pancreas_reference_lmatched_hi_c1_s10_2d42f327,X3_pancreas_reference_lmatched_hi_c1_s10_6c7a10c6,pancreas,reference,matched_hi,10,50,depletion_oracle,16382,14409,nested_v1
X3_pancreas_pooled_lmatched_lo_c1_s10_2399b862,X3_pancreas_pooled_lmatched_lo_c1_s10_e054c24b,pancreas,pooled,matched_lo,10,50,depletion_oracle,16382,14409,nested_v1
X3_pancreas_pooled_lmatched_hi_c1_s10_65653f0d,X3_pancreas_pooled_lmatched_hi_c1_s10_a34cc89b,pancreas,pooled,matched_hi,10,50,depletion_oracle,16382,14409,nested_v1
X3_pancreas_mmd_lmatched_lo_c1_s10_535d3408,X3_pancreas_mmd_lmatched_lo_c1_s10_11d591a0,pancreas,mmd,matched_lo,10,50,depletion_oracle,16382,14409,nested_v1
X3_pancreas_mmd_lmatched_hi_c1_s10_36268b68,X3_pancreas_mmd_lmatched_hi_c1_s10_5f634306,pancreas,mmd,matched_hi,10,50,depletion_oracle,16382,14409,nested_v1
X3_pancreas_none_l0_c1_s11_51e48b6c,X3_pancreas_none_l0_c1_s11_1f4e89dc,pancreas,none,0,11,50,,16382,14409,nested_v1
X3_pancreas_discriminator_lmatched_lo_c1_s11_c870b554,X3_pancreas_discriminator_lmatched_lo_c1_s11_447c1a68,pancreas,discriminator,matched_lo,11,50,,16382,14409,nested_v1
X3_pancreas_discriminator_lmatched_hi_c1_s11_400ef96e,X3_pancreas_discriminator_lmatched_hi_c1_s11_9f5400d2,pancreas,discriminator,matched_hi,11,50,,16382,14409,nested_v1
X3_pancreas_reference_lmatched_lo_c1_s11_143ae31f,X3_pancreas_reference_lmatched_lo_c1_s11_a7f10896,pancreas,reference,matched_lo,11,50,,16382,14409,nested_v1
X3_pancreas_reference_lmatched_hi_c1_s11_4cd4339a,X3_pancreas_reference_lmatched_hi_c1_s11_e323f286,pancreas,reference,matched_hi,11,50,,16382,14409,nested_v1
X3_pancreas_pooled_lmatched_lo_c1_s11_a6e21f82,X3_pancreas_pooled_lmatched_lo_c1_s11_2273ddd8,pancreas,pooled,matched_lo,11,50,,16382,14409,nested_v1
X3_pancreas_pooled_lmatched_hi_c1_s11_fdeef452,X3_pancreas_pooled_lmatched_hi_c1_s11_5abde845,pancreas,pooled,matched_hi,11,50,,16382,14409,nested_v1
X3_pancreas_mmd_lmatched_lo_c1_s11_58795163,X3_pancreas_mmd_lmatched_lo_c1_s11_ca9d07f6,pancreas,mmd,matched_lo,11,50,,16382,14409,nested_v1
X3_pancreas_mmd_lmatched_hi_c1_s11_972a75e4,X3_pancreas_mmd_lmatched_hi_c1_s11_a949db8a,pancreas,mmd,matched_hi,11,50,,16382,14409,nested_v1
X3_pancreas_discriminator_lmatched_lo_c1_s11_eae89947,X3_pancreas_discriminator_lmatched_lo_c1_s11_e7fba862,pancreas,discriminator,matched_lo,11,50,depletion_oracle,16382,14409,nested_v1
X3_pancreas_discriminator_lmatched_hi_c1_s11_542f3dfe,X3_pancreas_discriminator_lmatched_hi_c1_s11_6ed8be94,pancreas,discriminator,matched_hi,11,50,depletion_oracle,16382,14409,nested_v1
X3_pancreas_reference_lmatched_lo_c1_s11_88fd9f4c,X3_pancreas_reference_lmatched_lo_c1_s11_b04f267b,pancreas,reference,matched_lo,11,50,depletion_oracle,16382,14409,nested_v1
X3_pancreas_reference_lmatched_hi_c1_s11_b8964f3e,X3_pancreas_reference_lmatched_hi_c1_s11_4598d627,pancreas,reference,matched_hi,11,50,depletion_oracle,16382,14409,nested_v1
X3_pancreas_pooled_lmatched_lo_c1_s11_5a81c39a,X3_pancreas_pooled_lmatched_lo_c1_s11_863c62f1,pancreas,pooled,matched_lo,11,50,depletion_oracle,16382,14409,nested_v1
X3_pancreas_pooled_lmatched_hi_c1_s11_cc24eb12,X3_pancreas_pooled_lmatched_hi_c1_s11_9bc74df7,pancreas,pooled,matched_hi,11,50,depletion_oracle,16382,14409,nested_v1
X3_pancreas_mmd_lmatched_lo_c1_s11_4df43ab6,X3_pancreas_mmd_lmatched_lo_c1_s11_9265d175,pancreas,mmd,matched_lo,11,50,depletion_oracle,16382,14409,nested_v1
X3_pancreas_mmd_lmatched_hi_c1_s11_78d0c3e3,X3_pancreas_mmd_lmatched_hi_c1_s11_50b6a134,pancreas,mmd,matched_hi,11,50,depletion_oracle,16382,14409,nested_v1
X3_pancreas_none_l0_c1_s12_6e02c43a,X3_pancreas_none_l0_c1_s12_937d974d,pancreas,none,0,12,50,,16382,14409,nested_v1
X3_pancreas_discriminator_lmatched_lo_c1_s12_87e38d23,X3_pancreas_discriminator_lmatched_lo_c1_s12_4daa0cce,pancreas,discriminator,matched_lo,12,50,,16382,14409,nested_v1
X3_pancreas_discriminator_lmatched_hi_c1_s12_464b3d01,X3_pancreas_discriminator_lmatched_hi_c1_s12_d5019433,pancreas,discriminator,matched_hi,12,50,,16382,14409,nested_v1
X3_pancreas_reference_lmatched_lo_c1_s12_920958fb,X3_pancreas_reference_lmatched_lo_c1_s12_6d51c36b,pancreas,reference,matched_lo,12,50,,16382,14409,nested_v1
X3_pancreas_reference_lmatched_hi_c1_s12_65732e92,X3_pancreas_reference_lmatched_hi_c1_s12_bd15096f,pancreas,reference,matched_hi,12,50,,16382,14409,nested_v1
X3_pancreas_pooled_lmatched_lo_c1_s12_29e447ff,X3_pancreas_pooled_lmatched_lo_c1_s12_f89f465d,pancreas,pooled,matched_lo,12,50,,16382,14409,nested_v1
X3_pancreas_pooled_lmatched_hi_c1_s12_a8f92e43,X3_pancreas_pooled_lmatched_hi_c1_s12_5469ea9e,pancreas,pooled,matched_hi,12,50,,16382,14409,nested_v1
X3_pancreas_mmd_lmatched_lo_c1_s12_b87f634b,X3_pancreas_mmd_lmatched_lo_c1_s12_3e6b2c34,pancreas,mmd,matched_lo,12,50,,16382,14409,nested_v1
X3_pancreas_mmd_lmatched_hi_c1_s12_954d9f04,X3_pancreas_mmd_lmatched_hi_c1_s12_31161b26,pancreas,mmd,matched_hi,12,50,,16382,14409,nested_v1
X3_pancreas_discriminator_lmatched_lo_c1_s12_7e94dbf0,X3_pancreas_discriminator_lmatched_lo_c1_s12_a5013b56,pancreas,discriminator,matched_lo,12,50,depletion_oracle,16382,14409,nested_v1
X3_pancreas_discriminator_lmatched_hi_c1_s12_3403ba03,X3_pancreas_discriminator_lmatched_hi_c1_s12_412cfb07,pancreas,discriminator,matched_hi,12,50,depletion_oracle,16382,14409,nested_v1
X3_pancreas_reference_lmatched_lo_c1_s12_c1e053a1,X3_pancreas_reference_lmatched_lo_c1_s12_016bd99e,pancreas,reference,matched_lo,12,50,depletion_oracle,16382,14409,nested_v1
X3_pancreas_reference_lmatched_hi_c1_s12_c7933d2f,X3_pancreas_reference_lmatched_hi_c1_s12_eedf4e14,pancreas,reference,matched_hi,12,50,depletion_oracle,16382,14409,nested_v1
X3_pancreas_pooled_lmatched_lo_c1_s12_0abab72a,X3_pancreas_pooled_lmatched_lo_c1_s12_ede4502c,pancreas,pooled,matched_lo,12,50,depletion_oracle,16382,14409,nested_v1
X3_pancreas_pooled_lmatched_hi_c1_s12_15af1571,X3_pancreas_pooled_lmatched_hi_c1_s12_7cef2ef4,pancreas,pooled,matched_hi,12,50,depletion_oracle,16382,14409,nested_v1
X3_pancreas_mmd_lmatched_lo_c1_s12_39ee0385,X3_pancreas_mmd_lmatched_lo_c1_s12_c9b81973,pancreas,mmd,matched_lo,12,50,depletion_oracle,16382,14409,nested_v1
X3_pancreas_mmd_lmatched_hi_c1_s12_5108e9cf,X3_pancreas_mmd_lmatched_hi_c1_s12_e4463148,pancreas,mmd,matched_hi,12,50,depletion_oracle,16382,14409,nested_v1
X3_pancreas_none_l0_c1_s10_59302711,X3_pancreas_none_l0_c1_s10_7871ee79,pancreas,none,0,10,80,,16382,14409,nested_v1
X3_pancreas_discriminator_lmatched_lo_c1_s10_3fff5a98,X3_pancreas_discriminator_lmatched_lo_c1_s10_e069d925,pancreas,discriminator,matched_lo,10,80,,16382,14409,nested_v1
X3_pancreas_discriminator_lmatched_hi_c1_s10_1ae26fdd,X3_pancreas_discriminator_lmatched_hi_c1_s10_8ca1f1c8,pancreas,discriminator,matched_hi,10,80,,16382,14409,nested_v1
X3_pancreas_reference_lmatched_lo_c1_s10_b4bb3f00,X3_pancreas_reference_lmatched_lo_c1_s10_b6b29f8e,pancreas,reference,matched_lo,10,80,,16382,14409,nested_v1
X3_pancreas_reference_lmatched_hi_c1_s10_a692d41b,X3_pancreas_reference_lmatched_hi_c1_s10_87eff329,pancreas,reference,matched_hi,10,80,,16382,14409,nested_v1
X3_pancreas_pooled_lmatched_lo_c1_s10_ad90cda3,X3_pancreas_pooled_lmatched_lo_c1_s10_55a85174,pancreas,pooled,matched_lo,10,80,,16382,14409,nested_v1
X3_pancreas_pooled_lmatched_hi_c1_s10_8da4f280,X3_pancreas_pooled_lmatched_hi_c1_s10_d7da0297,pancreas,pooled,matched_hi,10,80,,16382,14409,nested_v1
X3_pancreas_mmd_lmatched_lo_c1_s10_ef996722,X3_pancreas_mmd_lmatched_lo_c1_s10_cc5923c5,pancreas,mmd,matched_lo,10,80,,16382,14409,nested_v1
X3_pancreas_mmd_lmatched_hi_c1_s10_870a62b0,X3_pancreas_mmd_lmatched_hi_c1_s10_a58982f1,pancreas,mmd,matched_hi,10,80,,16382,14409,nested_v1
X3_pancreas_discriminator_lmatched_lo_c1_s10_385ea9e3,X3_pancreas_discriminator_lmatched_lo_c1_s10_8a555bf5,pancreas,discriminator,matched_lo,10,80,depletion_oracle,16382,14409,nested_v1
X3_pancreas_discriminator_lmatched_hi_c1_s10_ee9d8313,X3_pancreas_discriminator_lmatched_hi_c1_s10_75f72e3d,pancreas,discriminator,matched_hi,10,80,depletion_oracle,16382,14409,nested_v1
X3_pancreas_reference_lmatched_lo_c1_s10_bd4e0454,X3_pancreas_reference_lmatched_lo_c1_s10_add15fb5,pancreas,reference,matched_lo,10,80,depletion_oracle,16382,14409,nested_v1
X3_pancreas_reference_lmatched_hi_c1_s10_5260c023,X3_pancreas_reference_lmatched_hi_c1_s10_a9df97a2,pancreas,reference,matched_hi,10,80,depletion_oracle,16382,14409,nested_v1
X3_pancreas_pooled_lmatched_lo_c1_s10_aa43a860,X3_pancreas_pooled_lmatched_lo_c1_s10_79e54ba4,pancreas,pooled,matched_lo,10,80,depletion_oracle,16382,14409,nested_v1
X3_pancreas_pooled_lmatched_hi_c1_s10_f9c8d3fb,X3_pancreas_pooled_lmatched_hi_c1_s10_83408cc7,pancreas,pooled,matched_hi,10,80,depletion_oracle,16382,14409,nested_v1
X3_pancreas_mmd_lmatched_lo_c1_s10_ac3fe3f2,X3_pancreas_mmd_lmatched_lo_c1_s10_97c8b5aa,pancreas,mmd,matched_lo,10,80,depletion_oracle,16382,14409,nested_v1
X3_pancreas_mmd_lmatched_hi_c1_s10_aa81d0ef,X3_pancreas_mmd_lmatched_hi_c1_s10_a1f201ec,pancreas,mmd,matched_hi,10,80,depletion_oracle,16382,14409,nested_v1
X3_pancreas_none_l0_c1_s11_5448df0e,X3_pancreas_none_l0_c1_s11_0657da59,pancreas,none,0,11,80,,16382,14409,nested_v1
X3_pancreas_discriminator_lmatched_lo_c1_s11_7dd6dd82,X3_pancreas_discriminator_lmatched_lo_c1_s11_add2a4f4,pancreas,discriminator,matched_lo,11,80,,16382,14409,nested_v1
X3_pancreas_discriminator_lmatched_hi_c1_s11_c408b34a,X3_pancreas_discriminator_lmatched_hi_c1_s11_700bad1c,pancreas,discriminator,matched_hi,11,80,,16382,14409,nested_v1
X3_pancreas_reference_lmatched_lo_c1_s11_457ae78e,X3_pancreas_reference_lmatched_lo_c1_s11_428ebc53,pancreas,reference,matched_lo,11,80,,16382,14409,nested_v1
X3_pancreas_reference_lmatched_hi_c1_s11_f8c89558,X3_pancreas_reference_lmatched_hi_c1_s11_a290a6b0,pancreas,reference,matched_hi,11,80,,16382,14409,nested_v1
X3_pancreas_pooled_lmatched_lo_c1_s11_39af0cbc,X3_pancreas_pooled_lmatched_lo_c1_s11_6fca6245,pancreas,pooled,matched_lo,11,80,,16382,14409,nested_v1
X3_pancreas_pooled_lmatched_hi_c1_s11_249b9dfa,X3_pancreas_pooled_lmatched_hi_c1_s11_771a67ea,pancreas,pooled,matched_hi,11,80,,16382,14409,nested_v1
X3_pancreas_mmd_lmatched_lo_c1_s11_c5665795,X3_pancreas_mmd_lmatched_lo_c1_s11_c73e1186,pancreas,mmd,matched_lo,11,80,,16382,14409,nested_v1
X3_pancreas_mmd_lmatched_hi_c1_s11_51d58b5c,X3_pancreas_mmd_lmatched_hi_c1_s11_a8b52d56,pancreas,mmd,matched_hi,11,80,,16382,14409,nested_v1
X3_pancreas_discriminator_lmatched_lo_c1_s11_c7aac3c0,X3_pancreas_discriminator_lmatched_lo_c1_s11_fedf7323,pancreas,discriminator,matched_lo,11,80,depletion_oracle,16382,14409,nested_v1
X3_pancreas_discriminator_lmatched_hi_c1_s11_6105ac06,X3_pancreas_discriminator_lmatched_hi_c1_s11_b45dfde5,pancreas,discriminator,matched_hi,11,80,depletion_oracle,16382,14409,nested_v1
X3_pancreas_reference_lmatched_lo_c1_s11_78c29e51,X3_pancreas_reference_lmatched_lo_c1_s11_cd09dbf8,pancreas,reference,matched_lo,11,80,depletion_oracle,16382,14409,nested_v1
X3_pancreas_reference_lmatched_hi_c1_s11_c6e8277f,X3_pancreas_reference_lmatched_hi_c1_s11_8312f908,pancreas,reference,matched_hi,11,80,depletion_oracle,16382,14409,nested_v1
X3_pancreas_pooled_lmatched_lo_c1_s11_73f2a74b,X3_pancreas_pooled_lmatched_lo_c1_s11_da97943e,pancreas,pooled,matched_lo,11,80,depletion_oracle,16382,14409,nested_v1
X3_pancreas_pooled_lmatched_hi_c1_s11_56f17826,X3_pancreas_pooled_lmatched_hi_c1_s11_68572cc4,pancreas,pooled,matched_hi,11,80,depletion_oracle,16382,14409,nested_v1
X3_pancreas_mmd_lmatched_lo_c1_s11_b9b5ac0a,X3_pancreas_mmd_lmatched_lo_c1_s11_93466c98,pancreas,mmd,matched_lo,11,80,depletion_oracle,16382,14409,nested_v1
X3_pancreas_mmd_lmatched_hi_c1_s11_5c7cb924,X3_pancreas_mmd_lmatched_hi_c1_s11_ec3fec58,pancreas,mmd,matched_hi,11,80,depletion_oracle,16382,14409,nested_v1
X3_pancreas_none_l0_c1_s12_32f9b930,X3_pancreas_none_l0_c1_s12_6a420b9d,pancreas,none,0,12,80,,16382,14409,nested_v1
X3_pancreas_discriminator_lmatched_lo_c1_s12_f847d951,X3_pancreas_discriminator_lmatched_lo_c1_s12_556dac4b,pancreas,discriminator,matched_lo,12,80,,16382,14409,nested_v1
X3_pancreas_discriminator_lmatched_hi_c1_s12_78068faa,X3_pancreas_discriminator_lmatched_hi_c1_s12_1a3420d5,pancreas,discriminator,matched_hi,12,80,,16382,14409,nested_v1
X3_pancreas_reference_lmatched_lo_c1_s12_e69c6f43,X3_pancreas_reference_lmatched_lo_c1_s12_8293468d,pancreas,reference,matched_lo,12,80,,16382,14409,nested_v1
X3_pancreas_reference_lmatched_hi_c1_s12_02bb976e,X3_pancreas_reference_lmatched_hi_c1_s12_77d2a823,pancreas,reference,matched_hi,12,80,,16382,14409,nested_v1
X3_pancreas_pooled_lmatched_lo_c1_s12_e3fcaf78,X3_pancreas_pooled_lmatched_lo_c1_s12_4aa80443,pancreas,pooled,matched_lo,12,80,,16382,14409,nested_v1
X3_pancreas_pooled_lmatched_hi_c1_s12_fe666e08,X3_pancreas_pooled_lmatched_hi_c1_s12_ea8ff201,pancreas,pooled,matched_hi,12,80,,16382,14409,nested_v1
X3_pancreas_mmd_lmatched_lo_c1_s12_80a815ed,X3_pancreas_mmd_lmatched_lo_c1_s12_2d339105,pancreas,mmd,matched_lo,12,80,,16382,14409,nested_v1
X3_pancreas_mmd_lmatched_hi_c1_s12_9eb5a3c4,X3_pancreas_mmd_lmatched_hi_c1_s12_3ef78fcf,pancreas,mmd,matched_hi,12,80,,16382,14409,nested_v1
X3_pancreas_discriminator_lmatched_lo_c1_s12_25e6e2ed,X3_pancreas_discriminator_lmatched_lo_c1_s12_b6d0f75c,pancreas,discriminator,matched_lo,12,80,depletion_oracle,16382,14409,nested_v1
X3_pancreas_discriminator_lmatched_hi_c1_s12_0862da34,X3_pancreas_discriminator_lmatched_hi_c1_s12_4f6927d1,pancreas,discriminator,matched_hi,12,80,depletion_oracle,16382,14409,nested_v1
X3_pancreas_reference_lmatched_lo_c1_s12_5a389aa4,X3_pancreas_reference_lmatched_lo_c1_s12_c761ed65,pancreas,reference,matched_lo,12,80,depletion_oracle,16382,14409,nested_v1
X3_pancreas_reference_lmatched_hi_c1_s12_1db8206d,X3_pancreas_reference_lmatched_hi_c1_s12_b797b52f,pancreas,reference,matched_hi,12,80,depletion_oracle,16382,14409,nested_v1
X3_pancreas_pooled_lmatched_lo_c1_s12_a44f897b,X3_pancreas_pooled_lmatched_lo_c1_s12_1493ef62,pancreas,pooled,matched_lo,12,80,depletion_oracle,16382,14409,nested_v1
X3_pancreas_pooled_lmatched_hi_c1_s12_d407b53a,X3_pancreas_pooled_lmatched_hi_c1_s12_476017f8,pancreas,pooled,matched_hi,12,80,depletion_oracle,16382,14409,nested_v1
X3_pancreas_mmd_lmatched_lo_c1_s12_758a5a85,X3_pancreas_mmd_lmatched_lo_c1_s12_303e93c8,pancreas,mmd,matched_lo,12,80,depletion_oracle,16382,14409,nested_v1
X3_pancreas_mmd_lmatched_hi_c1_s12_5107be38,X3_pancreas_mmd_lmatched_hi_c1_s12_90a13c0b,pancreas,mmd,matched_hi,12,80,depletion_oracle,16382,14409,nested_v1
X3_pancreas_none_l0_c1_s10_2fb8502a,X3_pancreas_none_l0_c1_s10_6e32d0d7,pancreas,none,0,10,95,,16382,14409,nested_v1
X3_pancreas_discriminator_lmatched_lo_c1_s10_c9800f9a,X3_pancreas_discriminator_lmatched_lo_c1_s10_35c057e8,pancreas,discriminator,matched_lo,10,95,,16382,14409,nested_v1
X3_pancreas_discriminator_lmatched_hi_c1_s10_376075f7,X3_pancreas_discriminator_lmatched_hi_c1_s10_73c9b7ef,pancreas,discriminator,matched_hi,10,95,,16382,14409,nested_v1
X3_pancreas_reference_lmatched_lo_c1_s10_0b594ee4,X3_pancreas_reference_lmatched_lo_c1_s10_ef591849,pancreas,reference,matched_lo,10,95,,16382,14409,nested_v1
X3_pancreas_reference_lmatched_hi_c1_s10_326fd8a6,X3_pancreas_reference_lmatched_hi_c1_s10_13e19cb1,pancreas,reference,matched_hi,10,95,,16382,14409,nested_v1
X3_pancreas_pooled_lmatched_lo_c1_s10_e5992157,X3_pancreas_pooled_lmatched_lo_c1_s10_e538bc2d,pancreas,pooled,matched_lo,10,95,,16382,14409,nested_v1
X3_pancreas_pooled_lmatched_hi_c1_s10_af098788,X3_pancreas_pooled_lmatched_hi_c1_s10_4602bcc8,pancreas,pooled,matched_hi,10,95,,16382,14409,nested_v1
X3_pancreas_mmd_lmatched_lo_c1_s10_be141053,X3_pancreas_mmd_lmatched_lo_c1_s10_65474553,pancreas,mmd,matched_lo,10,95,,16382,14409,nested_v1
X3_pancreas_mmd_lmatched_hi_c1_s10_bf6f9384,X3_pancreas_mmd_lmatched_hi_c1_s10_11849110,pancreas,mmd,matched_hi,10,95,,16382,14409,nested_v1
X3_pancreas_discriminator_lmatched_lo_c1_s10_58323e1d,X3_pancreas_discriminator_lmatched_lo_c1_s10_97567a05,pancreas,discriminator,matched_lo,10,95,depletion_oracle,16382,14409,nested_v1
X3_pancreas_discriminator_lmatched_hi_c1_s10_52c80ee6,X3_pancreas_discriminator_lmatched_hi_c1_s10_c5826d86,pancreas,discriminator,matched_hi,10,95,depletion_oracle,16382,14409,nested_v1
X3_pancreas_reference_lmatched_lo_c1_s10_4a17f098,X3_pancreas_reference_lmatched_lo_c1_s10_d39ba966,pancreas,reference,matched_lo,10,95,depletion_oracle,16382,14409,nested_v1
X3_pancreas_reference_lmatched_hi_c1_s10_130f6db4,X3_pancreas_reference_lmatched_hi_c1_s10_4519c9ca,pancreas,reference,matched_hi,10,95,depletion_oracle,16382,14409,nested_v1
X3_pancreas_pooled_lmatched_lo_c1_s10_8247d878,X3_pancreas_pooled_lmatched_lo_c1_s10_7f8fb71e,pancreas,pooled,matched_lo,10,95,depletion_oracle,16382,14409,nested_v1
X3_pancreas_pooled_lmatched_hi_c1_s10_dd907770,X3_pancreas_pooled_lmatched_hi_c1_s10_da0de5e7,pancreas,pooled,matched_hi,10,95,depletion_oracle,16382,14409,nested_v1
X3_pancreas_mmd_lmatched_lo_c1_s10_450bc052,X3_pancreas_mmd_lmatched_lo_c1_s10_4a21d59a,pancreas,mmd,matched_lo,10,95,depletion_oracle,16382,14409,nested_v1
X3_pancreas_mmd_lmatched_hi_c1_s10_5d3918a2,X3_pancreas_mmd_lmatched_hi_c1_s10_078c9c87,pancreas,mmd,matched_hi,10,95,depletion_oracle,16382,14409,nested_v1
X3_pancreas_none_l0_c1_s11_a3ecf779,X3_pancreas_none_l0_c1_s11_db15e359,pancreas,none,0,11,95,,16382,14409,nested_v1
X3_pancreas_discriminator_lmatched_lo_c1_s11_4763079f,X3_pancreas_discriminator_lmatched_lo_c1_s11_fa14a2ca,pancreas,discriminator,matched_lo,11,95,,16382,14409,nested_v1
X3_pancreas_discriminator_lmatched_hi_c1_s11_3296d0bd,X3_pancreas_discriminator_lmatched_hi_c1_s11_4878b750,pancreas,discriminator,matched_hi,11,95,,16382,14409,nested_v1
X3_pancreas_reference_lmatched_lo_c1_s11_49c8b425,X3_pancreas_reference_lmatched_lo_c1_s11_c6fc78da,pancreas,reference,matched_lo,11,95,,16382,14409,nested_v1
X3_pancreas_reference_lmatched_hi_c1_s11_a2f24cb4,X3_pancreas_reference_lmatched_hi_c1_s11_a1deac2a,pancreas,reference,matched_hi,11,95,,16382,14409,nested_v1
X3_pancreas_pooled_lmatched_lo_c1_s11_847cec96,X3_pancreas_pooled_lmatched_lo_c1_s11_db719f6a,pancreas,pooled,matched_lo,11,95,,16382,14409,nested_v1
X3_pancreas_pooled_lmatched_hi_c1_s11_33341c1b,X3_pancreas_pooled_lmatched_hi_c1_s11_8002e0a4,pancreas,pooled,matched_hi,11,95,,16382,14409,nested_v1
X3_pancreas_mmd_lmatched_lo_c1_s11_951c2990,X3_pancreas_mmd_lmatched_lo_c1_s11_16c4b77e,pancreas,mmd,matched_lo,11,95,,16382,14409,nested_v1
X3_pancreas_mmd_lmatched_hi_c1_s11_c6326602,X3_pancreas_mmd_lmatched_hi_c1_s11_bfd4cb84,pancreas,mmd,matched_hi,11,95,,16382,14409,nested_v1
X3_pancreas_discriminator_lmatched_lo_c1_s11_6347da53,X3_pancreas_discriminator_lmatched_lo_c1_s11_1abe4836,pancreas,discriminator,matched_lo,11,95,depletion_oracle,16382,14409,nested_v1
X3_pancreas_discriminator_lmatched_hi_c1_s11_e9a5e47d,X3_pancreas_discriminator_lmatched_hi_c1_s11_a414dcaa,pancreas,discriminator,matched_hi,11,95,depletion_oracle,16382,14409,nested_v1
X3_pancreas_reference_lmatched_lo_c1_s11_af02a1f0,X3_pancreas_reference_lmatched_lo_c1_s11_65f1fa42,pancreas,reference,matched_lo,11,95,depletion_oracle,16382,14409,nested_v1
X3_pancreas_reference_lmatched_hi_c1_s11_4279b558,X3_pancreas_reference_lmatched_hi_c1_s11_4fdcfa6b,pancreas,reference,matched_hi,11,95,depletion_oracle,16382,14409,nested_v1
X3_pancreas_pooled_lmatched_lo_c1_s11_2da5a9c5,X3_pancreas_pooled_lmatched_lo_c1_s11_c5ba28c6,pancreas,pooled,matched_lo,11,95,depletion_oracle,16382,14409,nested_v1
X3_pancreas_pooled_lmatched_hi_c1_s11_d1af9520,X3_pancreas_pooled_lmatched_hi_c1_s11_d93fbf47,pancreas,pooled,matched_hi,11,95,depletion_oracle,16382,14409,nested_v1
X3_pancreas_mmd_lmatched_lo_c1_s11_21f567a7,X3_pancreas_mmd_lmatched_lo_c1_s11_a61945b6,pancreas,mmd,matched_lo,11,95,depletion_oracle,16382,14409,nested_v1
X3_pancreas_mmd_lmatched_hi_c1_s11_e69480a7,X3_pancreas_mmd_lmatched_hi_c1_s11_25051dab,pancreas,mmd,matched_hi,11,95,depletion_oracle,16382,14409,nested_v1
X3_pancreas_none_l0_c1_s12_088da027,X3_pancreas_none_l0_c1_s12_9afcfe42,pancreas,none,0,12,95,,16382,14409,nested_v1
X3_pancreas_discriminator_lmatched_lo_c1_s12_b9e79e21,X3_pancreas_discriminator_lmatched_lo_c1_s12_dcf65a7e,pancreas,discriminator,matched_lo,12,95,,16382,14409,nested_v1
X3_pancreas_discriminator_lmatched_hi_c1_s12_4857d7c4,X3_pancreas_discriminator_lmatched_hi_c1_s12_e141aa7d,pancreas,discriminator,matched_hi,12,95,,16382,14409,nested_v1
X3_pancreas_reference_lmatched_lo_c1_s12_e49fd22b,X3_pancreas_reference_lmatched_lo_c1_s12_3077caaa,pancreas,reference,matched_lo,12,95,,16382,14409,nested_v1
X3_pancreas_reference_lmatched_hi_c1_s12_4fe4a006,X3_pancreas_reference_lmatched_hi_c1_s12_d028aa07,pancreas,reference,matched_hi,12,95,,16382,14409,nested_v1
X3_pancreas_pooled_lmatched_lo_c1_s12_ace51453,X3_pancreas_pooled_lmatched_lo_c1_s12_d2944329,pancreas,pooled,matched_lo,12,95,,16382,14409,nested_v1
X3_pancreas_pooled_lmatched_hi_c1_s12_476ad541,X3_pancreas_pooled_lmatched_hi_c1_s12_de4ddae6,pancreas,pooled,matched_hi,12,95,,16382,14409,nested_v1
X3_pancreas_mmd_lmatched_lo_c1_s12_3fab08ae,X3_pancreas_mmd_lmatched_lo_c1_s12_75b41d3f,pancreas,mmd,matched_lo,12,95,,16382,14409,nested_v1
X3_pancreas_mmd_lmatched_hi_c1_s12_e75bea5d,X3_pancreas_mmd_lmatched_hi_c1_s12_b52e4c09,pancreas,mmd,matched_hi,12,95,,16382,14409,nested_v1
X3_pancreas_discriminator_lmatched_lo_c1_s12_f70ad743,X3_pancreas_discriminator_lmatched_lo_c1_s12_1fecd1fd,pancreas,discriminator,matched_lo,12,95,depletion_oracle,16382,14409,nested_v1
X3_pancreas_discriminator_lmatched_hi_c1_s12_279b4708,X3_pancreas_discriminator_lmatched_hi_c1_s12_6eda312e,pancreas,discriminator,matched_hi,12,95,depletion_oracle,16382,14409,nested_v1
X3_pancreas_reference_lmatched_lo_c1_s12_17b157f1,X3_pancreas_reference_lmatched_lo_c1_s12_277d5552,pancreas,reference,matched_lo,12,95,depletion_oracle,16382,14409,nested_v1
X3_pancreas_reference_lmatched_hi_c1_s12_272117df,X3_pancreas_reference_lmatched_hi_c1_s12_268b4492,pancreas,reference,matched_hi,12,95,depletion_oracle,16382,14409,nested_v1
X3_pancreas_pooled_lmatched_lo_c1_s12_f901bea0,X3_pancreas_pooled_lmatched_lo_c1_s12_a5b03c75,pancreas,pooled,matched_lo,12,95,depletion_oracle,16382,14409,nested_v1
X3_pancreas_pooled_lmatched_hi_c1_s12_951fac8b,X3_pancreas_pooled_lmatched_hi_c1_s12_84951a11,pancreas,pooled,matched_hi,12,95,depletion_oracle,16382,14409,nested_v1
X3_pancreas_mmd_lmatched_lo_c1_s12_d2e026ab,X3_pancreas_mmd_lmatched_lo_c1_s12_96f2421a,pancreas,mmd,matched_lo,12,95,depletion_oracle,16382,14409,nested_v1
X3_pancreas_mmd_lmatched_hi_c1_s12_ba27cc1b,X3_pancreas_mmd_lmatched_hi_c1_s12_5693348c,pancreas,mmd,matched_hi,12,95,depletion_oracle,16382,14409,nested_v1
X3_pancreas_none_l0_c1_s10_3e301f25,X3_pancreas_none_l0_c1_s10_3032e908,pancreas,none,0,10,100,,16382,14409,nested_v1
X3_pancreas_discriminator_lmatched_lo_c1_s10_cbaf2737,X3_pancreas_discriminator_lmatched_lo_c1_s10_1cb81f2e,pancreas,discriminator,matched_lo,10,100,,16382,14409,nested_v1
X3_pancreas_discriminator_lmatched_hi_c1_s10_f9f72b41,X3_pancreas_discriminator_lmatched_hi_c1_s10_c0e433b0,pancreas,discriminator,matched_hi,10,100,,16382,14409,nested_v1
X3_pancreas_reference_lmatched_lo_c1_s10_0fd4a925,X3_pancreas_reference_lmatched_lo_c1_s10_9d9dfa21,pancreas,reference,matched_lo,10,100,,16382,14409,nested_v1
X3_pancreas_reference_lmatched_hi_c1_s10_04c78a43,X3_pancreas_reference_lmatched_hi_c1_s10_585be61f,pancreas,reference,matched_hi,10,100,,16382,14409,nested_v1
X3_pancreas_pooled_lmatched_lo_c1_s10_b97523a6,X3_pancreas_pooled_lmatched_lo_c1_s10_727cb795,pancreas,pooled,matched_lo,10,100,,16382,14409,nested_v1
X3_pancreas_pooled_lmatched_hi_c1_s10_783370a9,X3_pancreas_pooled_lmatched_hi_c1_s10_c93bf6c6,pancreas,pooled,matched_hi,10,100,,16382,14409,nested_v1
X3_pancreas_mmd_lmatched_lo_c1_s10_53852206,X3_pancreas_mmd_lmatched_lo_c1_s10_15415db6,pancreas,mmd,matched_lo,10,100,,16382,14409,nested_v1
X3_pancreas_mmd_lmatched_hi_c1_s10_6b0088ef,X3_pancreas_mmd_lmatched_hi_c1_s10_918daafb,pancreas,mmd,matched_hi,10,100,,16382,14409,nested_v1
X3_pancreas_none_l0_c1_s11_f929f167,X3_pancreas_none_l0_c1_s11_578dc025,pancreas,none,0,11,100,,16382,14409,nested_v1
X3_pancreas_discriminator_lmatched_lo_c1_s11_0914c73e,X3_pancreas_discriminator_lmatched_lo_c1_s11_b29f699a,pancreas,discriminator,matched_lo,11,100,,16382,14409,nested_v1
X3_pancreas_discriminator_lmatched_hi_c1_s11_001a81a8,X3_pancreas_discriminator_lmatched_hi_c1_s11_897d721c,pancreas,discriminator,matched_hi,11,100,,16382,14409,nested_v1
X3_pancreas_reference_lmatched_lo_c1_s11_d7f2deaf,X3_pancreas_reference_lmatched_lo_c1_s11_74b7a95d,pancreas,reference,matched_lo,11,100,,16382,14409,nested_v1
X3_pancreas_reference_lmatched_hi_c1_s11_004a50cb,X3_pancreas_reference_lmatched_hi_c1_s11_cb4b5d14,pancreas,reference,matched_hi,11,100,,16382,14409,nested_v1
X3_pancreas_pooled_lmatched_lo_c1_s11_bb4e0bce,X3_pancreas_pooled_lmatched_lo_c1_s11_abcebf73,pancreas,pooled,matched_lo,11,100,,16382,14409,nested_v1
X3_pancreas_pooled_lmatched_hi_c1_s11_70800e0a,X3_pancreas_pooled_lmatched_hi_c1_s11_f9425efe,pancreas,pooled,matched_hi,11,100,,16382,14409,nested_v1
X3_pancreas_mmd_lmatched_lo_c1_s11_84bc6fff,X3_pancreas_mmd_lmatched_lo_c1_s11_6b9403b0,pancreas,mmd,matched_lo,11,100,,16382,14409,nested_v1
X3_pancreas_mmd_lmatched_hi_c1_s11_34388bf6,X3_pancreas_mmd_lmatched_hi_c1_s11_afcd73f3,pancreas,mmd,matched_hi,11,100,,16382,14409,nested_v1
X3_pancreas_none_l0_c1_s12_c0741e02,X3_pancreas_none_l0_c1_s12_918f8b33,pancreas,none,0,12,100,,16382,14409,nested_v1
X3_pancreas_discriminator_lmatched_lo_c1_s12_fc8d9103,X3_pancreas_discriminator_lmatched_lo_c1_s12_542553b8,pancreas,discriminator,matched_lo,12,100,,16382,14409,nested_v1
X3_pancreas_discriminator_lmatched_hi_c1_s12_83367e75,X3_pancreas_discriminator_lmatched_hi_c1_s12_c401d46e,pancreas,discriminator,matched_hi,12,100,,16382,14409,nested_v1
X3_pancreas_reference_lmatched_lo_c1_s12_9620a4ec,X3_pancreas_reference_lmatched_lo_c1_s12_82cc18c3,pancreas,reference,matched_lo,12,100,,16382,14409,nested_v1
X3_pancreas_reference_lmatched_hi_c1_s12_c517474e,X3_pancreas_reference_lmatched_hi_c1_s12_a8f472c5,pancreas,reference,matched_hi,12,100,,16382,14409,nested_v1
X3_pancreas_pooled_lmatched_lo_c1_s12_f5262d9c,X3_pancreas_pooled_lmatched_lo_c1_s12_65e75f81,pancreas,pooled,matched_lo,12,100,,16382,14409,nested_v1
X3_pancreas_pooled_lmatched_hi_c1_s12_af86ba1e,X3_pancreas_pooled_lmatched_hi_c1_s12_aaaa51cd,pancreas,pooled,matched_hi,12,100,,16382,14409,nested_v1
X3_pancreas_mmd_lmatched_lo_c1_s12_ecbe8c28,X3_pancreas_mmd_lmatched_lo_c1_s12_653a09bd,pancreas,mmd,matched_lo,12,100,,16382,14409,nested_v1
X3_pancreas_mmd_lmatched_hi_c1_s12_7c8dc865,X3_pancreas_mmd_lmatched_hi_c1_s12_13d2b4c2,pancreas,mmd,matched_hi,12,100,,16382,14409,nested_v1
